Title,URL
"Hello world!",https://search.studyinturkiye.com/?p=1
Home,https://search.studyinturkiye.com/
Results,https://search.studyinturkiye.com/results/
Apply,https://search.studyinturkiye.com/apply/
Universities,https://search.studyinturkiye.com/universities/
"Study Areas",https://search.studyinturkiye.com/study-areas/
University,https://search.studyinturkiye.com/university/
Country,https://search.studyinturkiye.com/country/
"Study in Turkey",https://search.studyinturkiye.com/country/study-in-turkey/
"Study in North Cyprus",https://search.studyinturkiye.com/country/study-in-north-cyprus/
"Master of Clinical Psychology (Non-Thesis) (Turkish)",https://search.studyinturkiye.com/sit-program/master-of-clinical-psychology-non-thesis-turkish/
"Master of Turkish Language and Literature (Thesis) (Turkish)",https://search.studyinturkiye.com/sit-program/master-of-turkish-language-and-literature-thesis-turkish/
"Master of Occupational Health and Safety (Non-Thesis) (Turkish)",https://search.studyinturkiye.com/sit-program/master-of-occupational-health-and-safety-non-thesis-turkish/
"Master of Management Information Systems (Thesis) (English)",https://search.studyinturkiye.com/sit-program/master-of-management-information-systems-thesis-english/
"Master of Cinema and Television (Thesis) (English)",https://search.studyinturkiye.com/sit-program/master-of-cinema-and-television-thesis-english/
"Master of Data Science (Non-Thesis) (Turkish)",https://search.studyinturkiye.com/sit-program/master-of-data-science-non-thesis-turkish/
"Master of Data Science (Thesis) (English)",https://search.studyinturkiye.com/sit-program/master-of-data-science-thesis-english/
"Master of Data Science (Thesis) (Turkish)",https://search.studyinturkiye.com/sit-program/master-of-data-science-thesis-turkish/
"Master Of Gastronomy and Culinary Arts (thesis) (Turkish)",https://search.studyinturkiye.com/sit-program/master-of-gastronomy-and-culinary-arts-thesis-turkish/
"Master Of Gastronomy and Culinary Arts (non-thesis) (Turkish)",https://search.studyinturkiye.com/sit-program/master-of-gastronomy-and-culinary-arts-non-thesis-turkish/
"Cyprus Aydin University",https://search.studyinturkiye.com/sit-university/cyprus-aydin-university/
"Urgench Medical University",https://search.studyinturkiye.com/sit-university/urgench-medical-university/
"Alanya University",https://search.studyinturkiye.com/sit-university/alanya-university/
"Antalya Bilim University",https://search.studyinturkiye.com/sit-university/antalya-bilim-university/
"Lokman Hekim University",https://search.studyinturkiye.com/sit-university/lokman-hekim-university/
"Ankara Medipol University",https://search.studyinturkiye.com/sit-university/ankara-medipol-university/
"OSTiM Technical University",https://search.studyinturkiye.com/sit-university/ostim-technical-university/
"TED University",https://search.studyinturkiye.com/sit-university/ted-university/
"Istanbul Atlas University",https://search.studyinturkiye.com/sit-university/istanbul-atlas-university/
"Istanbul Galata University",https://search.studyinturkiye.com/sit-university/istanbul-galata-university/
"Halic University",https://search.studyinturkiye.com/sit-university/halic-university/
"Fenerbahce University",https://search.studyinturkiye.com/sit-university/fenerbahce-university/
"Istanbul Ticaret University",https://search.studyinturkiye.com/sit-university/istanbul-ticaret-university/
"Istanbul Bilgi University",https://search.studyinturkiye.com/sit-university/istanbul-bilgi-university/
"Beykoz University",https://search.studyinturkiye.com/sit-university/beykoz-university/
"Istanbul Kent University",https://search.studyinturkiye.com/sit-university/istanbul-kent-university/
"Istanbul Yeni Yuzyil University",https://search.studyinturkiye.com/sit-university/istanbul-yeni-yuzyil-university/
"Sabanci University",https://search.studyinturkiye.com/sit-university/sabanci-university/
"Istanbul Nisantasi University",https://search.studyinturkiye.com/sit-university/istanbul-nisantasi-university/
"Istanbul Aydin University",https://search.studyinturkiye.com/sit-university/istanbul-aydin-university/
"Kadir Has University",https://search.studyinturkiye.com/sit-university/kadir-has-university/
"Uskudar University",https://search.studyinturkiye.com/sit-university/uskudar-university/
"Ozyegin University",https://search.studyinturkiye.com/sit-university/ozyegin-university/
"Final International University",https://search.studyinturkiye.com/sit-university/final-international-university/
"Eastern Mediterranean University",https://search.studyinturkiye.com/sit-university/eastern-mediterranean-university/
"Cyprus International University",https://search.studyinturkiye.com/sit-university/cyprus-international-university/
"Bahcesehir Cyprus University",https://search.studyinturkiye.com/sit-university/bahcesehir-cyprus-university/
"Near East University",https://search.studyinturkiye.com/sit-university/near-east-university/
"Beni-Suef University",https://search.studyinturkiye.com/sit-university/beni-suef-university/
"Istinye University",https://search.studyinturkiye.com/sit-university/istinye-university/
"Altinbas University",https://search.studyinturkiye.com/sit-university/altinbas-university/
"Beykent University",https://search.studyinturkiye.com/sit-university/beykent-university/
"Isik University",https://search.studyinturkiye.com/sit-university/isik-university/
"Istanbul Medipol University",https://search.studyinturkiye.com/sit-university/istanbul-medipol-university/
"Bahcesehir Istanbul University",https://search.studyinturkiye.com/sit-university/bahcesehir-istanbul-university/
"Istanbul Kultur University",https://search.studyinturkiye.com/sit-university/istanbul-kultur-university/
"Istanbul Gelisim University",https://search.studyinturkiye.com/sit-university/istanbul-gelisim-university/
"Istanbul Okan University",https://search.studyinturkiye.com/sit-university/istanbul-okan-university/
"Master of Cyber Security (Non-Thesis) (English)",https://search.studyinturkiye.com/sit-program/master-of-cyber-security-non-thesis-english/
"Master of Cyber Security (Thesis) (English)",https://search.studyinturkiye.com/sit-program/master-of-cyber-security-thesis-english/
"Bachelor of Architecture (Turkish)",https://search.studyinturkiye.com/sit-program/bachelor-of-architecture-turkish/
"Associate of Cooking (Turkish)",https://search.studyinturkiye.com/sit-program/associate-of-cooking-turkish/
"Bachelor of International Trade and Business (English)",https://search.studyinturkiye.com/sit-program/bachelor-of-international-trade-and-business-english/
"Bachelor of Business Administration (English)",https://search.studyinturkiye.com/sit-program/bachelor-of-business-administration-english/
"Bachelor of Business Administration (Turkish)",https://search.studyinturkiye.com/sit-program/bachelor-of-business-administration-turkish/
"Associate of Production Quality Control (Turkish)",https://search.studyinturkiye.com/sit-program/associate-of-production-quality-control-turkish/
"Associate of Logistics (Turkish)",https://search.studyinturkiye.com/sit-program/associate-of-logistics-turkish/
"Associate of E-Commerce and Marketing (Turkish)",https://search.studyinturkiye.com/sit-program/associate-of-e-commerce-and-marketing-turkish/
"Associate of Weapons Industry Technician (Turkish)",https://search.studyinturkiye.com/sit-program/associate-of-weapons-industry-technician-turkish/
"Associate of Machinery (Turkish)",https://search.studyinturkiye.com/sit-program/associate-of-machinery-turkish/
"Associate of Mechatronics (Turkish)",https://search.studyinturkiye.com/sit-program/associate-of-mechatronics-turkish/
"Associate of Electronics Technology (Turkish)",https://search.studyinturkiye.com/sit-program/associate-of-electronics-technology-turkish/
"Associate of Biomedical Device Technology (Turkish)",https://search.studyinturkiye.com/sit-program/associate-of-biomedical-device-technology-turkish/
"Associate of Hybrid and Electric Marine Vehicles Technology (Turkish)",https://search.studyinturkiye.com/sit-program/associate-of-hybrid-and-electric-marine-vehicles-technology-turkish/
"Associate of Electric (Turkish)",https://search.studyinturkiye.com/sit-program/associate-of-electric-turkish/
"Associate of Information Security Technology (Turkish)",https://search.studyinturkiye.com/sit-program/associate-of-information-security-technology-turkish/
"Associate of Computer Programming (Turkish)",https://search.studyinturkiye.com/sit-program/associate-of-computer-programming-turkish/
"Master of Architecture (Thesis) (Turkish)",https://search.studyinturkiye.com/sit-program/master-of-architecture-thesis-turkish/
"Master of Mechanical Engineering (Thesis) (English)",https://search.studyinturkiye.com/sit-program/master-of-mechanical-engineering-thesis-english/
"Bachelor Of Aeronautical and Aerospace Engineering (English)",https://search.studyinturkiye.com/sit-program/bachelor-of-aeronautical-and-aerospace-engineering-english/
"Bachelor of Interior Architecture and Environmental Design (Turkish)",https://search.studyinturkiye.com/sit-program/bachelor-of-interior-architecture-and-environmental-design-turkish/
"Bachelor of Industrial Design (Turkish)",https://search.studyinturkiye.com/sit-program/bachelor-of-industrial-design-turkish/
"Bachelor of Management Information Systems (Turkish)",https://search.studyinturkiye.com/sit-program/bachelor-of-management-information-systems-turkish/
"Bachelor of Management Information Systems (English)",https://search.studyinturkiye.com/sit-program/bachelor-of-management-information-systems-english/
"Bachelor of International Trade and Finance (English)",https://search.studyinturkiye.com/sit-program/bachelor-of-international-trade-and-finance-english/
"Bachelor of Marketing (English)",https://search.studyinturkiye.com/sit-program/bachelor-of-marketing-english/
"Bachelor of Economics (English)",https://search.studyinturkiye.com/sit-program/bachelor-of-economics-english/
"Bachelor of Economics (English)",https://search.studyinturkiye.com/sit-program/bachelor-of-economics-english-2/
"Bachelor of Artificial Intelligence Engineering (Turkish)",https://search.studyinturkiye.com/sit-program/bachelor-of-artificial-intelligence-engineering-turkish/
"Bachelor of Software Engineering (Turkish)",https://search.studyinturkiye.com/sit-program/bachelor-of-software-engineering-turkish/
"Bachelor of Software Engineering (English)",https://search.studyinturkiye.com/sit-program/bachelor-of-software-engineering-english/
"Bachelor of Computer Engineering (Turkish)",https://search.studyinturkiye.com/sit-program/bachelor-of-computer-engineering-turkish/
"Bachelor of Computer Engineering (English)",https://search.studyinturkiye.com/sit-program/bachelor-of-computer-engineering-english/
"Bachelor of Nanotechnology Engineering (English)",https://search.studyinturkiye.com/sit-program/bachelor-of-nanotechnology-engineering-english/
"Bachelor of Mechanical Engineering (English)",https://search.studyinturkiye.com/sit-program/bachelor-of-mechanical-engineering-english/
"Bachelor of Industrial Engineering (Turkish)",https://search.studyinturkiye.com/sit-program/bachelor-of-industrial-engineering-turkish/
"Bachelor of Industrial Engineering (English)",https://search.studyinturkiye.com/sit-program/bachelor-of-industrial-engineering-english/
"Bachelor of Electrical and Electronics Engineering (Turkish)",https://search.studyinturkiye.com/sit-program/bachelor-of-electrical-and-electronics-engineering-turkish/
"Bachelor of Electrical and Electronics Engineering (English)",https://search.studyinturkiye.com/sit-program/bachelor-of-electrical-and-electronics-engineering-english/
"Master of International Commercial Law ( Non Thesis ) (Turkish)",https://search.studyinturkiye.com/sit-program/master-of-international-commercial-law-non-thesis-turkish/
"Master of Executive Business Administration (Thesis) (English)",https://search.studyinturkiye.com/sit-program/master-of-executive-business-administration-thesis-english/
"Bachelor of Audiology (Turkish)",https://search.studyinturkiye.com/sit-program/bachelor-of-audiology-turkish/
"Bachelor of Midwifery (Turkish)",https://search.studyinturkiye.com/sit-program/bachelor-of-midwifery-turkish/
"Bachelor of Child Development (Turkish)",https://search.studyinturkiye.com/sit-program/bachelor-of-child-development-turkish/
"Bachelor of Ergotherapy (Turkish)",https://search.studyinturkiye.com/sit-program/bachelor-of-ergotherapy-turkish/
"Bachelor of Nutrition and Dietetics (Turkish)",https://search.studyinturkiye.com/sit-program/bachelor-of-nutrition-and-dietetics-turkish/
"Bachelor of Speech and Language Therapy (English)",https://search.studyinturkiye.com/sit-program/bachelor-of-speech-and-language-therapy-english/
"Bachelor of Nursing (English)",https://search.studyinturkiye.com/sit-program/bachelor-of-nursing-english/
"Bachelor of Software Engineering (Turkish)",https://search.studyinturkiye.com/sit-program/bachelor-of-software-engineering-turkish-2/
"Bachelor of Electrical and Electronics Engineering (Turkish)",https://search.studyinturkiye.com/sit-program/bachelor-of-electrical-and-electronics-engineering-turkish-2/
"Bachelor of Interior Architecture (Turkish)",https://search.studyinturkiye.com/sit-program/bachelor-of-interior-architecture-turkish/
"Bachelor of Molecular Biology and Genetics (English)",https://search.studyinturkiye.com/sit-program/bachelor-of-molecular-biology-and-genetics-english/
"Bachelor of Biomedical Engineering (English)",https://search.studyinturkiye.com/sit-program/bachelor-of-biomedical-engineering-english/
"Bachelor of Computer Engineering (English)",https://search.studyinturkiye.com/sit-program/bachelor-of-computer-engineering-english-2/
"Bachelor of Special Education Teaching (Turkish)",https://search.studyinturkiye.com/sit-program/bachelor-of-special-education-teaching-turkish/
"Bachelor of Pre-School Teaching (Turkish)",https://search.studyinturkiye.com/sit-program/bachelor-of-pre-school-teaching-turkish/
"Bachelor of English Language Teacher Education (English)",https://search.studyinturkiye.com/sit-program/bachelor-of-english-language-teacher-education-english/
"Bachelor of Primary Mathematics Teaching (Turkish)",https://search.studyinturkiye.com/sit-program/bachelor-of-primary-mathematics-teaching-turkish/
"Bachelor of Pharmacy (English)",https://search.studyinturkiye.com/sit-program/bachelor-of-pharmacy-english/
"Bachelor of Dentistry (Turkish)",https://search.studyinturkiye.com/sit-program/bachelor-of-dentistry-turkish/
"Bachelor of Dentistry (English)",https://search.studyinturkiye.com/sit-program/bachelor-of-dentistry-english/
"Bachelor of Medicine (Turkish)",https://search.studyinturkiye.com/sit-program/bachelor-of-medicine-turkish/
"Bachelor of Medicine (English)",https://search.studyinturkiye.com/sit-program/bachelor-of-medicine-english/
"Bachelor Of Elderly care (Turkish)",https://search.studyinturkiye.com/sit-program/bachelor-of-elderly-care-turkish/
"Master of Structure (Non-Thesis) (Turkish)",https://search.studyinturkiye.com/sit-program/master-of-structure-non-thesis-turkish/
"Master Of Enviromental Design (Thesis) (Turkish)",https://search.studyinturkiye.com/sit-program/master-of-enviromental-design-thesis-turkish/
"Master of Pre-School Education (Thesis) (Turkish)",https://search.studyinturkiye.com/sit-program/master-of-pre-school-education-thesis-turkish/
"Master Of Educational Programs and Teaching (Non-Thesis ) (Turkish)",https://search.studyinturkiye.com/sit-program/master-of-educational-programs-and-teaching-non-thesis-turkish/
"Master Of Educational Programs and Teaching (Thesis ) (Turkish)",https://search.studyinturkiye.com/sit-program/master-of-educational-programs-and-teaching-thesis-turkish/
"Master of Guidance and Psychological Counseling (Thesis) (Turkish)",https://search.studyinturkiye.com/sit-program/master-of-guidance-and-psychological-counseling-thesis-turkish/
"Bachelor of Digital Game Design (English)",https://search.studyinturkiye.com/sit-program/bachelor-of-digital-game-design-english/
"Bachelor of Software Engineering (English)",https://search.studyinturkiye.com/sit-program/bachelor-of-software-engineering-english-2/
"Bachelor of Economics (English)",https://search.studyinturkiye.com/sit-program/bachelor-of-economics-english-3/
"Bachelor of Elementary Education (Turkish)",https://search.studyinturkiye.com/sit-program/bachelor-of-elementary-education-turkish/
"Master of Textile and Fashion Design (Non-Thesis) (Turkish)",https://search.studyinturkiye.com/sit-program/master-of-textile-and-fashion-design-non-thesis-turkish/
"Master of Textile and Fashion Design (Thesis) (Turkish)",https://search.studyinturkiye.com/sit-program/master-of-textile-and-fashion-design-thesis-turkish/
"Bachelor of Turkish Language and Literature (Turkish)",https://search.studyinturkiye.com/sit-program/bachelor-of-turkish-language-and-literature-turkish/
"Bachelor of English Translation and Interpretation (Combined EN/TR)",https://search.studyinturkiye.com/sit-program/bachelor-of-english-translation-and-interpretation-combined-en-tr/
"Associate of Tourism and Travel Services (Evening class) (Turkish)",https://search.studyinturkiye.com/sit-program/associate-of-tourism-and-travel-services-evening-class-turkish/
"Associate of Logistics (Evening class) (Turkish)",https://search.studyinturkiye.com/sit-program/associate-of-logistics-evening-class-turkish/
"Associate of Medical Imaging Technologies (Evening class) (Turkish)",https://search.studyinturkiye.com/sit-program/associate-of-medical-imaging-technologies-evening-class-turkish/
"Associate of First Aid and Emergency (Turkish) (evening class)",https://search.studyinturkiye.com/sit-program/associate-of-first-aid-and-emergency-turkish-evening-class/
"Associate of Anesthesia (Turkish)",https://search.studyinturkiye.com/sit-program/associate-of-anesthesia-turkish/
"Associate of Surgery Services (Evening class) (Turkish)",https://search.studyinturkiye.com/sit-program/associate-of-surgery-services-evening-class-turkish/
"Associate of Medical Documentation and Secretary (HALIC CAMPUS) (Turkish)",https://search.studyinturkiye.com/sit-program/associate-of-medical-documentation-and-secretary-halic-campus-turkish/
"Associate of First and Emergency Aid (HALIC CAMPUS) (Turkish)",https://search.studyinturkiye.com/sit-program/associate-of-first-and-emergency-aid-halic-campus-turkish/
"Associate of Dental Prosthesis Technology (HALIC CAMPUS)(Turkish)",https://search.studyinturkiye.com/sit-program/associate-of-dental-prosthesis-technology-halic-campusturkish/
"Bachelor of Civil Engineering (English)",https://search.studyinturkiye.com/sit-program/bachelor-of-civil-engineering-english/
"Master of Migration Studies (Non Thesis) (Turkish)",https://search.studyinturkiye.com/sit-program/master-of-migration-studies-non-thesis-turkish/
"Master of Migration Studies (Thesis) (Turkish)",https://search.studyinturkiye.com/sit-program/master-of-migration-studies-thesis-turkish/
"Master of Accounting and Auditing (Thesis) (Turkish)",https://search.studyinturkiye.com/sit-program/master-of-accounting-and-auditing-thesis-turkish/
"Master of Mechanical Engineering (Non-Thesis) (Turkish)",https://search.studyinturkiye.com/sit-program/master-of-mechanical-engineering-non-thesis-turkish/
"Master of Industrial Engineering (Non-Thesis) (Turkish)",https://search.studyinturkiye.com/sit-program/master-of-industrial-engineering-non-thesis-turkish/
"Master of History (Non-Thesis) (Turkish)",https://search.studyinturkiye.com/sit-program/master-of-history-non-thesis-turkish/
"Master of Guidance and Psychological Counseling (Non-Thesis) (Turkish)",https://search.studyinturkiye.com/sit-program/master-of-guidance-and-psychological-counseling-non-thesis-turkish/
"Master of Business Administration (Non-Thesis) (English)",https://search.studyinturkiye.com/sit-program/master-of-business-administration-non-thesis-english/
"Associate of Court Office Services (Turkish)",https://search.studyinturkiye.com/sit-program/associate-of-court-office-services-turkish/
"Master of Pre-School Education (Non-Thesis) (Turkish)",https://search.studyinturkiye.com/sit-program/master-of-pre-school-education-non-thesis-turkish/
"Master of Pre-School Education ( Thesis ) (Turkish)",https://search.studyinturkiye.com/sit-program/master-of-pre-school-education-thesis-turkish-2/
"Master of Aestetic Restorative ( Non -Thesis) (Turkish)",https://search.studyinturkiye.com/sit-program/master-of-aestetic-restorative-non-thesis-turkish/
"Master of Architecture (Non-Thesis) (English)",https://search.studyinturkiye.com/sit-program/master-of-architecture-non-thesis-english/
"Master of Painting ( Non -Thesis ) (Turkish)",https://search.studyinturkiye.com/sit-program/master-of-painting-non-thesis-turkish/
"Master of Marketing Communications (Non-Thesis) (Turkish)",https://search.studyinturkiye.com/sit-program/master-of-marketing-communications-non-thesis-turkish/
"Master of Marketing (Thesis) (English)",https://search.studyinturkiye.com/sit-program/master-of-marketing-thesis-english/
"Master of Computer Engineering (Thesis) (English)",https://search.studyinturkiye.com/sit-program/master-of-computer-engineering-thesis-english/
"Master of Education management (Thesis) (Turkish)",https://search.studyinturkiye.com/sit-program/master-of-education-management-thesis-turkish/
"Master of Tourism Management (Thesis) (English)",https://search.studyinturkiye.com/sit-program/master-of-tourism-management-thesis-english/
"Master of Banking and Finance (Thesis) (English)",https://search.studyinturkiye.com/sit-program/master-of-banking-and-finance-thesis-english/
"Master of Public Law (Thesis) (Turkish)",https://search.studyinturkiye.com/sit-program/master-of-public-law-thesis-turkish/
"Master of Nursing (Thesis) (Turkish)",https://search.studyinturkiye.com/sit-program/master-of-nursing-thesis-turkish/
"Master of Interior Architecture and Environmental Design (Non-Thesis) (Turkish)",https://search.studyinturkiye.com/sit-program/master-of-interior-architecture-and-environmental-design-non-thesis-turkish/
"Master of Interior Architecture and Environmental Design (Thesis) (Turkish)",https://search.studyinturkiye.com/sit-program/master-of-interior-architecture-and-environmental-design-thesis-turkish/
"PhD in Guidance and Psychological Counseling (Turkish)",https://search.studyinturkiye.com/sit-program/phd-in-guidance-and-psychological-counseling-turkish/
"PhD in Education Management (Turkish)",https://search.studyinturkiye.com/sit-program/phd-in-education-management-turkish/
"Bachelor of Gastronomy and Culinary Arts (Turkish)",https://search.studyinturkiye.com/sit-program/bachelor-of-gastronomy-and-culinary-arts-turkish/
"Bachelor of Tourism and Hotel Management (English)",https://search.studyinturkiye.com/sit-program/bachelor-of-tourism-and-hotel-management-english/
"Bachelor of Nursing (Turkish)",https://search.studyinturkiye.com/sit-program/bachelor-of-nursing-turkish/
"Bachelor of Interior Architecture and Environmental Design (Turkish)",https://search.studyinturkiye.com/sit-program/bachelor-of-interior-architecture-and-environmental-design-turkish-2/
"Bachelor of Architecture (English)",https://search.studyinturkiye.com/sit-program/bachelor-of-architecture-english/
"Bachelor of Civil Engineering (English)",https://search.studyinturkiye.com/sit-program/bachelor-of-civil-engineering-english-2/
"Bachelor of Information Security Engineering (English)",https://search.studyinturkiye.com/sit-program/bachelor-of-information-security-engineering-english/
"Bachelor of Computer Engineering (English)",https://search.studyinturkiye.com/sit-program/bachelor-of-computer-engineering-english-3/
"Bachelor of Mechatronics Engineering (English)",https://search.studyinturkiye.com/sit-program/bachelor-of-mechatronics-engineering-english/
"Bachelor of Electrical and Electronics Engineering (English)",https://search.studyinturkiye.com/sit-program/bachelor-of-electrical-and-electronics-engineering-english-2/
"Bachelor of Banking and Finance (English)",https://search.studyinturkiye.com/sit-program/bachelor-of-banking-and-finance-english/
"Bachelor of Civil Aviation Management (English)",https://search.studyinturkiye.com/sit-program/bachelor-of-civil-aviation-management-english/
"Bachelor of Political Science and Public Administration (English)",https://search.studyinturkiye.com/sit-program/bachelor-of-political-science-and-public-administration-english/
"Bachelor of International Relations (English)",https://search.studyinturkiye.com/sit-program/bachelor-of-international-relations-english/
"Bachelor of English Language Teaching (English)",https://search.studyinturkiye.com/sit-program/bachelor-of-english-language-teaching-english/
"Bachelor of Turkish Language Teaching (Turkish)",https://search.studyinturkiye.com/sit-program/bachelor-of-turkish-language-teaching-turkish/
"Associate of Tourist Guidance (English)",https://search.studyinturkiye.com/sit-program/associate-of-tourist-guidance-english/
"Associate of Civil Aviation Cabin Services (Turkish)",https://search.studyinturkiye.com/sit-program/associate-of-civil-aviation-cabin-services-turkish/
"Associate of Physiotherapy (Turkish)",https://search.studyinturkiye.com/sit-program/associate-of-physiotherapy-turkish/
"Associate of Culinary Arts (Turkish)",https://search.studyinturkiye.com/sit-program/associate-of-culinary-arts-turkish/
"Bachelor of Pharmacy (Turkish)",https://search.studyinturkiye.com/sit-program/bachelor-of-pharmacy-turkish/
"PhD in Dental Prosthesis Technology (Turkish)",https://search.studyinturkiye.com/sit-program/phd-in-dental-prosthesis-technology-turkish/
"Bachelor of Anthropology (English)",https://search.studyinturkiye.com/sit-program/bachelor-of-anthropology-english/
"Bachelor of Industrial Design (English)",https://search.studyinturkiye.com/sit-program/bachelor-of-industrial-design-english/
"PhD in Business Administration (Turkish)",https://search.studyinturkiye.com/sit-program/phd-in-business-administration-turkish/
"Master of Occupational Health and Safety (Non-Thesis) (Turkish)",https://search.studyinturkiye.com/sit-program/master-of-occupational-health-and-safety-non-thesis-turkish-2/
"Master of Global Politics and International Relations (Non-Thesis) (Turkish)",https://search.studyinturkiye.com/sit-program/master-of-global-politics-and-international-relations-non-thesis-turkish/
"Master of Clinical Psychology (Thesis) (Turkish)",https://search.studyinturkiye.com/sit-program/master-of-clinical-psychology-thesis-turkish/
"Master of Physiotherapy and Rehabilitation (Thesis) (Turkish)",https://search.studyinturkiye.com/sit-program/master-of-physiotherapy-and-rehabilitation-thesis-turkish/
"Master of Architecture (Thesis) (Turkish)",https://search.studyinturkiye.com/sit-program/master-of-architecture-thesis-turkish-2/
"Master of Private Law (Non-Thesis) (Turkish)",https://search.studyinturkiye.com/sit-program/master-of-private-law-non-thesis-turkish/
"Master of Private Law (Thesis) (Turkish)",https://search.studyinturkiye.com/sit-program/master-of-private-law-thesis-turkish/
"Master of Public Law (Non-Thesis) (Turkish)",https://search.studyinturkiye.com/sit-program/master-of-public-law-non-thesis-turkish/
"Master of Public Law (Thesis) (Turkish)",https://search.studyinturkiye.com/sit-program/master-of-public-law-thesis-turkish-2/
"Master of Cyber Security (Thesis) (Turkish)",https://search.studyinturkiye.com/sit-program/master-of-cyber-security-thesis-turkish/
"Master of Civil Engineering (Non-Thesis) (Turkish)",https://search.studyinturkiye.com/sit-program/master-of-civil-engineering-non-thesis-turkish/
"Master of Civil Engineering (Thesis) (Turkish)",https://search.studyinturkiye.com/sit-program/master-of-civil-engineering-thesis-turkish/
"Master of Business Administration (Non-Thesis) (Turkish)",https://search.studyinturkiye.com/sit-program/master-of-business-administration-non-thesis-turkish/
"Master of Business Administration (Thesis) (Turkish)",https://search.studyinturkiye.com/sit-program/master-of-business-administration-thesis-turkish/
"Master of Data Science (Non-Thesis) (English)",https://search.studyinturkiye.com/sit-program/master-of-data-science-non-thesis-english/
"Master of Cyber Security (Thesis) (English)",https://search.studyinturkiye.com/sit-program/master-of-cyber-security-thesis-english-2/
"Master of Civil Engineering (Thesis) (English)",https://search.studyinturkiye.com/sit-program/master-of-civil-engineering-thesis-english/
"Master of Electrical and Computer Engineering (Thesis) (English)",https://search.studyinturkiye.com/sit-program/master-of-electrical-and-computer-engineering-thesis-english/
"Master of Global Politics and International Relations (Thesis) (English)",https://search.studyinturkiye.com/sit-program/master-of-global-politics-and-international-relations-thesis-english/
"Master of Business Administration (Non-Thesis) (English)",https://search.studyinturkiye.com/sit-program/master-of-business-administration-non-thesis-english-2/
"Master of Business Administration (Thesis) (English)",https://search.studyinturkiye.com/sit-program/master-of-business-administration-thesis-english/
"Associate of Opticianry (Turkish)",https://search.studyinturkiye.com/sit-program/associate-of-opticianry-turkish/
"Associate of Dialysis (Turkish)",https://search.studyinturkiye.com/sit-program/associate-of-dialysis-turkish/
"Associate of Surgery Services (Turkish)",https://search.studyinturkiye.com/sit-program/associate-of-surgery-services-turkish/
"Associate of Anesthesia (Turkish)",https://search.studyinturkiye.com/sit-program/associate-of-anesthesia-turkish-2/
"Associate of Oral and Dental Health (Turkish)",https://search.studyinturkiye.com/sit-program/associate-of-oral-and-dental-health-turkish/
"Associate of Physiotherapy (Turkish)",https://search.studyinturkiye.com/sit-program/associate-of-physiotherapy-turkish-2/
"Associate of Medical Imaging Techniques (Turkish)",https://search.studyinturkiye.com/sit-program/associate-of-medical-imaging-techniques-turkish/
"Associate of Medical Laboratory Techniques (Turkish)",https://search.studyinturkiye.com/sit-program/associate-of-medical-laboratory-techniques-turkish/
"Associate of First Aid and Emergency (Turkish)",https://search.studyinturkiye.com/sit-program/associate-of-first-aid-and-emergency-turkish/
"Associate of Court Office Services (Turkish)",https://search.studyinturkiye.com/sit-program/associate-of-court-office-services-turkish-2/
"Associate of Construction Technology (Turkish)",https://search.studyinturkiye.com/sit-program/associate-of-construction-technology-turkish/
"Associate of Computer Programming (Turkish)",https://search.studyinturkiye.com/sit-program/associate-of-computer-programming-turkish-2/
"Associate of Cookery (Turkish)",https://search.studyinturkiye.com/sit-program/associate-of-cookery-turkish/
"Bachelor of Pilotage (Turkish)",https://search.studyinturkiye.com/sit-program/bachelor-of-pilotage-turkish/
"Bachelor of Nutrition and Dietetics (Turkish)",https://search.studyinturkiye.com/sit-program/bachelor-of-nutrition-and-dietetics-turkish-2/
"Bachelor of Midwifery (Turkish)",https://search.studyinturkiye.com/sit-program/bachelor-of-midwifery-turkish-2/
"Bachelor of Physiotherapy and Rehabilitation (Turkish)",https://search.studyinturkiye.com/sit-program/bachelor-of-physiotherapy-and-rehabilitation-turkish/
"Bachelor of Nursing (Turkish)",https://search.studyinturkiye.com/sit-program/bachelor-of-nursing-turkish-2/
"Bachelor of Law (English)",https://search.studyinturkiye.com/sit-program/bachelor-of-law-english/
"Bachelor of Psychology (English)",https://search.studyinturkiye.com/sit-program/bachelor-of-psychology-english/
"Bachelor of Political Science and International Relations (English)",https://search.studyinturkiye.com/sit-program/bachelor-of-political-science-and-international-relations-english/
"Bachelor of Business Administration (English)",https://search.studyinturkiye.com/sit-program/bachelor-of-business-administration-english-2/
"Bachelor of Economics (English)",https://search.studyinturkiye.com/sit-program/bachelor-of-economics-english-4/
"Bachelor of Gastronomy and Culinary Arts (English)",https://search.studyinturkiye.com/sit-program/bachelor-of-gastronomy-and-culinary-arts-english/
"Bachelor of Tourism Management (English)",https://search.studyinturkiye.com/sit-program/bachelor-of-tourism-management-english/
"Bachelor of Interior Architecture and Environmental Design (English)",https://search.studyinturkiye.com/sit-program/bachelor-of-interior-architecture-and-environmental-design-english/
"Bachelor of Architecture (English)",https://search.studyinturkiye.com/sit-program/bachelor-of-architecture-english-2/
"Bachelor of Civil Engineering (English)",https://search.studyinturkiye.com/sit-program/bachelor-of-civil-engineering-english-3/
"Bachelor of Mechanical Engineering (English)",https://search.studyinturkiye.com/sit-program/bachelor-of-mechanical-engineering-english-2/
"Bachelor of Industrial Engineering (English)",https://search.studyinturkiye.com/sit-program/bachelor-of-industrial-engineering-english-2/
"Bachelor of Electronic and Electrical Engineering (English)",https://search.studyinturkiye.com/sit-program/bachelor-of-electronic-and-electrical-engineering-english/
"Bachelor of Computer Engineering (English)",https://search.studyinturkiye.com/sit-program/bachelor-of-computer-engineering-english-4/
"Master of ATHLETE NUTRITION (Non Thesis) (Turkish)",https://search.studyinturkiye.com/sit-program/master-of-athlete-nutrition-non-thesis-turkish/
"Master of ATHLETE NUTRITION (Thesis) (Turkish)",https://search.studyinturkiye.com/sit-program/master-of-athlete-nutrition-thesis-turkish/
"Master of Civil Engineering (Thesis) (English)",https://search.studyinturkiye.com/sit-program/master-of-civil-engineering-thesis-english-2/
"Master of LOCAL GOVERMENTS AND DECENTRALIZATION (Thesis) (Turkish)",https://search.studyinturkiye.com/sit-program/master-of-local-goverments-and-decentralization-thesis-turkish/
"Master of LOCAL GOVERMENTS AND DECENTRALIZATION (Thesis) (Turkish)",https://search.studyinturkiye.com/sit-program/master-of-local-goverments-and-decentralization-thesis-turkish-2/
"Master of Project Management (Non-Thesis) (Turkish)",https://search.studyinturkiye.com/sit-program/master-of-project-management-non-thesis-turkish/
"Master of Project Management (Non-Thesis) (English)",https://search.studyinturkiye.com/sit-program/master-of-project-management-non-thesis-english/
"Master of Entrepreneurship and Innovation Management (Thesis) (English)",https://search.studyinturkiye.com/sit-program/master-of-entrepreneurship-and-innovation-management-thesis-english/
"Master of Education management (Thesis) (Turkish)",https://search.studyinturkiye.com/sit-program/master-of-education-management-thesis-turkish-2/
"Master of Education management (Non-Thesis) (Turkish)",https://search.studyinturkiye.com/sit-program/master-of-education-management-non-thesis-turkish/
"Master of International Economics (Non-Thesis) (English)",https://search.studyinturkiye.com/sit-program/master-of-international-economics-non-thesis-english/
"Bachelor of Translation and Interpretation (Russian)",https://search.studyinturkiye.com/sit-program/bachelor-of-translation-and-interpretation-russian/
"Bachelor of Teacher Training (Arabic)",https://search.studyinturkiye.com/sit-program/bachelor-of-teacher-training-arabic/
"Bachelor of Guidance and Psychology Counseling",https://search.studyinturkiye.com/sit-program/bachelor-of-guidance-and-psychology-counseling/
"Bachelor of Special Education Teacher (Turkish)",https://search.studyinturkiye.com/sit-program/bachelor-of-special-education-teacher-turkish/
"Bachelor of Teacher Training at Pre-School Level (Turkish)",https://search.studyinturkiye.com/sit-program/bachelor-of-teacher-training-at-pre-school-level-turkish/
"Bachelor of Teacher Training (Arabic)",https://search.studyinturkiye.com/sit-program/bachelor-of-teacher-training-arabic-2/
"Teacher Training in Mathematics at Primary School Level (Turkish)",https://search.studyinturkiye.com/sit-program/teacher-training-in-mathematics-at-primary-school-level-turkish/
"Bachelor of Teacher Training (Arabic)",https://search.studyinturkiye.com/sit-program/bachelor-of-teacher-training-arabic-3/
"PhD in Business Administration (English)",https://search.studyinturkiye.com/sit-program/phd-in-business-administration-english/
"Bachelor of Dentistry (Turkish)",https://search.studyinturkiye.com/sit-program/bachelor-of-dentistry-turkish-2/
"Bachelor of Film and Television (English)",https://search.studyinturkiye.com/sit-program/bachelor-of-film-and-television-english/
"Master of Organizational Behavior (Thesis) (Turkish)",https://search.studyinturkiye.com/sit-program/master-of-organizational-behavior-management-thesis-turkish/
"Master of Organizational Behavior (Non Thesis) (Turkish)",https://search.studyinturkiye.com/sit-program/master-of-organizational-behavior-management-non-thesis-turkish/
"Master of Sports Sciences (Non-Thesis) (Turkish)",https://search.studyinturkiye.com/sit-program/master-of-sports-sciences-non-thesis-turkish/
"Bachelor of Physiotherapy and Rehabilitation (Turkish)",https://search.studyinturkiye.com/sit-program/bachelor-of-physiotherapy-and-rehabilitation-turkish-2/
"Master of Mechanical Engineering (Thesis) (Turkish)",https://search.studyinturkiye.com/sit-program/master-of-mechanical-engineering-thesis-turkish/
"Master of Electrical and Electronics Engineering (Thesis) (English)",https://search.studyinturkiye.com/sit-program/master-of-electrical-and-electronics-engineering-thesis-english/
"Master of Computer Engineering (Thesis) (English)",https://search.studyinturkiye.com/sit-program/master-of-computer-engineering-thesis-english-2/
"Master of Software Engineering (Thesis) (Turkish)",https://search.studyinturkiye.com/sit-program/master-of-software-engineering-thesis-turkish/
"Master of Business Administration (Thesis) (Turkish)",https://search.studyinturkiye.com/sit-program/master-of-business-administration-thesis-turkish-2/
"Master of Industrial Policies and Technology Management (Thesis) (Turkish)",https://search.studyinturkiye.com/sit-program/master-of-industrial-policies-and-technology-management-thesis-turkish/
"Master of International Business Management (Thesis) (English)",https://search.studyinturkiye.com/sit-program/master-of-international-business-management-thesis-english/
"Master of Entrepreneurship (Non-Thesis) (Turkish)",https://search.studyinturkiye.com/sit-program/master-of-entrepreneurship-non-thesis-turkish/
"Master of International Business Management (Distance Education) (Non-Thesis) (English)",https://search.studyinturkiye.com/sit-program/master-of-international-business-management-distance-education-non-thesis-english/
"Bachelor of Petroleum & Mining Geology (English)",https://search.studyinturkiye.com/sit-program/bachelor-of-petroleum-mining-geology-english/
"Bachelor of Graphic Information Technology (GU_ASU dual degree program) (English)",https://search.studyinturkiye.com/sit-program/bachelor-of-graphic-information-technology-gu_asu-dual-degree-program-english/
"Bachelor of Information Technology (GU_ASU dual degree program) (English)",https://search.studyinturkiye.com/sit-program/bachelor-of-information-technology-gu_asu-dual-degree-program-english/
"Bachelor of SPORTS BUSINESS PROGRAM (GU_ASU dual degree program) (English)",https://search.studyinturkiye.com/sit-program/bachelor-of-sports-business-program-gu_asu-dual-degree-program-english/
"Bachelor of Electrical Engineering (GU-ASU Dual Degree Program) (English)",https://search.studyinturkiye.com/sit-program/bachelor-of-electrical-engineering-gu-asu-dual-degree-program-english/
"Bachelor of Software Engineering (GU_ASU dual degree program) (English)",https://search.studyinturkiye.com/sit-program/bachelor-of-software-engineering-gu_asu-dual-degree-program-english/
"Bachelor of Computer Information Systems program (GU_ASU dual degree program) (English)",https://search.studyinturkiye.com/sit-program/bachelor-of-computer-information-systems-program-gu_asu-dual-degree-program-english/
"Bachelor of Marketing program (GU_ASU dual degree program) (English)",https://search.studyinturkiye.com/sit-program/bachelor-of-marketing-program-gu_asu-dual-degree-program-english/
"Bachelor of Applied Japanese Language Program (English)",https://search.studyinturkiye.com/sit-program/bachelor-of-applied-japanese-language-program-english/
"Bachelor of Business Administration Program (GU_ASU dual degree program) (English)",https://search.studyinturkiye.com/sit-program/bachelor-of-business-administration-program-gu_asu-dual-degree-program-english/
"Bachelor of Technology of Prosthetic (Dentistry Program) (English)",https://search.studyinturkiye.com/sit-program/bachelor-of-technology-of-prosthetic-dentistry-program-english/
"Bachelor of Environmental Architecture & Building Technology Program (English)",https://search.studyinturkiye.com/sit-program/bachelor-of-environmental-architecture-building-technology-program-english/
"Bachelor of Mechatronics & industrial automation Program (English)",https://search.studyinturkiye.com/sit-program/bachelor-of-mechatronics-industrial-automation-program-english/
"Bachelor of Artificial Intelligence Science (English)",https://search.studyinturkiye.com/sit-program/bachelor-of-artificial-intelligence-science-english/
"Bachelor of Nano science & Technology (English)",https://search.studyinturkiye.com/sit-program/bachelor-of-nano-science-technology-english/
"Bachelor of Architectural Design (English)",https://search.studyinturkiye.com/sit-program/bachelor-of-architectural-design-english/
"Bachelor of Economics and Political Science (English)",https://search.studyinturkiye.com/sit-program/bachelor-of-economics-and-political-science-english/
"Bachelor of Television Production (English)",https://search.studyinturkiye.com/sit-program/bachelor-of-television-production-english/
"Bachelor of Construction Engineering (English)",https://search.studyinturkiye.com/sit-program/bachelor-of-construction-engineering-english/
"Bachelor of Graphic Information Technology (English)",https://search.studyinturkiye.com/sit-program/bachelor-of-graphic-information-technology-english/
"Bachelor of Biomedical Informatics (English)",https://search.studyinturkiye.com/sit-program/bachelor-of-biomedical-informatics-english/
"Bachelor of Logistics and Supply Chain Management (English)",https://search.studyinturkiye.com/sit-program/bachelor-of-logistics-and-supply-chain-management-english/
"Bachelor of Hotel and Restaurant Management (English)",https://search.studyinturkiye.com/sit-program/bachelor-of-hotel-and-restaurant-management-english/
"Bachelor of Medicine & Surgery (English)",https://search.studyinturkiye.com/sit-program/bachelor-of-medicine-surgery-english/
"Bachelor of Sports Business (English)",https://search.studyinturkiye.com/sit-program/bachelor-of-sports-business-english/
"Bachelor of Molecular Biology (English)",https://search.studyinturkiye.com/sit-program/bachelor-of-molecular-biology-english/
"Bachelor of Medical Laboratory Science (English)",https://search.studyinturkiye.com/sit-program/bachelor-of-medical-laboratory-science-english/
"Bachelor of Radiologic Sciences (English)",https://search.studyinturkiye.com/sit-program/bachelor-of-radiologic-sciences-english/
"Bachelor of Pharmacy (D. Pharm.) (English)",https://search.studyinturkiye.com/sit-program/bachelor-of-pharmacy-d-pharm-english/
"Bachelor of Textile and Fashion Design (English)",https://search.studyinturkiye.com/sit-program/bachelor-of-textile-and-fashion-design-english/
"Bachelor of Prosthetics and Orthotics (English)",https://search.studyinturkiye.com/sit-program/bachelor-of-prosthetics-and-orthotics-english/
"Bachelor of Physiotherapy and Rehabilitation (English)",https://search.studyinturkiye.com/sit-program/bachelor-of-physiotherapy-and-rehabilitation-english/
"Bachelor of Nursing (English)",https://search.studyinturkiye.com/sit-program/bachelor-of-nursing-english-2/
"Bachelor of Music (English)",https://search.studyinturkiye.com/sit-program/bachelor-of-music-english/
"Bachelor of Media and Visible Arts (English)",https://search.studyinturkiye.com/sit-program/bachelor-of-media-and-visible-arts-english/
"Bachelor of Manufacturing Engineering (English)",https://search.studyinturkiye.com/sit-program/bachelor-of-manufacturing-engineering-english/
"Bachelor of Interior Design (English)",https://search.studyinturkiye.com/sit-program/bachelor-of-interior-design-english/
"Bachelor of Interior Architecture (English)",https://search.studyinturkiye.com/sit-program/bachelor-of-interior-architecture-english/
"Bachelor of Artificial Intelligence Engineering (English)",https://search.studyinturkiye.com/sit-program/bachelor-of-artificial-intelligence-engineering-english/
"Bachelor of Information Technology (English)",https://search.studyinturkiye.com/sit-program/bachelor-of-information-technology-english/
"Bachelor of Graphic Design (English)",https://search.studyinturkiye.com/sit-program/bachelor-of-graphic-design-english/
"Bachelor of Dentistry (English)",https://search.studyinturkiye.com/sit-program/bachelor-of-dentistry-english-2/
"Bachelor of Computer Science (English)",https://search.studyinturkiye.com/sit-program/bachelor-of-computer-science-english/
"Bachelor of Computer Engineering (English)",https://search.studyinturkiye.com/sit-program/bachelor-of-computer-engineering-english-5/
"Bachelor of Business Information System (English)",https://search.studyinturkiye.com/sit-program/bachelor-of-business-information-system-english/
"Bachelor of Animation (English)",https://search.studyinturkiye.com/sit-program/bachelor-of-animation-english/
"Bachelor of Advertising (English)",https://search.studyinturkiye.com/sit-program/bachelor-of-advertising-english/
"Master of Surgical Diseases Nursing (Thesis) (Turkish)",https://search.studyinturkiye.com/sit-program/master-of-surgical-diseases-nursing-thesis-turkish/
"Master of Surgical Diseases Nursing (Non -Thesis) (Turkish)",https://search.studyinturkiye.com/sit-program/master-of-surgical-diseases-nursing-non-thesis-turkish/
"Master of Obstetrics and Gynecology Nursing (Non-Thesis) (Turkish)",https://search.studyinturkiye.com/sit-program/master-of-obstetrics-and-gynecology-nursing-non-thesis-turkish/
"Master of Obstetrics and Gynecology Nursing (Thesis) (Turkish)",https://search.studyinturkiye.com/sit-program/master-of-obstetrics-and-gynecology-nursing-thesis-turkish/
"Master of Midwifery (Thesis) (Turkish)",https://search.studyinturkiye.com/sit-program/master-of-midwifery-thesis-turkish/
"Master of Speech and Language Therapy (Thesis) (Turkish)",https://search.studyinturkiye.com/sit-program/master-of-speech-and-language-therapy-thesis-turkish/
"Master of Physiotherapy and Rehabilitation (Thesis) (Turkish)",https://search.studyinturkiye.com/sit-program/master-of-physiotherapy-and-rehabilitation-thesis-turkish-2/
"Master of Physiotherapy and Rehabilitation (Thesis) (English)",https://search.studyinturkiye.com/sit-program/master-of-physiotherapy-and-rehabilitation-thesis-english/
"Master Of Stem Cell and Tissue Engineering (Thesis) (Turkish)",https://search.studyinturkiye.com/sit-program/master-of-stem-cell-and-tissue-engineering-thesis-turkish/
"Master of NeuroScience (Thesis) (Turkish)",https://search.studyinturkiye.com/sit-program/master-of-neuroscience-thesis-turkish/
"Master of Cancer Biology and Pharmacology (Thesis) (Turkish)",https://search.studyinturkiye.com/sit-program/master-of-cancer-biology-and-pharmacology-thesis-turkish/
"Master of Medical Biology and Genetics (Thesis) (Turkish)",https://search.studyinturkiye.com/sit-program/master-of-medical-biology-and-genetics-thesis-turkish/
"Master of Nutrition and Dietetics (Thesis) (Turkish)",https://search.studyinturkiye.com/sit-program/master-of-nutrition-and-dietetics-thesis-turkish/
"Master of Nutrition and Dietetics (Non-Thesis) (Turkish)",https://search.studyinturkiye.com/sit-program/master-of-nutrition-and-dietetics-non-thesis-turkish/
"Master of Sports Physiotherapy (Thesis) (Turkish)",https://search.studyinturkiye.com/sit-program/master-of-sports-physiotherapy-thesis-turkish/
"Master of Anatomy (Thesis) (Turkish)",https://search.studyinturkiye.com/sit-program/master-of-anatomy-thesis-turkish/
"Master of Artificial Intelligence Engineering (Thesis) (English)",https://search.studyinturkiye.com/sit-program/master-of-artificial-intelligence-engineering-thesis-english/
"Master of Architectural Design (Thesis) (English)",https://search.studyinturkiye.com/sit-program/master-of-architectural-design-thesis-english/
"Master of Architectural Design (Thesis) (Turkish)",https://search.studyinturkiye.com/sit-program/master-of-architectural-design-thesis-turkish/
"Master of Interior Architecture (Thesis) (Turkish)",https://search.studyinturkiye.com/sit-program/master-of-interior-architecture-thesis-turkish/
"Master of Computer Engineering (Thesis) (English)",https://search.studyinturkiye.com/sit-program/master-of-computer-engineering-thesis-english-3/
"Master of Computer Engineering (Non-Thesis) (English)",https://search.studyinturkiye.com/sit-program/master-of-computer-engineering-non-thesis-english/
"Master of Molecular Biology and Genetics (Thesis) (English)",https://search.studyinturkiye.com/sit-program/master-of-molecular-biology-and-genetics-thesis-english/
"PhD in Business Administration (Turkish)",https://search.studyinturkiye.com/sit-program/phd-in-business-administration-turkish-2/
"PhD in Health Management (Turkish)",https://search.studyinturkiye.com/sit-program/phd-in-health-management-turkish/
"PhD In Communication Sciences (Turkish)",https://search.studyinturkiye.com/sit-program/phd-in-communication-sciences-turkish/
"PhD in Obstetrics and Gynecology Nursing (Turkish)",https://search.studyinturkiye.com/sit-program/phd-in-obstetrics-and-gynecology-nursing-turkish/
"PhD In Midwifery (Turkish)",https://search.studyinturkiye.com/sit-program/phd-in-midwifery-turkish/
"PhD in Pharmaceutical Chemistry (Turkish)",https://search.studyinturkiye.com/sit-program/phd-in-pharmaceutical-chemistry-turkish/
"PhD in Speech and Language Therapy (Turkish)",https://search.studyinturkiye.com/sit-program/phd-in-speech-and-language-therapy-turkish/
"PhD in Physiotherapy and Rehabilitation (Turkish)",https://search.studyinturkiye.com/sit-program/phd-in-physiotherapy-and-rehabilitation-turkish/
"PhD In Stem Cell and Tissue Engineering (Turkish)",https://search.studyinturkiye.com/sit-program/phd-in-stem-cell-and-tissue-engineering-turkish/
"PhD in Neuroscience (Turkish)",https://search.studyinturkiye.com/sit-program/phd-in-neuroscience-turkish/
"PhD In Medical Biology and Genetics (Turkish)",https://search.studyinturkiye.com/sit-program/phd-in-medical-biology-and-genetics-turkish/
"PhD in Nutrition and Dietetics (Turkish)",https://search.studyinturkiye.com/sit-program/phd-in-nutrition-and-dietetics-turkish/
"PhD In Molecular Oncology (Turkish)",https://search.studyinturkiye.com/sit-program/phd-in-molecular-oncology-turkish/
"PhD In Histology and Embryology (Turkish)",https://search.studyinturkiye.com/sit-program/phd-in-histology-and-embryology-turkish/
"Phd in Clinical Anatomy (Turkish)",https://search.studyinturkiye.com/sit-program/phd-in-clinical-anatomy-turkish/
"PhD in Chemistry (English)",https://search.studyinturkiye.com/sit-program/phd-in-chemistry-english/
"PhD in Physics (English)",https://search.studyinturkiye.com/sit-program/phd-in-physics-english/
"PhD in Architecture (Turkish)",https://search.studyinturkiye.com/sit-program/phd-in-architecture-turkish/
"Bachelor of Pilotage (English)",https://search.studyinturkiye.com/sit-program/bachelor-of-pilotage-english/
"Master of Business Administration (Thesis) ( English )",https://search.studyinturkiye.com/sit-program/master-of-business-administration-thesis-english-2/
"Master of Business Administration (Non-Thesis) (English)",https://search.studyinturkiye.com/sit-program/master-of-business-administration-non-thesis-english-3/
"Master of Business Administration (Thesis) (Turkish)",https://search.studyinturkiye.com/sit-program/master-of-business-administration-thesis-turkish-3/
"Master of Business Administration (Non-Thesis) (Turkish )",https://search.studyinturkiye.com/sit-program/master-of-business-administration-non-thesis-turkish-2/
"Master of Political Science and International Relations (Thesis) ( English )",https://search.studyinturkiye.com/sit-program/master-of-political-science-and-international-relations-thesis-english/
"Master of Political Science and International Relations (Non-Thesis) ( English )",https://search.studyinturkiye.com/sit-program/master-of-political-science-and-international-relations-non-thesis-english/
"Master of Sports Science (Non-Thesis)Turkish",https://search.studyinturkiye.com/sit-program/master-of-sports-science-non-thesisturkish/
"Master of Sports Sciences (Thesis) ( Turkish )",https://search.studyinturkiye.com/sit-program/master-of-sports-sciences-thesisturkish/
"Master of Clinical Pharmacy (Non-Thesis) ( Turkish )",https://search.studyinturkiye.com/sit-program/master-of-clinical-pharmacy-non-thesis-turkish/
"Master of Internal Diseases Nursing (Thesis) (Turkish )",https://search.studyinturkiye.com/sit-program/master-of-internal-diseases-nursing-thesis-turkish/
"PhD in Business Administration (Turkish)",https://search.studyinturkiye.com/sit-program/phd-in-business-administration-turkish-3/
"PhD in Sports Sciences (Turkish)",https://search.studyinturkiye.com/sit-program/phd-in-sports-sciences-turkish/
"Bachelor of Basic Sciences engineering (English)",https://search.studyinturkiye.com/sit-program/bachelor-of-basic-sciences-engineering-english/
"Bachelor of medical physiology (English)",https://search.studyinturkiye.com/sit-program/bachelor-of-medical-physiology-english/
"Bachelor of Clinical pharmacology (English)",https://search.studyinturkiye.com/sit-program/bachelor-of-clinical-pharmacology-english/
"Bachelor of Parasites (English)",https://search.studyinturkiye.com/sit-program/bachelor-of-parasites-english/
"Bachelor of Ear, nose and throat (English)",https://search.studyinturkiye.com/sit-program/bachelor-of-ear-nose-and-throat-english/
"Bachelor of Ophthalmology (English)",https://search.studyinturkiye.com/sit-program/bachelor-of-ophthalmology-english/
"Bachelor of Obstetrics and gynecology (English)",https://search.studyinturkiye.com/sit-program/bachelor-of-obstetrics-and-gynecology-english/
"Bachelor of Microbiology (bacteria and immunity) (English)",https://search.studyinturkiye.com/sit-program/bachelor-of-microbiology-bacteria-and-immunity-english/
"Bachelor of Histology (English)",https://search.studyinturkiye.com/sit-program/bachelor-of-histology-english/
"Bachelor of General surgery and its branches (English)",https://search.studyinturkiye.com/sit-program/bachelor-of-general-surgery-and-its-branches-english/
"Bachelor of General internal medicine and its branches (English)",https://search.studyinturkiye.com/sit-program/bachelor-of-general-internal-medicine-and-its-branches-english/
"Bachelor of Forensic medicine and clinical toxicology (English)",https://search.studyinturkiye.com/sit-program/bachelor-of-forensic-medicine-and-clinical-toxicology-english/
"Bachelor of Community, environmental and family medicine (English)",https://search.studyinturkiye.com/sit-program/bachelor-of-community-environmental-and-family-medicine-english/
"Bachelor of Human anatomy and embryology (English)",https://search.studyinturkiye.com/sit-program/bachelor-of-human-anatomy-and-embryology-english/
"Bachelor of archaeology and tourist guidance (English)",https://search.studyinturkiye.com/sit-program/bachelor-of-archaeology-and-tourist-guidance-english/
"Bachelor of Business administration ,Economics ,Information system (English)",https://search.studyinturkiye.com/sit-program/bachelor-of-business-administration-economics-information-system-english/
"Bachelor of Business administration ,Economics ,Information system (Arabic)",https://search.studyinturkiye.com/sit-program/bachelor-of-business-administration-economics-information-system-arabic/
"Bachelor of information technology and artificial intelligence (English)",https://search.studyinturkiye.com/sit-program/bachelor-of-information-technology-and-artificial-intelligence-english/
"Bachelor Of Applied Health and sciences technology (English)",https://search.studyinturkiye.com/sit-program/bachelor-of-applied-health-and-sciences-technology-english/
"Bachelor of Special Education (English)",https://search.studyinturkiye.com/sit-program/bachelor-of-special-education-english/
"Bachelor of Mechatronic Engineering (English)",https://search.studyinturkiye.com/sit-program/bachelor-of-mechatronic-engineering-english/
"Bachelor of Electrical Power Engineering (English)",https://search.studyinturkiye.com/sit-program/bachelor-of-electrical-power-engineering-english/
"Master of Pediatric Dentistry (English)",https://search.studyinturkiye.com/sit-program/master-of-pediatric-dentistry-english/
"Bachelor of Medical Biochemistry (English)",https://search.studyinturkiye.com/sit-program/bachelor-of-medical-biochemistry-english/
"Bachelor of Construction Engineering (English)",https://search.studyinturkiye.com/sit-program/bachelor-of-construction-engineering-english-2/
"Bachelor of Pathology (English)",https://search.studyinturkiye.com/sit-program/bachelor-of-pathology-english/
"Bachelor of Pharmaceutical Sciences (English)",https://search.studyinturkiye.com/sit-program/bachelor-of-pharmaceutical-sciences-english/
"Bachelor of Physical Therapy (English)",https://search.studyinturkiye.com/sit-program/bachelor-of-physical-therapy-english/
"Bachelor of Foreign Languages (English)",https://search.studyinturkiye.com/sit-program/bachelor-of-foreign-languages-english/
"Bachelor of Engineering (English)",https://search.studyinturkiye.com/sit-program/bachelor-of-engineering-english/
"Bachelor of Tourism Hotel Management (English)",https://search.studyinturkiye.com/sit-program/bachelor-of-tourism-hotel-management-english/
"Bachelor of Software Engineering (English)",https://search.studyinturkiye.com/sit-program/bachelor-of-software-engineering-english-3/
"Bachelor of Nursing (English)",https://search.studyinturkiye.com/sit-program/bachelor-of-nursing-english-3/
"Bachelor of Medicine (English)",https://search.studyinturkiye.com/sit-program/bachelor-of-medicine-english-2/
"Bachelor of Mechanical Engineering (English)",https://search.studyinturkiye.com/sit-program/bachelor-of-mechanical-engineering-english-3/
"Bachelor of Mass Communication (Arabic)",https://search.studyinturkiye.com/sit-program/bachelor-of-mass-communication-arabic/
"Bachelor of Mass Communication (English)",https://search.studyinturkiye.com/sit-program/bachelor-of-mass-communication-english/
"Bachelor of Industrial and System Engineering (English)",https://search.studyinturkiye.com/sit-program/bachelor-of-industrial-and-system-engineering-english/
"Bachelor of Dentistry (English)",https://search.studyinturkiye.com/sit-program/bachelor-of-dentistry-english-3/
"Bachelor of Communication and Electronic Engineering (English)",https://search.studyinturkiye.com/sit-program/bachelor-of-communication-and-electronic-engineering-english/
"Bachelor of BioTechnology (English)",https://search.studyinturkiye.com/sit-program/bachelor-of-biotechnology-english/
"Bachelor of Biomedical Engineering (English)",https://search.studyinturkiye.com/sit-program/bachelor-of-biomedical-engineering-english-2/
"Bachelor of Architecture (English)",https://search.studyinturkiye.com/sit-program/bachelor-of-architecture-english-3/
"Bachelor of Communication Studies (English)",https://search.studyinturkiye.com/sit-program/bachelor-of-communication-studies-english/
"Associate of MOUTH AND DENTAL HEALTH ( Turkish)",https://search.studyinturkiye.com/sit-program/associate-of-mouth-and-dental-health-turkish/
"Associate of Opticianry (Turkish)",https://search.studyinturkiye.com/sit-program/associate-of-opticianry-turkish-2/
"Associate of Pharmacy Services (Turkish)",https://search.studyinturkiye.com/sit-program/associate-of-pharmacy-services-turkish/
"Associate of Operating Room Services (Turkish)",https://search.studyinturkiye.com/sit-program/associate-of-operating-room-services-turkish/
"Associate of Medical Imaging Techniques (Turkish)",https://search.studyinturkiye.com/sit-program/associate-of-medical-imaging-techniques-turkish-2/
"Associate of First Aid and Emergency (Turkish)",https://search.studyinturkiye.com/sit-program/associate-of-first-aid-and-emergency-turkish-2/
"Associate of Elderly Care (Turkish)",https://search.studyinturkiye.com/sit-program/associate-of-elderly-care-turkish/
"Associate of Dialysis (Turkish)",https://search.studyinturkiye.com/sit-program/associate-of-dialysis-turkish-2/
"Associate of Dental Prosthesis Technology (Turkish)",https://search.studyinturkiye.com/sit-program/associate-of-dental-prosthesis-technology-turkish/
"Associate of Anesthesia (Turkish)",https://search.studyinturkiye.com/sit-program/associate-of-anesthesia-turkish-3/
"PhD in Obstetrics and Gynecology Nursing (Turkish)",https://search.studyinturkiye.com/sit-program/phd-in-obstetrics-and-gynecology-nursing-turkish-2/
"PhD in Traditional and Complementary Medicine (Turkish)",https://search.studyinturkiye.com/sit-program/phd-in-traditional-and-complementary-medicine-turkish/
"PhD in Medical Microbiology (Turkish)",https://search.studyinturkiye.com/sit-program/phd-in-medical-microbiology-turkish/
"PhD in Nutrition and Dietetics (Turkish)",https://search.studyinturkiye.com/sit-program/phd-in-nutrition-and-dietetics-turkish-2/
"PhD in Medical Biochemistry (Turkish)",https://search.studyinturkiye.com/sit-program/phd-in-medical-biochemistry-turkish/
"Master of Hospital Pharmacy (Non-Thesis) (Turkish)",https://search.studyinturkiye.com/sit-program/master-of-hospital-pharmacy-non-thesis-turkish/
"Master of Hospital Pharmacy (Thesis) (Turkish)",https://search.studyinturkiye.com/sit-program/master-of-hospital-pharmacy-thesis-turkish/
"Master of Psychiatric Nursing (Thesis) (Turkish)",https://search.studyinturkiye.com/sit-program/master-of-psychiatric-nursing-thesis-turkish/
"Master of Psychiatric Nursing (Non-Thesis) (Turkish)",https://search.studyinturkiye.com/sit-program/master-of-psychiatric-nursing-non-thesis-turkish/
"Master of Traditional and Complementary Medicine (Non-Thesis) (Turkish)",https://search.studyinturkiye.com/sit-program/master-of-traditional-and-complementary-medicine-non-thesis-turkish/
"Master of Traditional and Complementary Medicine (Thesis) (Turkish)",https://search.studyinturkiye.com/sit-program/master-of-traditional-and-complementary-medicine-thesis-turkish/
"Master of Physical Activity, Health and Sports Sciences (Non-Thesis) (Turkish)",https://search.studyinturkiye.com/sit-program/master-of-physical-activity-health-and-sports-sciences-non-thesis-turkish/
"Master of Physical Activity, Health and Sports Sciences (Thesis) (Turkish)",https://search.studyinturkiye.com/sit-program/master-of-physical-activity-health-and-sports-sciences-thesis-turkish/
"Master of Obstetrics and Gynecology Nursing (Non-Thesis) (Turkish)",https://search.studyinturkiye.com/sit-program/master-of-obstetrics-and-gynecology-nursing-non-thesis-turkish-2/
"Master of Obstetrics and Gynecology Nursing (Thesis) (Turkish)",https://search.studyinturkiye.com/sit-program/master-of-obstetrics-and-gynecology-nursing-thesis-turkish-2/
"Master of Pharmaceutical Research and Development Studies (Non-Thesis) (Turkish)",https://search.studyinturkiye.com/sit-program/master-of-pharmaceutical-research-and-development-studies-non-thesis-turkish/
"Master of Pharmaceutical Research and Development Studies (Thesis) (Turkish)",https://search.studyinturkiye.com/sit-program/master-of-pharmaceutical-research-and-development-studies-thesis-turkish/
"Master of Pharmaceutical Toxicology (Non-Thesis) (Turkish)",https://search.studyinturkiye.com/sit-program/master-of-pharmaceutical-toxicology-non-thesis-turkish/
"Master of Physiotherapy and Rehabilitation (Thesis) (Turkish)",https://search.studyinturkiye.com/sit-program/master-of-physiotherapy-and-rehabilitation-thesis-turkish-3/
"Master of Physiotherapy and Rehabilitation (Non-Thesis) (Turkish)",https://search.studyinturkiye.com/sit-program/master-of-physiotherapy-and-rehabilitation-non-thesis-turkish/
"Master of Pharmaceutical Technology (Thesis) (Turkish)",https://search.studyinturkiye.com/sit-program/master-of-pharmaceutical-technology-thesis-turkish/
"Master of Nutrition and Dietetics (Thesis) (Turkish)",https://search.studyinturkiye.com/sit-program/master-of-nutrition-and-dietetics-thesis-turkish-2/
"Master of Nutrition and Dietetics (Non-Thesis) (Turkish)",https://search.studyinturkiye.com/sit-program/master-of-nutrition-and-dietetics-non-thesis-turkish-2/
"Master of Medical Microbiology (Thesis) (Turkish)",https://search.studyinturkiye.com/sit-program/master-of-medical-microbiology-thesis-turkish/
"Master of Medical Microbiology (Non-Thesis) (Turkish)",https://search.studyinturkiye.com/sit-program/master-of-medical-microbiology-non-thesis-turkish/
"Master of Medical Biochemistry (Thesis) (Turkish)",https://search.studyinturkiye.com/sit-program/master-of-medical-biochemistry-thesis-turkish/
"Master of Medical Biochemistry (Non-Thesis) (Turkish)",https://search.studyinturkiye.com/sit-program/master-of-medical-biochemistry-non-thesis-turkish/
"Master of Histology and Embryology (Thesis) (Turkish)",https://search.studyinturkiye.com/sit-program/master-of-histology-and-embryology-thesis-turkish/
"Master of Histology and Embryology (Non-Thesis) (Turkish)",https://search.studyinturkiye.com/sit-program/master-of-histology-and-embryology-non-thesis-turkish/
"Master of Healthcare Management (Thesis) (Turkish)",https://search.studyinturkiye.com/sit-program/master-of-healthcare-management-thesis-turkish/
"Master of Healthcare Management (Non-Thesis) (Turkish)",https://search.studyinturkiye.com/sit-program/master-of-healthcare-management-non-thesis-turkish/
"Master of Analytical Chemistry (Thesis) (Turkish)",https://search.studyinturkiye.com/sit-program/master-of-analytical-chemistry-thesis-turkish/
"Master of Analytical Chemistry (Non-Thesis) (Turkish)",https://search.studyinturkiye.com/sit-program/master-of-analytical-chemistry-non-thesis-turkish/
"Bachelor of Sport Management (Turkish)",https://search.studyinturkiye.com/sit-program/bachelor-of-sport-management-turkish/
"Bachelor of Language And Speech Therapy (Turkish)",https://search.studyinturkiye.com/sit-program/bachelor-of-language-and-speech-therapy-turkish/
"Bachelor of Physiotherapy and Rehabilitation (Turkish)",https://search.studyinturkiye.com/sit-program/bachelor-of-physiotherapy-and-rehabilitation-turkish-3/
"Bachelor of Pharmacy (English)",https://search.studyinturkiye.com/sit-program/bachelor-of-pharmacy-english-2/
"Bachelor of Pharmacy (Turkish)",https://search.studyinturkiye.com/sit-program/bachelor-of-pharmacy-turkish-2/
"Bachelor of Occupational Therapy (Turkish)",https://search.studyinturkiye.com/sit-program/bachelor-of-occupational-therapy-turkish/
"Bachelor of Nutrition and Dietetics (Turkish)",https://search.studyinturkiye.com/sit-program/bachelor-of-nutrition-and-dietetics-turkish-3/
"Bachelor of Nursing (Turkish)",https://search.studyinturkiye.com/sit-program/bachelor-of-nursing-turkish-3/
"Bachelor of Midwifery (Turkish)",https://search.studyinturkiye.com/sit-program/bachelor-of-midwifery-turkish-3/
"Bachelor of Medicine (English)",https://search.studyinturkiye.com/sit-program/bachelor-of-medicine-english-3/
"Bachelor of Medicine (Turkish)",https://search.studyinturkiye.com/sit-program/bachelor-of-medicine-turkish-2/
"Bachelor of Dentistry (English)",https://search.studyinturkiye.com/sit-program/bachelor-of-dentistry-english-4/
"Bachelor of Dentistry (Turkish)",https://search.studyinturkiye.com/sit-program/bachelor-of-dentistry-turkish-3/
"Bachelor of Coaching (Turkish)",https://search.studyinturkiye.com/sit-program/bachelor-of-coaching-turkish/
"Bachelor of Audiology (Turkish)",https://search.studyinturkiye.com/sit-program/bachelor-of-audiology-turkish-2/
"English Language Preparatory Program (English)",https://search.studyinturkiye.com/sit-program/english-language-preparatory-program-english/
"Associate of Disinfection, Sterilization and AntisepsisTurkish",https://search.studyinturkiye.com/sit-program/associate-of-disinfection-sterilization-and-antisepsisturkish/
"Associate of Dental Prosthetics Technology (Turkish)",https://search.studyinturkiye.com/sit-program/associate-of-dental-prosthesis-technology-turkish-2/
"Associate of Information Security Technology (Turkish)",https://search.studyinturkiye.com/sit-program/associate-of-information-security-technology-turkish-2/
"Associate of Opticianry (Turkish)",https://search.studyinturkiye.com/sit-program/associate-of-opticianry-turkish-3/
"Associate of Medical Laboratory Techniques (Turkish )",https://search.studyinturkiye.com/sit-program/associate-of-medical-laboratory-techniquesturkish/
"Associate of Physiotherapy (Turkish)",https://search.studyinturkiye.com/sit-program/associate-of-physiotherapy-turkish-3/
"Associate of Oral and Dental Health (Turkish)",https://search.studyinturkiye.com/sit-program/associate-of-oral-and-dental-health-turkish-2/
"Associate of Operation Room Services (Turkish)",https://search.studyinturkiye.com/sit-program/associate-of-operation-room-services-turkish/
"Associate of Medical Imaging Techniques (Turkish)",https://search.studyinturkiye.com/sit-program/associate-of-medical-imaging-techniques-turkish-3/
"Associate of Interior Design (Turkish)",https://search.studyinturkiye.com/sit-program/associate-of-interior-design-turkish/
"Associate of First Aid and Emergency (Turkish)",https://search.studyinturkiye.com/sit-program/associate-of-first-aid-and-emergency-turkish-3/
"Associate of Dialysis (Turkish)",https://search.studyinturkiye.com/sit-program/associate-of-dialysis-turkish-3/
"Associate of Computer Programming (Turkish )",https://search.studyinturkiye.com/sit-program/associate-of-computer-programmingturkish/
"Associate of Anesthesia (Turkish)",https://search.studyinturkiye.com/sit-program/associate-of-anesthesia-turkish-4/
"PhD In Surgical Diseases Nursing (Turkish )",https://search.studyinturkiye.com/sit-program/phd-in-surgical-nursingturkish/
"PhD in Psychology (Turkish)",https://search.studyinturkiye.com/sit-program/phd-in-psychology-turkish/
"PhD in Computer Engineering (English)",https://search.studyinturkiye.com/sit-program/phd-in-computer-engineering-english/
"Master OF Medical Pharmacology (Thesis) (Turkish)",https://search.studyinturkiye.com/sit-program/master-of-medical-pharmacologythesis-turkish/
"Master of Electrical and Electronics Engineering (Thesis) (English)",https://search.studyinturkiye.com/sit-program/master-of-electrical-and-electronics-engineering-thesis-english-2/
"Master of Medical Biology and Genetics (Thesis) (Turkish)",https://search.studyinturkiye.com/sit-program/master-of-medical-biology-and-genetics-thesis-turkish-2/
"Master of Midwifery (Thesis) ( Turkish )",https://search.studyinturkiye.com/sit-program/master-of-midwifery-thesisturkish/
"Master of Midwifery (Non-Thesis) (Turkish )",https://search.studyinturkiye.com/sit-program/master-of-midwifery-non-thesisturkish/
"Master of Occupational Therapy ( Ergotherapy ) (Thesis) (Turkish )",https://search.studyinturkiye.com/sit-program/master-of-ergotherapy-thesisturkish/
"Master of Speech and Language Therapy (Thesis) (Turkish )",https://search.studyinturkiye.com/sit-program/master-of-speech-and-language-therapy-thesisturkish/
"Master of Technology and Innovation Management (Non-Thesis) (Turkish )",https://search.studyinturkiye.com/sit-program/master-of-technology-and-innovation-management-non-thesisturkish/
"Master of Surgical Diseases Nursing (Thesis) (Turkish)",https://search.studyinturkiye.com/sit-program/master-of-surgical-nursing-thesis-turkish/
"Master of Psychology (Thesis) (Turkish )",https://search.studyinturkiye.com/sit-program/master-of-psychology-thesisturkish/
"Master of Physiotherapy and Rehabilitation (Thesis) (Turkish )",https://search.studyinturkiye.com/sit-program/master-of-physiotherapy-and-rehabilitation-thesisturkish/
"Master of Nutrition and Dietetics (Thesis) (Turkish )",https://search.studyinturkiye.com/sit-program/master-of-nutrition-and-dietetics-thesisturkish/
"Master of Nutrition and Dietetics (Non-Thesis) (Turkish )",https://search.studyinturkiye.com/sit-program/master-of-nutrition-and-dietetics-non-thesisturkish/
"Master of Molecular Biology and Genetics (Thesis) (Turkish )",https://search.studyinturkiye.com/sit-program/master-of-molecular-biology-and-genetics-thesisturkish/
"Master of Medical Microbiology (Thesis)Turkish",https://search.studyinturkiye.com/sit-program/master-of-medical-microbiology-thesisturkish/
"Master of Medical Biochemistry (Thesis) (Turkish )",https://search.studyinturkiye.com/sit-program/master-of-medical-biochemistry-thesisturkish/
"Master of Internal Diseases Nursing (Thesis) (Turkish )",https://search.studyinturkiye.com/sit-program/master-of-internal-diseases-nursing-thesisturkish/
"Master of Information Technology (Thesis) (English)",https://search.studyinturkiye.com/sit-program/master-of-information-technology-thesisturkish/
"Master of Industrial Engineering (Thesis) (Turkish)",https://search.studyinturkiye.com/sit-program/master-of-industrial-engineering-thesis-english/
"Master of Histology and Embryology (Thesis) (Turkish )",https://search.studyinturkiye.com/sit-program/master-of-histology-and-embryology-thesisturkish/
"Master of Computer Engineering (Thesis) (English )",https://search.studyinturkiye.com/sit-program/master-of-computer-engineering-thesisenglish/
"Master of Computer Engineering (Thesis) (Turkish )",https://search.studyinturkiye.com/sit-program/master-of-computer-engineering-thesisturkish/
"Master of Anatomy (Thesis) (Turkish )",https://search.studyinturkiye.com/sit-program/master-of-anatomy-thesisturkish/
"Bachelor of Electrical and Electronics Engineering (English)",https://search.studyinturkiye.com/sit-program/bachelor-of-electrical-and-electronics-engineering-english-3/
"Bachelor of Business Administration (English)",https://search.studyinturkiye.com/sit-program/bachelor-of-business-english/
"Bachelor of Ergotherapy ( Occupational Therapy ) (Turkish)",https://search.studyinturkiye.com/sit-program/bachelor-of-ergotherapy-turkish-2/
"Bachelor of Visual Communication Design ( Turkish )",https://search.studyinturkiye.com/sit-program/bachelor-of-visual-communication-designturkish/
"Bachelor of English Translation and Interpreting (English )",https://search.studyinturkiye.com/sit-program/bachelor-of-translation-and-interpretationenglish/
"Bachelor of Speech and Language Therapy (English)",https://search.studyinturkiye.com/sit-program/bachelor-of-speech-and-language-therapy-english-2/
"Bachelor of Speech and Language Therapy (Turkish)",https://search.studyinturkiye.com/sit-program/bachelor-of-speech-and-language-therapy-turkish/
"Bachelor of Software Engineering (English)",https://search.studyinturkiye.com/sit-program/bachelor-of-software-engineering-english-4/
"Bachelor of Psychology (English)",https://search.studyinturkiye.com/sit-program/bachelor-of-psychology-english-2/
"Bachelor of Psychology (Turkish)",https://search.studyinturkiye.com/sit-program/bachelor-of-psychology-turkish/
"Bachelor of Physiotherapy and Rehabilitation (English)",https://search.studyinturkiye.com/sit-program/bachelor-of-physiotherapy-and-rehabilitation-english-2/
"Bachelor of Physiotherapy and Rehabilitation ( Turkish )",https://search.studyinturkiye.com/sit-program/bachelor-of-physiotherapy-and-rehabilitation-english-3/
"Bachelor Of Nutrition and Dietetics ( Turkish )",https://search.studyinturkiye.com/sit-program/bachelor-of-nutrition-and-dieteticsturkish/
"Bachelor of Nursing (English)",https://search.studyinturkiye.com/sit-program/bachelor-of-nursing-english-4/
"Bachelor of Nursing (Turkish)",https://search.studyinturkiye.com/sit-program/bachelor-of-nursing-turkish-4/
"Bachelor of Molecular Biology and Genetics (English)",https://search.studyinturkiye.com/sit-program/bachelor-of-molecular-biology-and-genetics-english-2/
"Bachelor of Midwifery (Turkish)",https://search.studyinturkiye.com/sit-program/bachelor-of-midwifery-turkish-4/
"Bachelor of Medicine (English)",https://search.studyinturkiye.com/sit-program/bachelor-of-medicine-english-4/
"Bachelor of Medicine (Turkish)",https://search.studyinturkiye.com/sit-program/bachelor-of-medicine-turkish-3/
"Bachelor of Interior Architecture and Environmental Design (Turkish)",https://search.studyinturkiye.com/sit-program/bachelor-of-interior-architecture-and-environmental-design-turkish-3/
"Bachelor of Industrial Engineering (English)",https://search.studyinturkiye.com/sit-program/bachelor-of-industrial-engineering-english-3/
"Bachelor of Industrial Design (Turkish )",https://search.studyinturkiye.com/sit-program/bachelor-of-industrial-designturkish/
"Bachelor of English Language and Literature (English)",https://search.studyinturkiye.com/sit-program/bachelor-of-english-language-and-literature-english/
"Bachelor of Digital Game Design (Turkish)",https://search.studyinturkiye.com/sit-program/bachelor-of-digital-game-design-turkish/
"Bachelor of Dentistry (English)",https://search.studyinturkiye.com/sit-program/bachelor-of-dentistry-english-5/
"Bachelor of Dentistry (Turkish)",https://search.studyinturkiye.com/sit-program/bachelor-of-dentistry-turkish-4/
"Bachelor of Computer Engineering (English)",https://search.studyinturkiye.com/sit-program/bachelor-of-computer-engineering-english-6/
"Bachelor of Computer Engineering (Turkish)",https://search.studyinturkiye.com/sit-program/bachelor-of-computer-engineering-turkish-2/
"Bachelor of Biomedical Engineering (English)",https://search.studyinturkiye.com/sit-program/bachelor-of-biomedical-engineering-english-3/
"Associate of Marketing (Turkish)",https://search.studyinturkiye.com/sit-program/associate-of-marketing-turkish/
"Associate of Dental Prosthesis Technology (Turkish)",https://search.studyinturkiye.com/sit-program/associate-of-dental-prosthesis-technology-turkish-3/
"Associate of Health Tourism Management (Turkish)",https://search.studyinturkiye.com/sit-program/associate-of-health-tourism-management-turkish/
"Associate of Opticianry (Turkish)",https://search.studyinturkiye.com/sit-program/associate-of-opticianry-turkish-4/
"Associate of Medical Laboratory Techniques (Turkish)",https://search.studyinturkiye.com/sit-program/associate-of-medical-laboratory-techniques-turkish-2/
"Associate of Radiotherapy ( Turkish )",https://search.studyinturkiye.com/sit-program/associate-of-radiotherapy-turkish/
"Associate of Physiotherapy (Turkish)",https://search.studyinturkiye.com/sit-program/associate-of-physiotherapy-turkish-4/
"Associate of Oral and Dental Health (Turkish)",https://search.studyinturkiye.com/sit-program/associate-of-oral-and-dental-health-turkish-3/
"Associate of Operating Room Services (Turkish)",https://search.studyinturkiye.com/sit-program/associate-of-operating-room-services-turkish-2/
"Associate of Medical Imaging Techniques (Turkish)",https://search.studyinturkiye.com/sit-program/associate-of-medical-imaging-techniques-turkish-4/
"Associate of Interior Design (Turkish)",https://search.studyinturkiye.com/sit-program/associate-of-interior-design-turkish-2/
"Associate of First and Emergency Aid (Turkish)",https://search.studyinturkiye.com/sit-program/associate-of-first-and-emergency-aid-turkish/
"Associate of Dialysis (Turkish)",https://search.studyinturkiye.com/sit-program/associate-of-dialysis-turkish-4/
"Associate of Construction Technology (Turkish)",https://search.studyinturkiye.com/sit-program/associate-of-construction-technology-turkish-2/
"Associate of Computer Programming (Turkish)",https://search.studyinturkiye.com/sit-program/associate-of-computer-programming-turkish-3/
"Associate of Biomedical Device Technology (Turkish)",https://search.studyinturkiye.com/sit-program/associate-of-biomedical-device-technology-turkish-2/
"Associate of Audiometry (Turkish)",https://search.studyinturkiye.com/sit-program/associate-of-audiometry-turkish/
"Associate of Anesthesia (Turkish)",https://search.studyinturkiye.com/sit-program/associate-of-anesthesia-turkish-5/
"Bachelor of Ergotherapy (Turkish)",https://search.studyinturkiye.com/sit-program/bachelor-of-ergotherapy-turkish-3/
"Bachelor of Language and Speech Therapy (Turkish)",https://search.studyinturkiye.com/sit-program/bachelor-of-language-and-speech-therapy-turkish-2/
"Bachelor of Public Relations and Advertising (Turkish)",https://search.studyinturkiye.com/sit-program/bachelor-of-public-relations-and-advertising-turkish/
"Bachelor of Psychology (English)",https://search.studyinturkiye.com/sit-program/bachelor-of-psychology-english-3/
"Bachelor of Psychology (Turkish)",https://search.studyinturkiye.com/sit-program/bachelor-of-psychology-turkish-2/
"Bachelor of Political Science and International Relations (English)",https://search.studyinturkiye.com/sit-program/bachelor-of-political-science-and-international-relations-english-2/
"Bachelor of Physiotherapy and Rehabilitation (Turkey)",https://search.studyinturkiye.com/sit-program/bachelor-of-physiotherapy-and-rehabilitation-turkey/
"Bachelor of Pharmacy (English)",https://search.studyinturkiye.com/sit-program/bachelor-of-pharmacy-english-3/
"Bachelor of Pharmacy (Turkish)",https://search.studyinturkiye.com/sit-program/bachelor-of-pharmacy-turkish-3/
"Bachelor of Nutrition and Dietetics (Turkish)",https://search.studyinturkiye.com/sit-program/bachelor-of-nutrition-and-dietetics-turkish-4/
"Bachelor of Nursing (English)",https://search.studyinturkiye.com/sit-program/bachelor-of-nursing-english-5/
"Bachelor of Nursing (Turkish)",https://search.studyinturkiye.com/sit-program/bachelor-of-nursing-turkish-5/
"Bachelor of Midwifery (Turkish)",https://search.studyinturkiye.com/sit-program/bachelor-of-midwifery-turkish-5/
"Bachelor of Medicine (English)",https://search.studyinturkiye.com/sit-program/bachelor-of-medicine-english-5/
"Bachelor of Medicine (Turkish)",https://search.studyinturkiye.com/sit-program/bachelor-of-medicine-turkish-4/
"Bachelor of Management Information Systems (Turkish)",https://search.studyinturkiye.com/sit-program/bachelor-of-management-information-systems-turkish-2/
"Bachelor of Law (Turkish)",https://search.studyinturkiye.com/sit-program/bachelor-of-law-turkish/
"Bachelor of International Trade and Finance (Turkish)",https://search.studyinturkiye.com/sit-program/bachelor-of-international-trade-and-finance-turkish/
"Bachelor of International Trade and Finance (English)",https://search.studyinturkiye.com/sit-program/bachelor-of-international-trade-and-finance-english-2/
"Bachelor of Interior Architecture and Environmental Design (Turkish)",https://search.studyinturkiye.com/sit-program/bachelor-of-interior-architecture-and-environmental-design-turkish-4/
"Bachelor of Gastronomy and Culinary Arts (English)",https://search.studyinturkiye.com/sit-program/bachelor-of-gastronomy-and-culinary-arts-english-2/
"Bachelor of Electrical and Electronics Engineering (English)",https://search.studyinturkiye.com/sit-program/bachelor-of-electrical-and-electronics-engineering-english-4/
"Bachelor of Dentistry (English)",https://search.studyinturkiye.com/sit-program/bachelor-of-dentistry-english-6/
"Bachelor of Dentistry (Turkish)",https://search.studyinturkiye.com/sit-program/bachelor-of-dentistry-turkish-5/
"Bachelor of Computer Engineering (English)",https://search.studyinturkiye.com/sit-program/bachelor-of-computer-engineering-english-7/
"Bachelor of Audiology (Turkish)",https://search.studyinturkiye.com/sit-program/bachelor-of-audiology-turkish-3/
"Turkish Language Course (TOMER) (Turkish)",https://search.studyinturkiye.com/sit-program/turkish-language-course-tomer-turkish/
"Associate of Physiotherapy (Turkish)",https://search.studyinturkiye.com/sit-program/associate-of-physiotherapy-turkish-5/
"Associate of Pharmacy ServicesTurkish",https://search.studyinturkiye.com/sit-program/associate-of-pharmacy-servicesturkish/
"Associate of Oral and Dental Health (Turkish)",https://search.studyinturkiye.com/sit-program/associate-of-oral-and-dental-health-turkish-4/
"Associate of Medical Imaging Techniques (Turkish)",https://search.studyinturkiye.com/sit-program/associate-of-medical-imaging-techniques-turkish-5/
"Associate of First Aid and Emergency (Turkish)",https://search.studyinturkiye.com/sit-program/associate-of-first-aid-and-emergency-turkish-4/
"Associate of Cookery (Turkish)",https://search.studyinturkiye.com/sit-program/associate-of-cookery-turkish-2/
"Associate of Anesthesia (Turkish)",https://search.studyinturkiye.com/sit-program/associate-of-anesthesia-turkish-6/
"Bachelor of Public Relations and Advertising (Turkish)",https://search.studyinturkiye.com/sit-program/bachelor-of-public-relations-and-advertising-turkish-2/
"Bachelor of Psychology (English)",https://search.studyinturkiye.com/sit-program/bachelor-of-psychology-english-4/
"Bachelor of Psychology (Turkish)",https://search.studyinturkiye.com/sit-program/bachelor-of-psychology-turkish-3/
"Bachelor of Physiotherapy and Rehabilitation (English)",https://search.studyinturkiye.com/sit-program/bachelor-of-physiotherapy-and-rehabilitation-english-4/
"Bachelor of Nutrition and DieteticsTurkish",https://search.studyinturkiye.com/sit-program/bachelor-of-nutrition-and-dieteticsturkish-2/
"Bachelor of Nursing (Turkish)",https://search.studyinturkiye.com/sit-program/bachelor-of-nursing-turkish-6/
"Bachelor of Midwifery (Turkish)",https://search.studyinturkiye.com/sit-program/bachelor-of-midwifery-turkish-6/
"Bachelor of Management Information Systems (Turkish)",https://search.studyinturkiye.com/sit-program/bachelor-of-management-information-systems-turkish-3/
"Bachelor of Interior Design and Environmental Design (English)",https://search.studyinturkiye.com/sit-program/bachelor-of-interior-design-and-environmental-design-english/
"Bachelor of Interior Design and Environmental Design (Turkish)",https://search.studyinturkiye.com/sit-program/bachelor-of-interior-design-and-environmental-design-turkish/
"Bachelor of Gastronomy and Culinary Arts (Turkish)",https://search.studyinturkiye.com/sit-program/bachelor-of-gastronomy-and-culinary-arts-turkish-2/
"Bachelor of Dentistry (English)",https://search.studyinturkiye.com/sit-program/bachelor-of-dentistry-english-7/
"Bachelor of Dentistry (Turkish)",https://search.studyinturkiye.com/sit-program/bachelor-of-dentistry-turkish-6/
"Bachelor of Computer Engineering (Turkish)",https://search.studyinturkiye.com/sit-program/bachelor-of-computer-engineering-turkish-3/
"Bachelor of Communication DesignTurkish",https://search.studyinturkiye.com/sit-program/bachelor-of-communication-designturkish/
"Bachelor of Coaching Training (Turkish)",https://search.studyinturkiye.com/sit-program/bachelor-of-coaching-training-turkish/
"Bachelor of Business Administration (Turkish)",https://search.studyinturkiye.com/sit-program/bachelor-of-business-administration-turkish-2/
"Turkish Language Preparatory Program (Turkish)",https://search.studyinturkiye.com/sit-program/turkish-language-preparatory-program-turkish/
"English Language Preparatory Program (English)",https://search.studyinturkiye.com/sit-program/english-language-preparatory-program-english-2/
"Associate of Geriatric CareTurkish",https://search.studyinturkiye.com/sit-program/associate-of-geriatric-careturkish/
"Associate of Physical Therapy (Turkish)",https://search.studyinturkiye.com/sit-program/associate-of-physical-therapy-turkish/
"Associate of Tourism and Hotel Management (Turkish)",https://search.studyinturkiye.com/sit-program/associate-of-tourism-and-hotel-management-turkish/
"Associate of Medical Imaging Techniques (Turkish)",https://search.studyinturkiye.com/sit-program/associate-of-medical-imaging-techniques-turkish-6/
"Associate of Machinery (Turkish)",https://search.studyinturkiye.com/sit-program/associate-of-machinery-turkish-2/
"Associate of Logistics (Turkish)",https://search.studyinturkiye.com/sit-program/associate-of-logistics-turkish-2/
"Associate of Interior Design (Turkish)",https://search.studyinturkiye.com/sit-program/associate-of-interior-design-turkish-3/
"Associate of Hair Care and Beauty ServicesTurkish",https://search.studyinturkiye.com/sit-program/associate-of-hair-care-and-beauty-servicesturkish/
"Associate of Graphic DesignTurkish",https://search.studyinturkiye.com/sit-program/associate-of-graphic-designturkish/
"Associate of Food TechnologyTurkish",https://search.studyinturkiye.com/sit-program/associate-of-food-technologyturkish/
"Associate of First Aid and Emergency (Turkish)",https://search.studyinturkiye.com/sit-program/associate-of-first-aid-and-emergency-turkish-5/
"Associate of Fashion DesignTurkish",https://search.studyinturkiye.com/sit-program/associate-of-fashion-designturkish/
"Associate of Electronic Technologies (Turkish)",https://search.studyinturkiye.com/sit-program/associate-of-electronic-technologies-turkish/
"Associate of Electric (Turkish)",https://search.studyinturkiye.com/sit-program/associate-of-electric-turkish-2/
"Associate of Cookery (Turkish)",https://search.studyinturkiye.com/sit-program/associate-of-cookery-turkish-3/
"Associate of Construction Technology (Turkish)",https://search.studyinturkiye.com/sit-program/associate-of-construction-technology-turkish-3/
"Associate of Computer Programming (Turkish)",https://search.studyinturkiye.com/sit-program/associate-of-computer-programming-turkish-4/
"Associate of Child Development (Turkish)",https://search.studyinturkiye.com/sit-program/associate-of-child-development-turkish/
"Associate of Computer Technologies (Turkish)",https://search.studyinturkiye.com/sit-program/associate-of-computer-technologies-turkish/
"Associate of Anesthesia (Turkish)",https://search.studyinturkiye.com/sit-program/associate-of-anesthesia-turkish-7/
"Phd in Turkish Classical MusicTurkish",https://search.studyinturkiye.com/sit-program/phd-in-turkish-classical-musicturkish/
"Phd in Textile and Fashion DesignTurkish",https://search.studyinturkiye.com/sit-program/phd-in-textile-and-fashion-designturkish/
"PhD in Physiotherapy and RehabilitationTurkish",https://search.studyinturkiye.com/sit-program/phd-in-physiotherapy-and-rehabilitationturkish/
"PhD in Physical Education and SportsTurkish",https://search.studyinturkiye.com/sit-program/phd-in-physical-education-and-sportsturkish/
"PhD in Nutrition and DieteticsTurkish",https://search.studyinturkiye.com/sit-program/phd-in-nutrition-and-dieteticsturkish/
"PhD in NursingTurkish",https://search.studyinturkiye.com/sit-program/phd-in-nursingturkish/
"PhD in Business AdministrationTurkish",https://search.studyinturkiye.com/sit-program/phd-in-business-administrationturkish/
"PhD in ArchitectureTurkish",https://search.studyinturkiye.com/sit-program/phd-in-architectureturkish/
"Master Of Industrial Product Design (Thesis)Turkish",https://search.studyinturkiye.com/sit-program/master-of-industrial-product-design-thesisturkish/
"Master Of Turkish Classical Music (Non-Thesis)Turkish",https://search.studyinturkiye.com/sit-program/master-of-turkish-classical-music-non-thesisturkish/
"Master Of Turkish Classical Music (Thesis)Turkish",https://search.studyinturkiye.com/sit-program/master-of-turkish-classical-music-thesisturkish/
"Master Of Theater (Non-Thesis)Turkish",https://search.studyinturkiye.com/sit-program/master-of-theater-non-thesisturkish/
"Master of Computational EngineeringTurkish",https://search.studyinturkiye.com/sit-program/master-of-computational-engineeringturkish/
"Master of Theater (Thesis)Turkish",https://search.studyinturkiye.com/sit-program/master-of-theater-thesisturkish/
"Master of International Trade and Business Management (Non-Thesis)Turkish",https://search.studyinturkiye.com/sit-program/master-of-international-trade-and-business-management-non-thesisturkish/
"Master of International Trade and Business Management (Thesis)Turkish",https://search.studyinturkiye.com/sit-program/master-of-international-trade-and-business-management-thesisturkish/
"Master of Turkish Language and Literature (Thesis)Turkish",https://search.studyinturkiye.com/sit-program/master-of-turkish-language-and-literature-thesisturkish/
"Master of Turkish Language and Literature (Non-Thesis)Turkish",https://search.studyinturkiye.com/sit-program/master-of-turkish-language-and-literature-non-thesisturkish/
"Master of Tourism Management (Thesis)Turkish",https://search.studyinturkiye.com/sit-program/master-of-tourism-management-thesisturkish/
"Master of Tourism Management (Non-Thesis)Turkish",https://search.studyinturkiye.com/sit-program/master-of-tourism-management-non-thesisturkish/
"Master of Textile and Fashion Design (Thesis)Turkish",https://search.studyinturkiye.com/sit-program/master-of-textile-and-fashion-design-thesisturkish/
"Master of Textile and Fashion Design (Non-Thesis)Turkish",https://search.studyinturkiye.com/sit-program/master-of-textile-and-fashion-design-non-thesisturkish/
"Master of Physiotherapy and Rehabilitation (Thesis)Turkish",https://search.studyinturkiye.com/sit-program/master-of-physiotherapy-and-rehabilitation-thesisturkish-2/
"Master of Physical Education and Sport (Thesis)Turkish",https://search.studyinturkiye.com/sit-program/master-of-physical-education-and-sport-thesisturkish/
"Master of Nutrition and Dietetics (Thesis)Turkish",https://search.studyinturkiye.com/sit-program/master-of-nutrition-and-dietetics-thesisturkish-2/
"Master of Nursing (Thesis)Turkish",https://search.studyinturkiye.com/sit-program/master-of-nursing-thesisturkish/
"Master of Nursing (Non-Thesis)Turkish",https://search.studyinturkiye.com/sit-program/master-of-nursing-non-thesisturkish/
"Master of Molecular Biology and Genetics (Thesis)Turkish",https://search.studyinturkiye.com/sit-program/master-of-molecular-biology-and-genetics-thesisturkish-2/
"Master of Molecular Biology and Genetics (Non-Thesis)Turkish",https://search.studyinturkiye.com/sit-program/master-of-molecular-biology-and-genetics-non-thesisturkish/
"Master of Mechanical Engineering (Thesis)Turkish",https://search.studyinturkiye.com/sit-program/master-of-mechanical-engineering-thesisturkish/
"Master of Management Information Systems (Thesis)Turkish",https://search.studyinturkiye.com/sit-program/master-of-management-information-systems-thesisturkish/
"Master of Management Information Systems (Non-Thesis)Turkish",https://search.studyinturkiye.com/sit-program/master-of-management-information-systems-non-thesisturkish/
"Master of International Business Management (Thesis) (English)",https://search.studyinturkiye.com/sit-program/master-of-international-business-management-thesis-english-2/
"Master of International Business Management (Non-Thesis) (English)",https://search.studyinturkiye.com/sit-program/master-of-international-business-management-non-thesis-english/
"Master of Interior Architecture (Thesis)Turkish",https://search.studyinturkiye.com/sit-program/master-of-interior-architecture-thesisturkish/
"Master of Interior Architecture (Non-Thesis)Turkish",https://search.studyinturkiye.com/sit-program/master-of-interior-architecture-non-thesisturkish/
"Master of Industrial Engineering (Thesis)English",https://search.studyinturkiye.com/sit-program/master-of-industrial-engineering-thesisenglish/
"Master of Industrial Engineering (Thesis)Turkish",https://search.studyinturkiye.com/sit-program/master-of-industrial-engineering-thesisturkish/
"Master of Industrial Engineering (Non-Thesis)English",https://search.studyinturkiye.com/sit-program/master-of-industrial-engineering-non-thesisenglish/
"Master of Industrial Engineering (Non-Thesis)Turkish",https://search.studyinturkiye.com/sit-program/master-of-industrial-engineering-non-thesisturkish/
"Master of Industrial Design and Innovation Management (Thesis)Turkish",https://search.studyinturkiye.com/sit-program/master-of-industrial-design-and-innovation-management-thesisturkish/
"Master of Industrial Design and Innovation Management (Non-Thesis)Turkish",https://search.studyinturkiye.com/sit-program/master-of-industrial-design-and-innovation-management-non-thesisturkish/
"Master of Hospital Management(Thesis)Turkish",https://search.studyinturkiye.com/sit-program/master-of-hospital-managementthesisturkish/
"Master of Hospital Management (Non-Thesis)Turkish",https://search.studyinturkiye.com/sit-program/master-of-hospital-management-non-thesisturkish/
"Master of Graphic Design (Thesis)Turkish",https://search.studyinturkiye.com/sit-program/master-of-graphic-design-thesisturkish/
"Master of Graphic Design (Non-Thesis)Turkish",https://search.studyinturkiye.com/sit-program/master-of-graphic-design-non-thesisturkish/
"Master of General Psychology (Thesis)Turkish",https://search.studyinturkiye.com/sit-program/master-of-general-psychology-thesisturkish/
"Master of General Psychology (Non-Thesis)Turkish",https://search.studyinturkiye.com/sit-program/master-of-general-psychology-non-thesisturkish/
"Master of Engineering Management (Thesis)Turkish",https://search.studyinturkiye.com/sit-program/master-of-engineering-management-thesisturkish/
"Master of Engineering Management (Non-Thesis)Turkish",https://search.studyinturkiye.com/sit-program/master-of-engineering-management-non-thesisturkish/
"Master of Electrical and Electronics Engineering(Thesis) (Turkish)",https://search.studyinturkiye.com/sit-program/master-of-electrical-and-electronics-engineeringthesis-turkish/
"Master of Electrical and Electronics Engineering(Non-Thesis) (Turkish)",https://search.studyinturkiye.com/sit-program/master-of-electrical-and-electronics-engineeringnon-thesis-turkish/
"Master of Electronics and Communication Engineering (Thesis)Turkish",https://search.studyinturkiye.com/sit-program/master-of-electronics-and-communication-engineering-thesisturkish/
"Master of Electronics and Communication Engineering (Non-Thesis)Turkish",https://search.studyinturkiye.com/sit-program/master-of-electronics-and-communication-engineering-non-thesisturkish/
"Master of Cyber Security (Thesis)Turkish",https://search.studyinturkiye.com/sit-program/master-of-cyber-security-thesisturkish/
"Master of Cyber Security (Thesis)English",https://search.studyinturkiye.com/sit-program/master-of-cyber-security-thesisenglish/
"Master of Cyber Security (Non-Thesis)Turkish",https://search.studyinturkiye.com/sit-program/master-of-cyber-security-non-thesisturkish/
"Master of Cyber Security (Non-Thesis)English",https://search.studyinturkiye.com/sit-program/master-of-cyber-security-non-thesisenglish/
"Master of Computer Engineering (Thesis)Turkish",https://search.studyinturkiye.com/sit-program/master-of-computer-engineering-thesisturkish-2/
"Master of Computer Engineering (Non-Thesis)Turkish",https://search.studyinturkiye.com/sit-program/master-of-computer-engineering-non-thesisturkish/
"Master of Clinical Psychology (Thesis)Turkish",https://search.studyinturkiye.com/sit-program/master-of-clinical-psychology-thesisturkish/
"Master of Business Administration (Thesis) (Turkish)",https://search.studyinturkiye.com/sit-program/master-of-business-administration-thesis-turkish-4/
"Master of Business Administration (Thesis) (English)",https://search.studyinturkiye.com/sit-program/master-of-business-administration-thesis-english-3/
"Master of Business Administration (Non-Thesis) (Turkish)",https://search.studyinturkiye.com/sit-program/master-of-business-administration-non-thesis-turkish-3/
"Master of Business Administration (Non-Thesis) (English)",https://search.studyinturkiye.com/sit-program/master-of-business-administration-non-thesis-english-4/
"Master of Architecture (Thesis)Turkish",https://search.studyinturkiye.com/sit-program/master-of-architecture-thesisturkish/
"Master of Architecture (Non-Thesis)Turkish",https://search.studyinturkiye.com/sit-program/master-of-architecture-non-thesisturkish/
"Master of Applied Psychology (Thesis)Turkish",https://search.studyinturkiye.com/sit-program/master-of-applied-psychology-thesisturkish/
"Master of Applied Psychology (Non-Thesis)Turkish",https://search.studyinturkiye.com/sit-program/master-of-applied-psychology-non-thesisturkish/
"Master of Applied Mathematics (Thesis)Turkish",https://search.studyinturkiye.com/sit-program/master-of-applied-mathematics-thesisturkish/
"Master of Applied Mathematics (Non-Thesis)Turkish",https://search.studyinturkiye.com/sit-program/master-of-applied-mathematics-non-thesisturkish/
"Master of Accounting and Finance(Thesis)Turkish",https://search.studyinturkiye.com/sit-program/master-of-accounting-and-financethesisturkish/
"Master of Accounting and Finance (Non-Thesis)Turkish",https://search.studyinturkiye.com/sit-program/master-of-accounting-and-finance-non-thesisturkish/
"Master of Accounting and Auditing (Thesis)Turkish",https://search.studyinturkiye.com/sit-program/master-of-accounting-and-auditing-thesisturkish/
"Master of Accounting and Auditing (Non-Thesis)Turkish",https://search.studyinturkiye.com/sit-program/master-of-accounting-and-auditing-non-thesisturkish/
"Bachelor of Turkish Classical Music (Turkish)",https://search.studyinturkiye.com/sit-program/bachelor-of-turkish-classical-music-turkish/
"Bachelor of Opera (Turkish)",https://search.studyinturkiye.com/sit-program/bachelor-of-opera-turkish/
"Bachelor of TheatreTurkish",https://search.studyinturkiye.com/sit-program/bachelor-of-theatreturkish/
"Bachelor of Physical Education and Sports Teaching (Turkish)",https://search.studyinturkiye.com/sit-program/bachelor-of-physical-education-and-sports-teaching-turkish/
"Bachelor of Visual Communication Design (Turkish)",https://search.studyinturkiye.com/sit-program/bachelor-of-visual-communication-design-turkish/
"Associate of Electric (Turkish)",https://search.studyinturkiye.com/sit-program/associate-of-electric-turkish-3/
"Bachelor of Mechanical Engineering (English)",https://search.studyinturkiye.com/sit-program/bachelor-of-mechanical-engineering-english-4/
"Master of Clinical Psychology (Thesis) (Turkish)",https://search.studyinturkiye.com/sit-program/master-of-clinical-psychology-thesis-turkish-2/
"Master of Clinical Psychology (Non-Thesis) (Turkish)",https://search.studyinturkiye.com/sit-program/master-of-clinical-psychology-non-thesis-turkish-2/
"Master of Civil Engineering (Thesis) (English)",https://search.studyinturkiye.com/sit-program/master-of-civil-engineering-thesis-english-3/
"Master of Civil Engineering (Thesis) (Turkish)",https://search.studyinturkiye.com/sit-program/master-of-civil-engineering-thesis-turkish-2/
"Master of Civil Engineering (Non-Thesis) (English)",https://search.studyinturkiye.com/sit-program/master-of-civil-engineering-non-thesis-english/
"Master of Civil Engineering (Non-Thesis) (Turkish)",https://search.studyinturkiye.com/sit-program/master-of-civil-engineering-non-thesis-turkish-2/
"Master of Child Development (Thesis) (Turkish)",https://search.studyinturkiye.com/sit-program/master-of-child-development-thesis-turkish/
"Master of Child Development (Non-Thesis) (Turkish)",https://search.studyinturkiye.com/sit-program/master-of-child-development-non-thesis-turkish/
"Master of Business Administration (Thesis) (English)",https://search.studyinturkiye.com/sit-program/master-of-business-administration-thesis-english-4/
"Master of Business Administration (Thesis) (Turkish)",https://search.studyinturkiye.com/sit-program/master-of-business-administration-thesis-turkish-5/
"Master of Business Administration (Non-Thesis) (English)",https://search.studyinturkiye.com/sit-program/master-of-business-administration-non-thesis-english-5/
"Master of Business Administration (Non-Thesis) (Turkish)",https://search.studyinturkiye.com/sit-program/master-of-business-administration-non-thesis-turkish-4/
"Master of Business Administration (Non-Thesis) (Distance Learning) (English)",https://search.studyinturkiye.com/sit-program/master-of-business-administration-non-thesis-distance-learning-english/
"Master of Business Administration (Non-Thesis) (Distance Learning) (Turkish)",https://search.studyinturkiye.com/sit-program/master-of-business-administration-non-thesis-distance-learning-turkish/
"Master of Aviation Management (Thesis) (Turkish)",https://search.studyinturkiye.com/sit-program/master-of-aviation-management-thesis-turkish/
"Master of Aviation Management (Non-Thesis) (Turkish)",https://search.studyinturkiye.com/sit-program/master-of-aviation-management-non-thesis-turkish/
"Master of Audiology (Thesis) (Turkish)",https://search.studyinturkiye.com/sit-program/master-of-audiology-thesis-turkish/
"Master of Architecture (Thesis) (Turkish)",https://search.studyinturkiye.com/sit-program/master-of-architecture-thesis-turkish-3/
"Master of Architecture (Thesis) (English)",https://search.studyinturkiye.com/sit-program/master-of-architecture-thesis-english/
"Master of Architecture (Non-Thesis) (Turkish)",https://search.studyinturkiye.com/sit-program/master-of-architecture-non-thesis-turkish/
"Master of Architecture (Non-Thesis) (English)",https://search.studyinturkiye.com/sit-program/master-of-architecture-non-thesis-english-2/
"Master of Addiction Psychology (Thesis) (Turkish)",https://search.studyinturkiye.com/sit-program/master-of-addiction-psychology-thesis-turkish/
"Bachelor of Media and Communication (Turkish)",https://search.studyinturkiye.com/sit-program/bachelor-of-media-and-communication-turkish/
"Bachelor of Gastronomy and Culinary Arts (Turkish)",https://search.studyinturkiye.com/sit-program/bachelor-of-gastronomy-and-culinary-arts-turkish-3/
"Bachelor of Gastronomy and Culinary Arts (English)",https://search.studyinturkiye.com/sit-program/bachelor-of-gastronomy-and-culinary-arts-english-3/
"Bachelor of Electronic Commerce And Management (Turkish)",https://search.studyinturkiye.com/sit-program/bachelor-of-electronic-commerce-and-management-turkish/
"Bachelor of Aircraft Maintenance and Repair (Turkish)",https://search.studyinturkiye.com/sit-program/bachelor-of-aircraft-maintenance-and-repair-turkish/
"Bachelor of Exercise and Sport for Disabled (Turkish)",https://search.studyinturkiye.com/sit-program/bachelor-of-exercise-and-sport-for-disabled-turkish/
"Bachelor of Public Relations and Publicity (Turkish)",https://search.studyinturkiye.com/sit-program/bachelor-of-public-relations-and-publicity-turkish/
"Bachelor of Ergotherapy (Turkish)",https://search.studyinturkiye.com/sit-program/bachelor-of-ergotherapy-turkish-4/
"Bachelor of TV Reporting and Programing (Turkish)",https://search.studyinturkiye.com/sit-program/bachelor-of-tv-reporting-and-programing-turkish/
"Bachelor of Turkish Language and Literature (Turkish)",https://search.studyinturkiye.com/sit-program/bachelor-of-turkish-language-and-literature-turkish-2/
"Bachelor of Translation and Interpretation (Turkish)",https://search.studyinturkiye.com/sit-program/bachelor-of-translation-and-interpretation-turkish/
"Bachelor of Translation and Interpretation (English)",https://search.studyinturkiye.com/sit-program/bachelor-of-translation-and-interpretation-english/
"Bachelor of Tourism Guidance (Turkish)",https://search.studyinturkiye.com/sit-program/bachelor-of-tourism-guidance-turkish/
"Bachelor of Sports Management (Turkish)",https://search.studyinturkiye.com/sit-program/bachelor-of-sports-management-turkish/
"Bachelor of Speech and Language Therapy (Turkish)",https://search.studyinturkiye.com/sit-program/bachelor-of-speech-and-language-therapy-turkish-2/
"Bachelor of Software Engineering (English)",https://search.studyinturkiye.com/sit-program/bachelor-of-software-engineering-english-5/
"Bachelor of Software Engineering (Turkish)",https://search.studyinturkiye.com/sit-program/bachelor-of-software-engineering-turkish-3/
"Bachelor of Sociology (Turkish)",https://search.studyinturkiye.com/sit-program/bachelor-of-sociology-turkish/
"Bachelor of Social Work (Turkish)",https://search.studyinturkiye.com/sit-program/bachelor-of-social-work-turkish/
"Bachelor of Recreation (Turkish)",https://search.studyinturkiye.com/sit-program/bachelor-of-recreation-turkish/
"Bachelor of Radio, Cinema and TV (Turkish)",https://search.studyinturkiye.com/sit-program/bachelor-of-radio-cinema-and-tv-turkish/
"Bachelor of Guidance and Psychological Counseling (Turkish)",https://search.studyinturkiye.com/sit-program/bachelor-of-guidance-and-psychological-counseling-turkish/
"Bachelor of Entrepreneurship (Turkish)",https://search.studyinturkiye.com/sit-program/bachelor-of-entrepreneurship-turkish/
"Bachelor of Foreign Language Education (English Teaching)(English)",https://search.studyinturkiye.com/sit-program/bachelor-of-foreign-language-education-english-teachingenglish/
"Bachelor of English Language and Literature (English)",https://search.studyinturkiye.com/sit-program/bachelor-of-english-language-and-literature-english-2/
"Bachelor of Electrical and Electronics Engineering (English)",https://search.studyinturkiye.com/sit-program/bachelor-of-electrical-and-electronics-engineering-english-5/
"Bachelor of Economics (Turkish)",https://search.studyinturkiye.com/sit-program/bachelor-of-economics-turkish/
"Bachelor of Computer Engineering (English)",https://search.studyinturkiye.com/sit-program/bachelor-of-computer-engineering-english-8/
"Bachelor of Communication Design (Turkish)",https://search.studyinturkiye.com/sit-program/bachelor-of-communication-design-turkish/
"Bachelor of Communication Arts (Turkish)",https://search.studyinturkiye.com/sit-program/bachelor-of-communication-arts-turkish/
"Bachelor of Civil Engineering (English)",https://search.studyinturkiye.com/sit-program/bachelor-of-civil-engineering-english-4/
"Bachelor of Cartoon and Animation (Turkish)",https://search.studyinturkiye.com/sit-program/bachelor-of-cartoon-and-animation-turkish/
"Bachelor of Business Administration (Turkish)",https://search.studyinturkiye.com/sit-program/bachelor-of-business-administration-turkish-3/
"Bachelor of Business Administration (English)",https://search.studyinturkiye.com/sit-program/bachelor-of-business-administration-english-3/
"Bachelor of Architecture (English)",https://search.studyinturkiye.com/sit-program/bachelor-of-architecture-english-4/
"Associate of Training Skills for Managers and Coaches (English)",https://search.studyinturkiye.com/sit-program/associate-of-training-skills-for-managers-and-coaches-english/
"Associate of The New Manager (English)",https://search.studyinturkiye.com/sit-program/associate-of-the-new-manager-english/
"Associate of The Effective Manager (English)",https://search.studyinturkiye.com/sit-program/associate-of-the-effective-manager-english/
"Associate of Team Leadership (English)",https://search.studyinturkiye.com/sit-program/associate-of-team-leadership-english/
"Associate of Stress Management (English)",https://search.studyinturkiye.com/sit-program/associate-of-stress-management-english/
"Associate of Smarter Selling (English)",https://search.studyinturkiye.com/sit-program/associate-of-smarter-selling-english/
"Associate of Project Resources, Risk and Budget Management (English)",https://search.studyinturkiye.com/sit-program/associate-of-project-resources-risk-and-budget-management-english/
"Associate of Project Management Fundamentals (English)",https://search.studyinturkiye.com/sit-program/associate-of-project-management-fundamentals-english/
"Associate of Project Management Bootcamp (English)",https://search.studyinturkiye.com/sit-program/associate-of-project-management-bootcamp-english/
"Associate of Professional Telephone Skills (English)",https://search.studyinturkiye.com/sit-program/associate-of-professional-telephone-skills-english/
"Associate of Practical AI and Machine Learning Experiments (English)",https://search.studyinturkiye.com/sit-program/associate-of-practical-ai-and-machine-learning-experiments-english/
"Associate of Mastering Business Analysis (English)",https://search.studyinturkiye.com/sit-program/associate-of-mastering-business-analysis-english/
"Associate of Managing Projects Using Agile Methods (English)",https://search.studyinturkiye.com/sit-program/associate-of-managing-projects-using-agile-methods-english/
"Associate of Managing Multigenerational Teams (English)",https://search.studyinturkiye.com/sit-program/associate-of-managing-multigenerational-teams-english/
"Associate of Managerial Leadership (English)",https://search.studyinturkiye.com/sit-program/associate-of-managerial-leadership-english/
"Associate of Machine Learning and Deep Learning for Enterprise (English)",https://search.studyinturkiye.com/sit-program/associate-of-machine-learning-and-deep-learning-for-enterprise-english/
"Associate of Learning and Development Training (English)",https://search.studyinturkiye.com/sit-program/associate-of-learning-and-development-training-english/
"Associate of HR For Non-HR Managers (English)",https://search.studyinturkiye.com/sit-program/associate-of-hr-for-non-hr-managers-english/
"Associate of Financial Management For Business Professionals (English)",https://search.studyinturkiye.com/sit-program/associate-of-financial-management-for-business-professionals-english/
"Associate of Fast Start in Business Analysis (English)",https://search.studyinturkiye.com/sit-program/associate-of-fast-start-in-business-analysis-english/
"Associate of Essential Skills For EAs and PAs (English)",https://search.studyinturkiye.com/sit-program/associate-of-essential-skills-for-eas-and-pas-english/
"Associate of Emotional Intelligence (English)",https://search.studyinturkiye.com/sit-program/associate-of-emotional-intelligence-english/
"Associate of Effective Coaching For Managers (English)",https://search.studyinturkiye.com/sit-program/associate-of-effective-coaching-for-managers-english/
"Associate of Creativity and Innovation (English)",https://search.studyinturkiye.com/sit-program/associate-of-creativity-and-innovation-english/
"Associate of Conflict Resolution (English)",https://search.studyinturkiye.com/sit-program/associate-of-conflict-resolution-english/
"Associate of Conducting Meetings (English)",https://search.studyinturkiye.com/sit-program/associate-of-conducting-meetings-english/
"Associate of Computer Vision (English)",https://search.studyinturkiye.com/sit-program/associate-of-computer-vision-english/
"Associate of Change Management (English)",https://search.studyinturkiye.com/sit-program/associate-of-change-management-english/
"Associate of Call Centre Management (English)",https://search.studyinturkiye.com/sit-program/associate-of-call-centre-management-english/
"Associate of Assertiveness at Work (English)",https://search.studyinturkiye.com/sit-program/associate-of-assertiveness-at-work-english/
"Associate of Advanced Communication Skills (English)",https://search.studyinturkiye.com/sit-program/associate-of-advanced-communication-skills-english/
"Associate of Advanced Business Analysis (English)",https://search.studyinturkiye.com/sit-program/associate-of-advanced-business-analysis-english/
"English Language Preparatory Program (English)",https://search.studyinturkiye.com/sit-program/english-language-preparatory-program-english-3/
"PhD in Anthropology (English)",https://search.studyinturkiye.com/sit-program/phd-in-anthropology-english/
"PhD in Materials and Nanotechnology (English)",https://search.studyinturkiye.com/sit-program/phd-in-materials-and-nanotechnology-english/
"PhD in Mechanical Engineering (English)",https://search.studyinturkiye.com/sit-program/phd-in-mechanical-engineering-english/
"PhD in Prosthetic Dentistry (English)",https://search.studyinturkiye.com/sit-program/phd-in-prosthetic-dentistry-english/
"PhD in Political Science and International Relations (English)",https://search.studyinturkiye.com/sit-program/phd-in-political-science-and-international-relations-english/
"PhD in Physics (English)",https://search.studyinturkiye.com/sit-program/phd-in-physics-english-2/
"PhD in Pharmacognosy (English)",https://search.studyinturkiye.com/sit-program/phd-in-pharmacognosy-english/
"PhD in Pharmaceutical Toxicology (English)",https://search.studyinturkiye.com/sit-program/phd-in-pharmaceutical-toxicology-english/
"PhD in Pharmaceutical Chemistry (English)",https://search.studyinturkiye.com/sit-program/phd-in-pharmaceutical-chemistry-english/
"PhD in Neuroscience (English)",https://search.studyinturkiye.com/sit-program/phd-in-neuroscience-english/
"PhD in Molecular Medicine (English)",https://search.studyinturkiye.com/sit-program/phd-in-molecular-medicine-english/
"PhD in Media Studies (English)",https://search.studyinturkiye.com/sit-program/phd-in-media-studies-english/
"PhD in Mathematics (English)",https://search.studyinturkiye.com/sit-program/phd-in-mathematics-english/
"PhD in International Trade and Logistics Management (English)",https://search.studyinturkiye.com/sit-program/phd-in-international-trade-and-logistics-management-english/
"PhD in Industrial and Systems Engineering (English)",https://search.studyinturkiye.com/sit-program/phd-in-industrial-and-systems-engineering-english/
"PhD in History (English)",https://search.studyinturkiye.com/sit-program/phd-in-history-english/
"PhD in Financial Economics (English)",https://search.studyinturkiye.com/sit-program/phd-in-financial-economics-english/
"PhD in English Language Education (English)",https://search.studyinturkiye.com/sit-program/phd-in-english-language-education-english/
"PhD in English Language and Literature (English)",https://search.studyinturkiye.com/sit-program/phd-in-english-language-and-literature-english/
"PhD in Electrical and Electronics Engineering (English)",https://search.studyinturkiye.com/sit-program/phd-in-electrical-and-electronics-engineering-english/
"PhD in Economics (English)",https://search.studyinturkiye.com/sit-program/phd-in-economics-english/
"PhD in Curriculum and Instruction (English)",https://search.studyinturkiye.com/sit-program/phd-in-curriculum-and-instruction-english/
"PhD in Computer Engineering (English)",https://search.studyinturkiye.com/sit-program/phd-in-computer-engineering-english-2/
"PhD in Civil Engineering (English)",https://search.studyinturkiye.com/sit-program/phd-in-civil-engineering-english/
"PhD in Chemical Engineering (English)",https://search.studyinturkiye.com/sit-program/phd-in-chemical-engineering-english/
"PhD in Business Administration (English)",https://search.studyinturkiye.com/sit-program/phd-in-business-administration-english-2/
"PhD in Biotechnology (English)",https://search.studyinturkiye.com/sit-program/phd-in-biotechnology-english/
"PhD in Architecture (English)",https://search.studyinturkiye.com/sit-program/phd-in-architecture-english/
"Master of Interaction Design (Thesis) (English)",https://search.studyinturkiye.com/sit-program/master-of-interaction-design-thesis-english/
"Master of Animation Design (Thesis) (English)",https://search.studyinturkiye.com/sit-program/master-of-animation-design-thesis-english/
"Master of Animation Design (Non-Thesis) (English)",https://search.studyinturkiye.com/sit-program/master-of-animation-design-non-thesis-english/
"Master of Local Administration and Governance (Thesis) (English)",https://search.studyinturkiye.com/sit-program/master-of-local-administration-and-governance-thesis-english/
"Master of Local Administration and Governance (Non-Thesis) (English)",https://search.studyinturkiye.com/sit-program/master-of-local-administration-and-governance-non-thesis-english/
"Master of Art Management (Non-Thesis) (English)",https://search.studyinturkiye.com/sit-program/master-of-art-management-non-thesis-english/
"Master of Art Management (Thesis) (English)",https://search.studyinturkiye.com/sit-program/master-of-art-management-thesis-english/
"Master of Plastic Arts and Painting (Non-Thesis) (English)",https://search.studyinturkiye.com/sit-program/master-of-plastic-arts-and-painting-non-thesis-english/
"Master of Plastic Arts and Painting (Thesis) (English)",https://search.studyinturkiye.com/sit-program/master-of-plastic-arts-and-painting-thesis-english/
"Master of Health Care Management (Non-Thesis) (English)",https://search.studyinturkiye.com/sit-program/master-of-health-care-management-non-thesis-english/
"Master of Health Care Management (Thesis) (English)",https://search.studyinturkiye.com/sit-program/master-of-health-care-management-thesis-english/
"Master of Pharmaceutical Toxicology (Non-Thesis) (English)",https://search.studyinturkiye.com/sit-program/master-of-pharmaceutical-toxicology-non-thesis-english/
"Master of Pharmaceutical Toxicology (Thesis) (English)",https://search.studyinturkiye.com/sit-program/master-of-pharmaceutical-toxicology-thesis-english/
"Master of Sustainable Built (Thesis) (English)",https://search.studyinturkiye.com/sit-program/master-of-sustainable-built-thesis-english/
"Master of Sustainable Energy (Non-Thesis) (English)",https://search.studyinturkiye.com/sit-program/master-of-sustainable-energy-non-thesis-english/
"Master of Sustainable Energy (Thesis) (English)",https://search.studyinturkiye.com/sit-program/master-of-sustainable-energy-thesis-english/
"Master of Urban Design and Landscape Architecture (Non-Thesis) (English)",https://search.studyinturkiye.com/sit-program/master-of-urban-design-and-landscape-architecture-non-thesis-english/
"Master of Urban Design and Landscape Architecture (Thesis) (English)",https://search.studyinturkiye.com/sit-program/master-of-urban-design-and-landscape-architecture-thesis-english/
"Master of Visual Communication Design (Thesis) (English)",https://search.studyinturkiye.com/sit-program/master-of-visual-communication-design-thesis-english/
"Master of Sports Physiotherapy (Thesis) (English)",https://search.studyinturkiye.com/sit-program/master-of-sports-physiotherapy-thesis-english/
"Master of Sociology (Thesis) (English)",https://search.studyinturkiye.com/sit-program/master-of-sociology-thesis-english/
"Master of Restorative Dentistry (Thesis) (English)",https://search.studyinturkiye.com/sit-program/master-of-restorative-dentistry-thesis-english/
"Master of Radio, TV and Cinema (Thesis) (English)",https://search.studyinturkiye.com/sit-program/master-of-radio-tv-and-cinema-thesis-english/
"Master of Radio, TV and Cinema (Thesis) (Turkish)",https://search.studyinturkiye.com/sit-program/master-of-radio-tv-and-cinema-thesis-turkish/
"Master of Radio, TV and Cinema (Non-Thesis) (English)",https://search.studyinturkiye.com/sit-program/master-of-radio-tv-and-cinema-non-thesis-english/
"Master of Public Relations and Publicity (Thesis) (English)",https://search.studyinturkiye.com/sit-program/master-of-public-relations-and-publicity-thesis-english/
"Master of Public Relations and Publicity (Non-Thesis) (English)",https://search.studyinturkiye.com/sit-program/master-of-public-relations-and-publicity-non-thesis-english/
"Master of Public Health (Thesis) (English)",https://search.studyinturkiye.com/sit-program/master-of-public-health-thesis-english/
"Master of Public Health (Non-Thesis) (English)",https://search.studyinturkiye.com/sit-program/master-of-public-health-non-thesis-english/
"Master of Psychology (Thesis) (English)",https://search.studyinturkiye.com/sit-program/master-of-psychology-thesis-english/
"Master of Prosthodontics (Thesis) (English)",https://search.studyinturkiye.com/sit-program/master-of-prosthodontics-thesis-english/
"Master of Political Science and International Relations (Thesis) (English)",https://search.studyinturkiye.com/sit-program/master-of-political-science-and-international-relations-thesis-english-2/
"Master of Political Science and International Relations (Non-Thesis) (English)",https://search.studyinturkiye.com/sit-program/master-of-political-science-and-international-relations-non-thesis-english-2/
"Master of Plastic Arts (Thesis) (Turkish)",https://search.studyinturkiye.com/sit-program/master-of-plastic-arts-thesis-turkish/
"Master of Phytotherapy (Thesis) (English)",https://search.studyinturkiye.com/sit-program/master-of-phytotherapy-thesis-english/
"Master of Phytotherapy (Non-Thesis) (English)",https://search.studyinturkiye.com/sit-program/master-of-phytotherapy-non-thesis-english/
"Master of Physiotherapy and Rehabilitation (Thesis) (English)",https://search.studyinturkiye.com/sit-program/master-of-physiotherapy-and-rehabilitation-thesis-english-2/
"Master of Physiotherapy (Thesis) (English)",https://search.studyinturkiye.com/sit-program/master-of-physiotherapy-thesis-english/
"Master of Physiology (Thesis) (English)",https://search.studyinturkiye.com/sit-program/master-of-physiology-thesis-english/
"Master of Physics (Thesis) (English)",https://search.studyinturkiye.com/sit-program/master-of-physics-thesis-english/
"Master of Philosophy (Thesis) (English)",https://search.studyinturkiye.com/sit-program/master-of-philosophy-thesis-english/
"Master of Philosophy (Non-Thesis) (English)",https://search.studyinturkiye.com/sit-program/master-of-philosophy-non-thesis-english/
"Master of Pharmacognosy (Non-Thesis) (English)",https://search.studyinturkiye.com/sit-program/master-of-pharmacognosy-non-thesis-english/
"Master of Pharmacoeconomics and Pharmacoepidemiology (Thesis) (English)",https://search.studyinturkiye.com/sit-program/master-of-pharmacoeconomics-and-pharmacoepidemiology-thesis-english/
"Master of Pharmacoeconomics and Pharmacoepidemiology (Non-Thesis) (English)",https://search.studyinturkiye.com/sit-program/master-of-pharmacoeconomics-and-pharmacoepidemiology-non-thesis-english/
"Master of Pharmaceutical Chemistry (Thesis) (English)",https://search.studyinturkiye.com/sit-program/master-of-pharmaceutical-chemistry-thesis-english/
"Master of Pharmaceutical Chemistry (Non-Thesis) (English)",https://search.studyinturkiye.com/sit-program/master-of-pharmaceutical-chemistry-non-thesis-english/
"Master of Periodontology(Thesis) (English)",https://search.studyinturkiye.com/sit-program/master-of-periodontologythesis-english/
"Master of Pediatric Dentistry (Thesis) (English)",https://search.studyinturkiye.com/sit-program/master-of-pediatric-dentistry-thesis-english/
"Master of Orthodontics (Thesis) (English)",https://search.studyinturkiye.com/sit-program/master-of-orthodontics-thesis-english/
"Master of Oral Implantology (Thesis) (English)",https://search.studyinturkiye.com/sit-program/master-of-oral-implantology-thesis-english/
"Master of Oral and Maxillofacial Surgery (Thesis) (English)",https://search.studyinturkiye.com/sit-program/master-of-oral-and-maxillofacial-surgery-thesis-english/
"Master of Oral and Maxillofacial Surgery (Non-Thesis) (English)",https://search.studyinturkiye.com/sit-program/master-of-oral-and-maxillofacial-surgery-non-thesis-english/
"Master of Occupational Health and Safety (Thesis) (English)",https://search.studyinturkiye.com/sit-program/master-of-occupational-health-and-safety-thesis-english/
"Master of Occupational Health and Safety (Non-Thesis) (English)",https://search.studyinturkiye.com/sit-program/master-of-occupational-health-and-safety-non-thesis-english/
"Master of Nutrition and Dietetics (Thesis) (English)",https://search.studyinturkiye.com/sit-program/master-of-nutrition-and-dietetics-thesis-english/
"Master of Nursing (Thesis) (English)",https://search.studyinturkiye.com/sit-program/master-of-nursing-thesis-english/
"Master of Molecular Medicine (Thesis) (English)",https://search.studyinturkiye.com/sit-program/master-of-molecular-medicine-thesis-english/
"Master of Medical Physics (Thesis) (English)",https://search.studyinturkiye.com/sit-program/master-of-medical-physics-thesis-english/
"Master of Medical Physics (Non-Thesis) (English)",https://search.studyinturkiye.com/sit-program/master-of-medical-physics-non-thesis-english/
"Master of Media and Communication Management (Thesis) (English)",https://search.studyinturkiye.com/sit-program/master-of-media-and-communication-management-thesis-english/
"Master of Media and Communication Management (Non-Thesis) (English)",https://search.studyinturkiye.com/sit-program/master-of-media-and-communication-management-non-thesis-english/
"Master of Mechanical Engineering (Thesis) (English)",https://search.studyinturkiye.com/sit-program/master-of-mechanical-engineering-thesis-english-2/
"Master of Mathematics (Thesis) (English)",https://search.studyinturkiye.com/sit-program/master-of-mathematics-thesis-english/
"Master of Mathematics (Non-Thesis) (English)",https://search.studyinturkiye.com/sit-program/master-of-mathematics-non-thesis-english/
"Master of Materials Science and Nano Engineering(Thesis) (English)",https://search.studyinturkiye.com/sit-program/master-of-materials-science-and-nano-engineeringthesis-english/
"Master of Materials and NanoTechnology Engineering (Non-Thesis) (English)",https://search.studyinturkiye.com/sit-program/master-of-materials-and-nanotechnology-engineering-non-thesis-english/
"Master of Management Information Systems (Thesis) (English)",https://search.studyinturkiye.com/sit-program/master-of-management-information-systems-thesis-english-2/
"Master of Management Information Systems (Non-Thesis) (English)",https://search.studyinturkiye.com/sit-program/master-of-management-information-systems-non-thesis-english/
"Master of Law (Thesis) (English)",https://search.studyinturkiye.com/sit-program/master-of-law-thesis-english/
"Master of Law (Non-Thesis) (English)",https://search.studyinturkiye.com/sit-program/master-of-law-non-thesis-english/
"Master of International Trade and Logistics Management (Thesis) (English)",https://search.studyinturkiye.com/sit-program/master-of-international-trade-and-logistics-management-thesis-english/
"Master of International Trade and Logistics Management (Non-Thesis) (English)",https://search.studyinturkiye.com/sit-program/master-of-international-trade-and-logistics-management-non-thesis-english/
"Master ofInformation Technologies and Social Media Education (Thesis) (English)",https://search.studyinturkiye.com/sit-program/master-ofinformation-technologies-and-social-media-education-thesis-english/
"Master of Industrial and Systems Engineering (Thesis) (English)",https://search.studyinturkiye.com/sit-program/master-of-industrial-and-systems-engineering-thesis-english/
"Master of Human Resources Management (Thesis) (English)",https://search.studyinturkiye.com/sit-program/master-of-human-resources-management-thesis-english/
"Master of Human Resources Management (Non-Thesis) (English)",https://search.studyinturkiye.com/sit-program/master-of-human-resources-management-non-thesis-english/
"Master of History (Thesis) (English)",https://search.studyinturkiye.com/sit-program/master-of-history-thesis-english/
"Master of History (Non-Thesis) (English)",https://search.studyinturkiye.com/sit-program/master-of-history-non-thesis-english/
"Master of Histology and Embryology (Thesis) (English)",https://search.studyinturkiye.com/sit-program/master-of-histology-and-embryology-thesis-english/
"Master of Healthcare Management (Thesis) (English)",https://search.studyinturkiye.com/sit-program/master-of-healthcare-management-thesis-english/
"Master of Healthcare Management (Non-Thesis) (English)",https://search.studyinturkiye.com/sit-program/master-of-healthcare-management-non-thesis-english/
"Master of Health Physics (Thesis) (English)",https://search.studyinturkiye.com/sit-program/master-of-health-physics-thesis-english/
"Master of Guidance and Counseling (Thesis) (English)",https://search.studyinturkiye.com/sit-program/master-of-guidance-and-counseling-thesis-english/
"Master of Guidance and Counseling (Non-Thesis) (English)",https://search.studyinturkiye.com/sit-program/master-of-guidance-and-counseling-non-thesis-english/
"Master of Graphic Design (Thesis) (English)",https://search.studyinturkiye.com/sit-program/master-of-graphic-design-thesis-english/
"Master of General Journalism (Thesis) (English)",https://search.studyinturkiye.com/sit-program/master-of-general-journalism-thesis-english/
"Master of Financial Economics(Thesis) (English)",https://search.studyinturkiye.com/sit-program/master-of-financial-economicsthesis-english/
"Master of Financial Economics (Non-Thesis) (English)",https://search.studyinturkiye.com/sit-program/master-of-financial-economics-non-thesis-english/
"Master of Executive Business Administration (Thesis) (English)",https://search.studyinturkiye.com/sit-program/master-of-executive-business-administration-thesis-english-2/
"Master of Executive Business Administration (Non-Thesis) (English)",https://search.studyinturkiye.com/sit-program/master-of-executive-business-administration-non-thesis-english/
"Master of English Language Teaching (Thesis) (English)",https://search.studyinturkiye.com/sit-program/master-of-english-language-teaching-thesis-english/
"Master of English Language Education (Non-Thesis) (English)",https://search.studyinturkiye.com/sit-program/master-of-english-language-education-non-thesis-english/
"Master of English Language and Literature (Thesis) (English)",https://search.studyinturkiye.com/sit-program/master-of-english-language-and-literature-thesis-english/
"Master of Endodontics (Thesis) (English)",https://search.studyinturkiye.com/sit-program/master-of-endodontics-thesis-english/
"Master of Electrical and Electronics Engineering (Thesis) (English)",https://search.studyinturkiye.com/sit-program/master-of-electrical-and-electronics-engineering-thesis-english-3/
"Master of Educational Economy and Planning (Thesis) (English)",https://search.studyinturkiye.com/sit-program/master-of-educational-economy-and-planning-thesis-english/
"Master of Educational Economy and Planning (Non-Thesis) (English)",https://search.studyinturkiye.com/sit-program/master-of-educational-economy-and-planning-non-thesis-english/
"Master of Educational Administration and Supervision (Thesis) (English)",https://search.studyinturkiye.com/sit-program/master-of-educational-administration-and-supervision-thesis-english/
"Master of Economics (Thesis) (English)",https://search.studyinturkiye.com/sit-program/master-of-economics-thesis-english/
"Master of Economics (Non-Thesis) (English)",https://search.studyinturkiye.com/sit-program/master-of-economics-non-thesis-english/
"Master of Drug and Cosmetic Production Technologies (Thesis) (English)",https://search.studyinturkiye.com/sit-program/master-of-drug-and-cosmetic-production-technologies-thesis-english/
"Master of Drug and Cosmetic Production Technologies (Non-Thesis) (English)",https://search.studyinturkiye.com/sit-program/master-of-drug-and-cosmetic-production-technologies-non-thesis-english/
"Master of Data Science (Thesis) (English)",https://search.studyinturkiye.com/sit-program/master-of-data-science-thesis-english-2/
"Master of Data Science (Non-Thesis) (English)",https://search.studyinturkiye.com/sit-program/master-of-data-science-non-thesis-english-2/
"Master of Curriculum and Instruction (Thesis) (English)",https://search.studyinturkiye.com/sit-program/master-of-curriculum-and-instruction-thesis-english/
"Master of Cosmetology (Thesis) (English)",https://search.studyinturkiye.com/sit-program/master-of-cosmetology-thesis-english/
"Master of Cosmetology (Non-Thesis) (English)",https://search.studyinturkiye.com/sit-program/master-of-cosmetology-non-thesis-english/
"Master of Computer Engineering (Thesis) (English)",https://search.studyinturkiye.com/sit-program/master-of-computer-engineering-thesis-english-4/
"Master of Comparative Literature (Thesis) (English)",https://search.studyinturkiye.com/sit-program/master-of-comparative-literature-thesis-english/
"Master of Cognitive Sciences (Thesis) (English)",https://search.studyinturkiye.com/sit-program/master-of-cognitive-sciences-thesis-english/
"Master of Cognitive Sciences (Non-Thesis) (English)",https://search.studyinturkiye.com/sit-program/master-of-cognitive-sciences-non-thesis-english/
"Master of Clinical Pharmacy (Thesis) (English)",https://search.studyinturkiye.com/sit-program/master-of-clinical-pharmacy-thesis-english/
"Master of Clinical Pharmacy (Non-Thesis) (English)",https://search.studyinturkiye.com/sit-program/master-of-clinical-pharmacy-non-thesis-english/
"Master of Civil Engineering (Thesis) (English)",https://search.studyinturkiye.com/sit-program/master-of-civil-engineering-thesis-english-4/
"Master of Chemical Engineering (Thesis) (English)",https://search.studyinturkiye.com/sit-program/master-of-chemical-engineering-thesis-english/
"Master of Business Administration (Thesis) (English)",https://search.studyinturkiye.com/sit-program/master-of-business-administration-thesis-english-5/
"Master of Business Administration (Non-Thesis) (English)",https://search.studyinturkiye.com/sit-program/master-of-business-administration-non-thesis-english-6/
"Master of BioTechnology (Thesis) (English)",https://search.studyinturkiye.com/sit-program/master-of-biotechnology-thesis-english/
"Master of Biomedical Engineering (Thesis) (English)",https://search.studyinturkiye.com/sit-program/master-of-biomedical-engineering-thesis-english/
"Master of Biomedical Engineering (Non-Thesis) (English)",https://search.studyinturkiye.com/sit-program/master-of-biomedical-engineering-non-thesis-english/
"Master of Biological Anthropology (Thesis) (English)",https://search.studyinturkiye.com/sit-program/master-of-biological-anthropology-thesis-english/
"Master of Arts Management (Thesis) (Turkish)",https://search.studyinturkiye.com/sit-program/master-of-arts-management-thesis-turkish/
"Master of Arts in Educational Administration and Supervision (Non-Thesis) (English)",https://search.studyinturkiye.com/sit-program/master-of-arts-in-educational-administration-and-supervision-non-thesis-english/
"Master of Architecture (Thesis) (English)",https://search.studyinturkiye.com/sit-program/master-of-architecture-thesis-english-2/
"Master of Architecture (Non-Thesis) (English)",https://search.studyinturkiye.com/sit-program/master-of-architecture-non-thesis-english-3/
"Master of Anthropology (Thesis) (English)",https://search.studyinturkiye.com/sit-program/master-of-anthropology-thesis-english/
"Master of Anthropology (Non-Thesis) (English)",https://search.studyinturkiye.com/sit-program/master-of-anthropology-non-thesis-english/
"Master of Accounting and Finance(Thesis) (English)",https://search.studyinturkiye.com/sit-program/master-of-accounting-and-financethesis-english/
"Master of Accounting and Finance (Non-Thesis) (English)",https://search.studyinturkiye.com/sit-program/master-of-accounting-and-finance-non-thesis-english/
"Bachelor of Agricultural Trade and Management (English)",https://search.studyinturkiye.com/sit-program/bachelor-of-agricultural-trade-and-management-english/
"Bachelor of Arts and Culture Management Department (English)",https://search.studyinturkiye.com/sit-program/bachelor-of-arts-and-culture-management-department-english/
"Bachelor of Elementary Mathematics Education (English)",https://search.studyinturkiye.com/sit-program/bachelor-of-elementary-mathematics-education-english/
"Bachelor of Information Security Technology (English)",https://search.studyinturkiye.com/sit-program/bachelor-of-information-security-technology-english/
"Bachelor of E-Commerce Management (English)",https://search.studyinturkiye.com/sit-program/bachelor-of-e-commerce-management-english/
"Bachelor of International Transportation Systems (English)",https://search.studyinturkiye.com/sit-program/bachelor-of-international-transportation-systems-english/
"Bachelor of Theatre (English)",https://search.studyinturkiye.com/sit-program/bachelor-of-theatre-english/
"Bachelor of Public Relations and Publicity (English)",https://search.studyinturkiye.com/sit-program/bachelor-of-public-relations-and-publicity-english/
"Bachelor of Visual Communication Design (English)",https://search.studyinturkiye.com/sit-program/bachelor-of-visual-communication-design-english/
"Bachelor ofVisual Communication and Design (English)",https://search.studyinturkiye.com/sit-program/bachelor-ofvisual-communication-and-design-english/
"Bachelor of Urban Design and Landscape Architecture (English)",https://search.studyinturkiye.com/sit-program/bachelor-of-urban-design-and-landscape-architecture-english/
"Bachelor of Turkish Language and Literature Teaching (Turkish)",https://search.studyinturkiye.com/sit-program/bachelor-of-turkish-language-and-literature-teaching-turkish/
"Bachelor of Turkish Language and Literature (Turkish)",https://search.studyinturkiye.com/sit-program/bachelor-of-turkish-language-and-literature-turkish-3/
"Bachelor of Translation and Interpretation Studies (English)",https://search.studyinturkiye.com/sit-program/bachelor-of-translation-and-interpretation-studies-english/
"Bachelor of Tourism Management (English)",https://search.studyinturkiye.com/sit-program/bachelor-of-tourism-management-english-2/
"Bachelor ofThe Custom and Border Management (Turkish)",https://search.studyinturkiye.com/sit-program/bachelor-ofthe-custom-and-border-management-turkish/
"Bachelor of Special Education Teaching (English)",https://search.studyinturkiye.com/sit-program/bachelor-of-special-education-teaching-english/
"Bachelor of Sociology (English)",https://search.studyinturkiye.com/sit-program/bachelor-of-sociology-english/
"Bachelor of Real Estate Valuation and Management (English)",https://search.studyinturkiye.com/sit-program/bachelor-of-real-estate-valuation-and-management-english/
"Bachelor of Radio, Cinema and TV (English)",https://search.studyinturkiye.com/sit-program/bachelor-of-radio-cinema-and-tv-english/
"Bachelor of Public Administration (English)",https://search.studyinturkiye.com/sit-program/bachelor-of-public-administration-english/
"Bachelor of Psychology (English)",https://search.studyinturkiye.com/sit-program/bachelor-of-psychology-english-5/
"Bachelor of Political Science and International Relations (English)",https://search.studyinturkiye.com/sit-program/bachelor-of-political-science-and-international-relations-english-3/
"Bachelor of Political Science and International Relations (English)",https://search.studyinturkiye.com/sit-program/bachelor-of-political-science-and-international-relations-english-4/
"Bachelor of Plastic Arts and Painting (English)",https://search.studyinturkiye.com/sit-program/bachelor-of-plastic-arts-and-painting-english/
"Bachelor of Physiotherapy and Rehabilitation (Turkish)",https://search.studyinturkiye.com/sit-program/bachelor-of-physiotherapy-and-rehabilitation-turkish-4/
"Bachelor of Physiotherapy and Rehabilitation (English)",https://search.studyinturkiye.com/sit-program/bachelor-of-physiotherapy-and-rehabilitation-english-5/
"Bachelor of Physics (English)",https://search.studyinturkiye.com/sit-program/bachelor-of-physics-english/
"Bachelor of Philosophy (English)",https://search.studyinturkiye.com/sit-program/bachelor-of-philosophy-english/
"Bachelor of Pharmacy (English)",https://search.studyinturkiye.com/sit-program/bachelor-of-pharmacy-english-4/
"Bachelor of Nutrition and Dietetics (English)",https://search.studyinturkiye.com/sit-program/bachelor-of-nutrition-and-dietetics-english/
"Bachelor of Nursing (English)",https://search.studyinturkiye.com/sit-program/bachelor-of-nursing-english-6/
"Bachelor of Medicine (English)",https://search.studyinturkiye.com/sit-program/bachelor-of-medicine-english-6/
"Bachelor of Mechanical Engineering (English)",https://search.studyinturkiye.com/sit-program/bachelor-of-mechanical-engineering-english-5/
"Bachelor of Mathematics (English)",https://search.studyinturkiye.com/sit-program/bachelor-of-mathematics-english/
"Bachelor of Materials Science and NanoTechnology Engineering (English)",https://search.studyinturkiye.com/sit-program/bachelor-of-materials-science-and-nanotechnology-engineering-english/
"Bachelor of Management Information Systems (English)",https://search.studyinturkiye.com/sit-program/bachelor-of-management-information-systems-english-2/
"Bachelor of Logistics Management (English)",https://search.studyinturkiye.com/sit-program/bachelor-of-logistics-management-english/
"Bachelor of Law (Turkish)",https://search.studyinturkiye.com/sit-program/bachelor-of-law-turkish-2/
"Bachelor of Journalism (English)",https://search.studyinturkiye.com/sit-program/bachelor-of-journalism-english/
"Bachelor of International Finance (English)",https://search.studyinturkiye.com/sit-program/bachelor-of-international-finance-english/
"Bachelor of International Trade and Business(English)",https://search.studyinturkiye.com/sit-program/bachelor-of-international-trade-and-businessenglish/
"Bachelor of International Business (English)",https://search.studyinturkiye.com/sit-program/bachelor-of-international-business-english/
"Bachelor of Interior Architecture (English)",https://search.studyinturkiye.com/sit-program/bachelor-of-interior-architecture-english-2/
"Bachelor of Information Systems and Technologies (English)",https://search.studyinturkiye.com/sit-program/bachelor-of-information-systems-and-technologies-english/
"Bachelor of Industrial Engineering (English)",https://search.studyinturkiye.com/sit-program/bachelor-of-industrial-engineering-english-4/
"Bachelor of Industrial Design (English)",https://search.studyinturkiye.com/sit-program/bachelor-of-industrial-design-english-2/
"Bachelor of Human Resources Management (Turkish)",https://search.studyinturkiye.com/sit-program/bachelor-of-human-resources-management-turkish/
"Bachelor of History (English)",https://search.studyinturkiye.com/sit-program/bachelor-of-history-english/
"Bachelor of Guidance and Psychological Counseling (English)",https://search.studyinturkiye.com/sit-program/bachelor-of-guidance-and-psychological-counseling-english/
"Bachelor of Graphic Design (English)",https://search.studyinturkiye.com/sit-program/bachelor-of-graphic-design-english-2/
"Bachelor of Genetics and BioEngineering (English)",https://search.studyinturkiye.com/sit-program/bachelor-of-genetics-and-bioengineering-english/
"Bachelor of Gastronomy and Culinary Arts (English)",https://search.studyinturkiye.com/sit-program/bachelor-of-gastronomy-and-culinary-arts-english-4/
"Bachelor of Food Engineering (English)",https://search.studyinturkiye.com/sit-program/bachelor-of-food-engineering-english/
"Bachelor of Fashion and Textile Design (English)",https://search.studyinturkiye.com/sit-program/bachelor-of-fashion-and-textile-design-english/
"Bachelor of English Language Teaching (English)",https://search.studyinturkiye.com/sit-program/bachelor-of-english-language-teaching-english-2/
"Bachelor of English Language and Literature (English)",https://search.studyinturkiye.com/sit-program/bachelor-of-english-language-and-literature-english-3/
"Bachelor of Electrical and Electronics Engineering (English)",https://search.studyinturkiye.com/sit-program/bachelor-of-electrical-and-electronics-engineering-english-6/
"Bachelor of Economics (English)",https://search.studyinturkiye.com/sit-program/bachelor-of-economics-english-5/
"Bachelor of Dentistry (Turkish)",https://search.studyinturkiye.com/sit-program/bachelor-of-dentistry-turkish-7/
"Bachelor of Dentistry (English)",https://search.studyinturkiye.com/sit-program/bachelor-of-dentistry-english-8/
"Bachelor of Computer Engineering (English)",https://search.studyinturkiye.com/sit-program/bachelor-of-computer-engineering-english-9/
"Bachelor of Computer Education and Instructional Technology (English)",https://search.studyinturkiye.com/sit-program/bachelor-of-computer-education-and-instructional-technology-english/
"Bachelor of Civil Engineering (English)",https://search.studyinturkiye.com/sit-program/bachelor-of-civil-engineering-english-5/
"Bachelor of Chemical Engineering (English)",https://search.studyinturkiye.com/sit-program/bachelor-of-chemical-engineering-english/
"Bachelor of Business Administration (English)",https://search.studyinturkiye.com/sit-program/bachelor-of-business-administration-english-4/
"Bachelor of Biomedical Engineering (English)",https://search.studyinturkiye.com/sit-program/bachelor-of-biomedical-engineering-english-4/
"Bachelor of Aviation Management (English)",https://search.studyinturkiye.com/sit-program/bachelor-of-aviation-management-english/
"Bachelor of Architecture (English)",https://search.studyinturkiye.com/sit-program/bachelor-of-architecture-english-5/
"Bachelor of Anthropology (English)",https://search.studyinturkiye.com/sit-program/bachelor-of-anthropology-english-2/
"Bachelor of Advertising Design and Communication (English)",https://search.studyinturkiye.com/sit-program/bachelor-of-advertising-design-and-communication-english/
"Foundation in Science (English)",https://search.studyinturkiye.com/sit-program/foundation-in-science-english/
"Foundation in Arts (English)",https://search.studyinturkiye.com/sit-program/foundation-in-arts-english/
"English Language Preparatory Program (English)",https://search.studyinturkiye.com/sit-program/english-language-preparatory-program-english-4/
"PhD in Management (English)",https://search.studyinturkiye.com/sit-program/phd-in-management-english/
"PhD in Information Technology (English)",https://search.studyinturkiye.com/sit-program/phd-in-information-technology-english/
"PhD in Engineering (English)",https://search.studyinturkiye.com/sit-program/phd-in-engineering-english/
"PhD in Education (English)",https://search.studyinturkiye.com/sit-program/phd-in-education-english/
"PhD in Business Administration (English)",https://search.studyinturkiye.com/sit-program/phd-in-business-administration-english-3/
"Master of Pharmaceutical Sciences (Thesis) (English)",https://search.studyinturkiye.com/sit-program/master-of-pharmaceutical-sciences-thesis-english/
"Master of Accountancy (Thesis) (English)",https://search.studyinturkiye.com/sit-program/master-of-accountancy-thesis-english/
"Master of Education (English)",https://search.studyinturkiye.com/sit-program/master-of-education-english/
"Master of Vision Science (Thesis) (English)",https://search.studyinturkiye.com/sit-program/master-of-vision-science-thesis-english/
"Master of Management (Thesis) (English)",https://search.studyinturkiye.com/sit-program/master-of-management-thesis-english/
"Master of Information Technology (Thesis) (English)",https://search.studyinturkiye.com/sit-program/master-of-information-technology-thesis-english/
"Master of Financial Planning (Thesis) (English)",https://search.studyinturkiye.com/sit-program/master-of-financial-planning-thesis-english/
"Master of Engineering (Thesis) (English)",https://search.studyinturkiye.com/sit-program/master-of-engineering-thesis-english/
"Master of Business Administration in Marketing (Thesis) (English)",https://search.studyinturkiye.com/sit-program/master-of-business-administration-in-marketing-thesis-english/
"Master of Business Administration in Finance (Thesis) (English)",https://search.studyinturkiye.com/sit-program/master-of-business-administration-in-finance-thesis-english/
"Master of Business Administration (Human Resource Management) (Thesis) (English)",https://search.studyinturkiye.com/sit-program/master-of-business-administration-human-resource-management-thesis-english/
"Master of Business Administration (Global Business) (Thesis) (English)",https://search.studyinturkiye.com/sit-program/master-of-business-administration-global-business-thesis-english/
"Master of Business Administration (General Management) (Thesis) (English)",https://search.studyinturkiye.com/sit-program/master-of-business-administration-general-management-thesis-english/
"Master of Arts in Corporate Communications (Thesis) (English)",https://search.studyinturkiye.com/sit-program/master-of-arts-in-corporate-communications-thesis-english/
"Bachelor of Business and Marketing Management (English)",https://search.studyinturkiye.com/sit-program/bachelor-of-business-and-marketing-management-english/
"Bachelor of Digital Marketing (English)",https://search.studyinturkiye.com/sit-program/bachelor-of-digital-marketing-english/
"Bachelor of Media and Communication (English)",https://search.studyinturkiye.com/sit-program/bachelor-of-media-and-communication-english/
"Bachelor of Medicine & Surgery (English)",https://search.studyinturkiye.com/sit-program/bachelor-of-medicine-surgery-english-2/
"Bachelor of Civil Engineering (Hons) (English)",https://search.studyinturkiye.com/sit-program/bachelor-of-civil-engineering-hons-english/
"Bachelor of Chemical Engineering (Hons) (English)",https://search.studyinturkiye.com/sit-program/bachelor-of-chemical-engineering-hons-english/
"Bachelor of Mechanical Engineering (Hons) (English)",https://search.studyinturkiye.com/sit-program/bachelor-of-mechanical-engineering-hons-english/
"Bachelor of Electronics & Electrical Engineering (Hons) (English)",https://search.studyinturkiye.com/sit-program/bachelor-of-electronics-electrical-engineering-hons-english/
"Bachelor of Quantity Surveying (Hons) (English)",https://search.studyinturkiye.com/sit-program/bachelor-of-quantity-surveying-hons-english/
"Bachelor of Arts Interior Architecture (English)",https://search.studyinturkiye.com/sit-program/bachelor-of-arts-interior-architecture-english/
"Bachelor of Science Architecture (Hons) (English)",https://search.studyinturkiye.com/sit-program/bachelor-of-science-architecture-hons-english/
"Bachelor of Information Technology (Hons) (Information Systems) (Cyberjaya Campus) (English)",https://search.studyinturkiye.com/sit-program/bachelor-of-information-technology-hons-information-systems-cyberjaya-campus-english/
"Bachelor of Arts In English & Public Relations (Hons) (English)",https://search.studyinturkiye.com/sit-program/bachelor-of-arts-in-english-public-relations-hons-english/
"Bachelor of Mass Communications (Hons) (English)",https://search.studyinturkiye.com/sit-program/bachelor-of-mass-communications-hons-english/
"Bachelor of Arts Multimedia Design (Hons) (English)",https://search.studyinturkiye.com/sit-program/bachelor-of-arts-multimedia-design-hons-english/
"Bachelor of Arts Visual Communication Design (Hons) (English)",https://search.studyinturkiye.com/sit-program/bachelor-of-arts-visual-communication-design-hons-english/
"Bachelor of Business Management (Hons) (English)",https://search.studyinturkiye.com/sit-program/bachelor-of-business-management-hons-english/
"Bachelor of Psychology (Hons) (English)",https://search.studyinturkiye.com/sit-program/bachelor-of-psychology-hons-english/
"Bachelor of Education (Hons) (English)",https://search.studyinturkiye.com/sit-program/bachelor-of-education-hons-english/
"Bachelor of Pharmacy (Hons) (English)",https://search.studyinturkiye.com/sit-program/bachelor-of-pharmacy-hons-english/
"Bachelor of Science Optometry (Hons) (English)",https://search.studyinturkiye.com/sit-program/bachelor-of-science-optometry-hons-english/
"Bachelor of Optometry (Hons) (English)",https://search.studyinturkiye.com/sit-program/bachelor-of-optometry-hons-english/
"Bachelor of Biomedical Science (Hons) (English)",https://search.studyinturkiye.com/sit-program/bachelor-of-biomedical-science-hons-english/
"Bachelor of Computer Science (Cyber Security) (Hons) (English)",https://search.studyinturkiye.com/sit-program/bachelor-of-computer-science-cyber-security-hons-english/
"Bachelor of Tourism and Hospitality (English)",https://search.studyinturkiye.com/sit-program/bachelor-of-tourism-and-hospitality-english/
"Bachelor of Dental Surgery (English)",https://search.studyinturkiye.com/sit-program/bachelor-of-dental-surgery-english/
"Bachelor of Computing (English)",https://search.studyinturkiye.com/sit-program/bachelor-of-computing-english/
"Bachelor of Communication Arts (English)",https://search.studyinturkiye.com/sit-program/bachelor-of-communication-arts-english/
"Bachelor of Business Administration (English)",https://search.studyinturkiye.com/sit-program/bachelor-of-business-administration-english-5/
"Bachelor of Automotive Engineering (English)",https://search.studyinturkiye.com/sit-program/bachelor-of-automotive-engineering-english/
"Bachelor of Accounting and Finance (English)",https://search.studyinturkiye.com/sit-program/bachelor-of-accounting-and-finance-english/
"Bachelor of Supply Chain Management Endorsement (English)",https://search.studyinturkiye.com/sit-program/bachelor-of-supply-chain-management-endorsement-english/
"Bachelor of Sociology (English)",https://search.studyinturkiye.com/sit-program/bachelor-of-sociology-english-2/
"Bachelor of Social Sciences (English)",https://search.studyinturkiye.com/sit-program/bachelor-of-social-sciences-english/
"Bachelor of Rhetoric and Professional Writing (English)",https://search.studyinturkiye.com/sit-program/bachelor-of-rhetoric-and-professional-writing-english/
"Bachelor of Public History (English)",https://search.studyinturkiye.com/sit-program/bachelor-of-public-history-english/
"Bachelor of Pre-Law, Political Science (English)",https://search.studyinturkiye.com/sit-program/bachelor-of-pre-law-political-science-english/
"Bachelor of Pre-Law, History (English)",https://search.studyinturkiye.com/sit-program/bachelor-of-pre-law-history-english/
"Bachelor of Physics, Teacher Preparation (English)",https://search.studyinturkiye.com/sit-program/bachelor-of-physics-teacher-preparation-english/
"Bachelor of Physics (English)",https://search.studyinturkiye.com/sit-program/bachelor-of-physics-english-2/
"Bachelor of Physical Sciences (English)",https://search.studyinturkiye.com/sit-program/bachelor-of-physical-sciences-english/
"Bachelor of Photography (English)",https://search.studyinturkiye.com/sit-program/bachelor-of-photography-english/
"Bachelor of Painting and Drawing (English)",https://search.studyinturkiye.com/sit-program/bachelor-of-painting-and-drawing-english/
"Bachelor of Nursing (English)",https://search.studyinturkiye.com/sit-program/bachelor-of-nursing-english-7/
"Bachelor of Mathematics with Secondary Teaching Endorsement (English)",https://search.studyinturkiye.com/sit-program/bachelor-of-mathematics-with-secondary-teaching-endorsement-english/
"Bachelor of Mathematics (English)",https://search.studyinturkiye.com/sit-program/bachelor-of-mathematics-english-2/
"Bachelor of Management (English)",https://search.studyinturkiye.com/sit-program/bachelor-of-management-english/
"Bachelor of International Economics (English)",https://search.studyinturkiye.com/sit-program/bachelor-of-international-economics-english/
"Bachelor of History and Social Science Secondary Education (English)",https://search.studyinturkiye.com/sit-program/bachelor-of-history-and-social-science-secondary-education-english/
"Bachelor of Health and Physical Education (English)",https://search.studyinturkiye.com/sit-program/bachelor-of-health-and-physical-education-english/
"Bachelor of Global Politics (English)",https://search.studyinturkiye.com/sit-program/bachelor-of-global-politics-english/
"Bachelor of General Economics (English)",https://search.studyinturkiye.com/sit-program/bachelor-of-general-economics-english/
"Bachelor of Finance (English)",https://search.studyinturkiye.com/sit-program/bachelor-of-finance-english/
"Bachelor of Emphasis in Piano Pedagogy (English)",https://search.studyinturkiye.com/sit-program/bachelor-of-emphasis-in-piano-pedagogy-english/
"Bachelor of Education (English)",https://search.studyinturkiye.com/sit-program/bachelor-of-education-english/
"Bachelor of Design in Craft (English)",https://search.studyinturkiye.com/sit-program/bachelor-of-design-in-craft-english/
"Bachelor of Cyber Security, Forensics, and Policy (English)",https://search.studyinturkiye.com/sit-program/bachelor-of-cyber-security-forensics-and-policy-english/
"Bachelor of Creative Writing (English)",https://search.studyinturkiye.com/sit-program/bachelor-of-creative-writing-english/
"Bachelor of Children&#8217;s Literature (English)",https://search.studyinturkiye.com/sit-program/bachelor-of-childrens-literature-english/
"Bachelor of Business Economics (English)",https://search.studyinturkiye.com/sit-program/bachelor-of-business-economics-english/
"Bachelor of Biology Teacher Preparation (English)",https://search.studyinturkiye.com/sit-program/bachelor-of-biology-teacher-preparation-english/
"Bachelor of Art Education (English)",https://search.studyinturkiye.com/sit-program/bachelor-of-art-education-english/
"Bachelor of Accounting (English)",https://search.studyinturkiye.com/sit-program/bachelor-of-accounting-english/
"English Language Preparatory Program (English)",https://search.studyinturkiye.com/sit-program/english-language-preparatory-program-english-5/
"USTOMER Turkish Language (Turkish)",https://search.studyinturkiye.com/sit-program/ustomer-turkish-language-turkish/
"Associate of Laboratory Technology (Turkish)",https://search.studyinturkiye.com/sit-program/associate-of-laboratory-technology-turkish/
"Associate of Environmental Health (Turkish)",https://search.studyinturkiye.com/sit-program/associate-of-environmental-health-turkish/
"Associate of Nuclear Technology and Radiation Safety (Turkish)",https://search.studyinturkiye.com/sit-program/associate-of-nuclear-technology-and-radiation-safety-turkish/
"Associate of Medicinal and Aromatic Plants (Turkish)",https://search.studyinturkiye.com/sit-program/associate-of-medicinal-and-aromatic-plants-turkish/
"Associate of Health Information Systems Technics (Turkish)",https://search.studyinturkiye.com/sit-program/associate-of-health-information-systems-technics-turkish/
"Associate of Care and Rehabilitation of People with Disabilities (Turkish)",https://search.studyinturkiye.com/sit-program/associate-of-care-and-rehabilitation-of-people-with-disabilities-turkish/
"Associate of Home Care Service (Turkish)",https://search.studyinturkiye.com/sit-program/associate-of-home-care-service-turkish/
"Associate of Medical Laboratory (Turkish)",https://search.studyinturkiye.com/sit-program/associate-of-medical-laboratory-turkish/
"Associate of Social Work (Turkish)",https://search.studyinturkiye.com/sit-program/associate-of-social-work-turkish/
"Associate of Social Safety (Turkish)",https://search.studyinturkiye.com/sit-program/associate-of-social-safety-turkish/
"Associate of Radiotherapy (Turkish)",https://search.studyinturkiye.com/sit-program/associate-of-radiotherapy-turkish-2/
"Associate of Physiotherapy (Turkish)",https://search.studyinturkiye.com/sit-program/associate-of-physiotherapy-turkish-6/
"Associate of Pharmacy Services (Turkish)",https://search.studyinturkiye.com/sit-program/associate-of-pharmacy-services-turkish-2/
"Associate of Pathology Laboratory (Turkish)",https://search.studyinturkiye.com/sit-program/associate-of-pathology-laboratory-turkish/
"Associate of Orthopedic Prosthetics and Orthotics (Turkish)",https://search.studyinturkiye.com/sit-program/associate-of-orthopedic-prosthetics-and-orthotics-turkish/
"Associate of Oral and Dental Health (Turkish)",https://search.studyinturkiye.com/sit-program/associate-of-oral-and-dental-health-turkish-5/
"Associate of Opticianry (Turkish)",https://search.studyinturkiye.com/sit-program/associate-of-opticianry-turkish-5/
"Associate of Operating Room Services (Turkish)",https://search.studyinturkiye.com/sit-program/associate-of-operating-room-services-turkish-3/
"Associate of Occupational Health and Safety (Turkish)",https://search.studyinturkiye.com/sit-program/associate-of-occupational-health-and-safety-turkish/
"Associate of Medical Promotion and Marketing (Turkish)",https://search.studyinturkiye.com/sit-program/associate-of-medical-promotion-and-marketing-turkish/
"Associate of Medical Imaging Techniques (Turkish)",https://search.studyinturkiye.com/sit-program/associate-of-medical-imaging-techniques-turkish-7/
"Associate of Medical Documentation and Secretarial (Turkish)",https://search.studyinturkiye.com/sit-program/associate-of-medical-documentation-and-secretarial-turkish/
"Associate of Management of Health Institutions (Turkish)",https://search.studyinturkiye.com/sit-program/associate-of-management-of-health-institutions-turkish/
"Associate of Hair Care and Beauty Services (Turkish)",https://search.studyinturkiye.com/sit-program/associate-of-hair-care-and-beauty-services-turkish/
"Associate of Food Technology (Turkish)",https://search.studyinturkiye.com/sit-program/associate-of-food-technology-turkish/
"Associate of Emergency and First Aid (Turkish)",https://search.studyinturkiye.com/sit-program/associate-of-emergency-and-first-aid-turkish/
"Associate of Electroneurophysiology (Turkish)",https://search.studyinturkiye.com/sit-program/associate-of-electroneurophysiology-turkish/
"Associate of Elderly Care Services (Turkish)",https://search.studyinturkiye.com/sit-program/associate-of-elderly-care-services-turkish/
"Associate of Emergency and Disaster Management (Turkish)",https://search.studyinturkiye.com/sit-program/associate-of-emergency-and-disaster-management-turkish/
"Associate of Dialysis (Turkish)",https://search.studyinturkiye.com/sit-program/associate-of-dialysis-turkish-5/
"Associate of Dental Prothesis Technology (Turkish)",https://search.studyinturkiye.com/sit-program/associate-of-dental-prothesis-technology-turkish/
"Associate of Child Protective and Nursing Services (Turkish)",https://search.studyinturkiye.com/sit-program/associate-of-child-protective-and-nursing-services-turkish/
"Associate of Child Development (Turkish)",https://search.studyinturkiye.com/sit-program/associate-of-child-development-turkish-2/
"Associate of Biomedical Device Technology (Turkish)",https://search.studyinturkiye.com/sit-program/associate-of-biomedical-device-technology-turkish-3/
"Associate of Autopsy Assistanship (Turkish)",https://search.studyinturkiye.com/sit-program/associate-of-autopsy-assistanship-turkish/
"Associate of Audiometry (Turkish)",https://search.studyinturkiye.com/sit-program/associate-of-audiometry-turkish-2/
"Associate of Anesthesia (Turkish)",https://search.studyinturkiye.com/sit-program/associate-of-anesthesia-turkish-8/
"PhD Visual Communication Design (Turkish)",https://search.studyinturkiye.com/sit-program/phd-visual-communication-design-turkish/
"Ph.D. The Though, History, and Literature of Islamic Civilization (Turkish)",https://search.studyinturkiye.com/sit-program/ph-d-the-though-history-and-literature-of-islamic-civilization-turkish/
"PhD in Physiology (Turkish)",https://search.studyinturkiye.com/sit-program/phd-in-physiology-turkish/
"Phd in Clinical Anatomy (Turkish)",https://search.studyinturkiye.com/sit-program/phd-in-clinical-anatomy-turkish-2/
"PhD in New Media and Communication (Turkish)",https://search.studyinturkiye.com/sit-program/phd-in-new-media-and-communication-turkish/
"PhD in Molecular Neuroscience (Turkish)",https://search.studyinturkiye.com/sit-program/phd-in-molecular-neuroscience-turkish/
"PhD in Forensic Sciences (Turkish)",https://search.studyinturkiye.com/sit-program/phd-in-forensic-sciences-turkish/
"PhD in Speech and Language Therapy (Turkish)",https://search.studyinturkiye.com/sit-program/phd-in-speech-and-language-therapy-turkish-2/
"PhD in Psychology (Turkish)",https://search.studyinturkiye.com/sit-program/phd-in-psychology-turkish-2/
"PhD in Physical Education and Sports (Turkish)",https://search.studyinturkiye.com/sit-program/phd-in-physical-education-and-sports-turkish/
"PhD in Occupational Health and Safety (Turkish)",https://search.studyinturkiye.com/sit-program/phd-in-occupational-health-and-safety-turkish/
"PhD in Nursing (Turkish)",https://search.studyinturkiye.com/sit-program/phd-in-nursing-turkish/
"PhD in Neuroscience (Turkish)",https://search.studyinturkiye.com/sit-program/phd-in-neuroscience-turkish-2/
"PhD in International Relations (Turkish)",https://search.studyinturkiye.com/sit-program/phd-in-international-relations-turkish/
"PhD in Health Management (Turkish)",https://search.studyinturkiye.com/sit-program/phd-in-health-management-turkish-2/
"Master of Biosecurity (Thesis) (Turkish)",https://search.studyinturkiye.com/sit-program/master-of-biosecurity-thesis-turkish/
"Master of Perfusion (Non-Thesis) (Turkish)",https://search.studyinturkiye.com/sit-program/master-of-perfusion-non-thesis-turkish/
"Master of Perfusion (Thesis ) (Turkish)",https://search.studyinturkiye.com/sit-program/master-of-perfusion-thesis-turkish/
"Master of Public Relations and Advertising (Non Thesis) (Turkish)",https://search.studyinturkiye.com/sit-program/master-of-public-relations-and-advertising-non-thesis-turkish/
"Master of Public Relations and Advertising (Thesis) (Turkish)",https://search.studyinturkiye.com/sit-program/master-of-public-relations-and-advertising-thesis-turkish/
"Master of Midwifery (Thesis) (Turkish)",https://search.studyinturkiye.com/sit-program/master-of-midwifery-thesis-turkish-2/
"Master of Midwifery (Non-Thesis) (Turkish)",https://search.studyinturkiye.com/sit-program/master-of-midwifery-non-thesis-turkish/
"Master of Criminal Justice (Thesis) (Turkish)",https://search.studyinturkiye.com/sit-program/master-of-criminal-justice-thesis-turkish/
"Master of Criminal Justice (Non-Thesis) (Turkish)",https://search.studyinturkiye.com/sit-program/master-of-criminal-justice-non-thesis-turkish/
"Master of Artificial Intelligence Engineering (Thesis) (Turkish)",https://search.studyinturkiye.com/sit-program/master-of-artificial-intelligence-engineering-thesis-turkish/
"Master of Artificial Intelligence Engineering (Non-Thesis) (Turkish)",https://search.studyinturkiye.com/sit-program/master-of-artificial-intelligence-engineering-non-thesis-turkish/
"Master of Women&#8217;s Health and Diseases Nursing (Non-Thesis) (Turkish)",https://search.studyinturkiye.com/sit-program/master-of-womens-health-and-diseases-nursing-non-thesis-turkish/
"Master of Women&#8217;s Health and Diseases Nursing (Thesis) (Turkish)",https://search.studyinturkiye.com/sit-program/master-of-womens-health-and-diseases-nursing-thesis-turkish/
"Master of Community Mental Health Nursing (Thesis) (Turkish)",https://search.studyinturkiye.com/sit-program/master-of-community-mental-health-nursing-thesis-turkish/
"Master of Community Mental Health Nursing (Non-Thesis) (Turkish)",https://search.studyinturkiye.com/sit-program/master-of-community-mental-health-nursing-non-thesis-turkish/
"Master of Psychiatric Nursing (Thesis) (Turkish)",https://search.studyinturkiye.com/sit-program/master-of-psychiatric-nursing-thesis-turkish-2/
"Master of Psychiatric Nursing (Non-Thesis) (Turkish)",https://search.studyinturkiye.com/sit-program/master-of-psychiatric-nursing-non-thesis-turkish-2/
"Master of Speech and Language Therapy (Thesis) (Turkish)",https://search.studyinturkiye.com/sit-program/master-of-speech-and-language-therapy-thesis-turkish-2/
"Master of Occupational Therapy (Thesis) (Turkish)",https://search.studyinturkiye.com/sit-program/master-of-occupational-therapy-thesis-turkish/
"Master of Occupational Therapy (Non-Thesis) (Turkish)",https://search.studyinturkiye.com/sit-program/master-of-occupational-therapy-non-thesis-turkish/
"Master of Forensic Science (Non-Thesis) (Turkish)",https://search.studyinturkiye.com/sit-program/master-of-forensic-science-non-thesis-turkish/
"Master of Forensic Science (Thesis) (Turkish)",https://search.studyinturkiye.com/sit-program/master-of-forensic-science-thesis-turkish/
"Master of Dyslexia and Specific Learning Disorders and Therapy (Thesis) (Turkish)",https://search.studyinturkiye.com/sit-program/master-of-dyslexia-and-specific-learning-disorders-and-therapy-thesis-turkish/
"Master of Visual Communication Design (Thesis) (Turkish)",https://search.studyinturkiye.com/sit-program/master-of-visual-communication-design-thesis-turkish/
"Master of Visual Communication Design (Non-Thesis) (Turkish)",https://search.studyinturkiye.com/sit-program/master-of-visual-communication-design-non-thesis-turkish/
"Master of Sufi ( Tasawwuf ) Culture and Literature (Thesis) (Turkish)",https://search.studyinturkiye.com/sit-program/master-of-sufi-tasawwuf-culture-and-literature-thesis-turkish/
"Master of Tasawwuf (Sufi) Culture and Literature (Non-Thesis) (Turkish)",https://search.studyinturkiye.com/sit-program/master-of-tasawwuf-sufi-culture-and-literature-non-thesis-turkish/
"Master of Sociology (Thesis) (Turkish)",https://search.studyinturkiye.com/sit-program/master-of-sociology-thesis-turkish/
"Master of Social Work (Thesis) (Turkish)",https://search.studyinturkiye.com/sit-program/master-of-social-work-thesis-turkish/
"Master of Social Work (Non-Thesis) (Turkish)",https://search.studyinturkiye.com/sit-program/master-of-social-work-non-thesis-turkish/
"Master of Science in Electrical and Electronics Engineering (Thesis) (English)",https://search.studyinturkiye.com/sit-program/master-of-science-in-electrical-and-electronics-engineering-thesis-english/
"Master of Science in Computer Engineering (Thesis) (English)",https://search.studyinturkiye.com/sit-program/master-of-science-in-computer-engineering-thesis-english/
"Master of Physiotherapy and Rehabilitation (Thesis) (Turkish)",https://search.studyinturkiye.com/sit-program/master-of-physiotherapy-and-rehabilitation-thesis-turkish-4/
"Master of Physiotherapy and Rehabilitation (Non-Thesis) (Turkish)",https://search.studyinturkiye.com/sit-program/master-of-physiotherapy-and-rehabilitation-non-thesis-turkish-2/
"Master of Philosophy (Thesis) (Turkish)",https://search.studyinturkiye.com/sit-program/master-of-philosophy-thesis-turkish/
"Master of Occupational Health and Safety (Thesis) (Turkish)",https://search.studyinturkiye.com/sit-program/master-of-occupational-health-and-safety-thesis-turkish/
"Master of Occupational Health and Safety (Non-Thesis) (Turkish)",https://search.studyinturkiye.com/sit-program/master-of-occupational-health-and-safety-non-thesis-turkish-3/
"Master of Nutrition and Dietetics (Thesis) (Turkish)",https://search.studyinturkiye.com/sit-program/master-of-nutrition-and-dietetics-thesis-turkish-3/
"Master of Nutrition and Dietetics (Non-Thesis) (Turkish)",https://search.studyinturkiye.com/sit-program/master-of-nutrition-and-dietetics-non-thesis-turkish-3/
"Master of Nursing (Thesis) (Turkish)",https://search.studyinturkiye.com/sit-program/master-of-nursing-thesis-turkish-2/
"Master of Nursing (Non-Thesis) (Turkish)",https://search.studyinturkiye.com/sit-program/master-of-nursing-non-thesis-turkish/
"Master of New Media and Journalism (Thesis) (Turkish)",https://search.studyinturkiye.com/sit-program/master-of-new-media-and-journalism-thesis-turkish/
"Master of New Media and Journalism (Non-Thesis) (Turkish)",https://search.studyinturkiye.com/sit-program/master-of-new-media-and-journalism-non-thesis-turkish/
"Master of NeuroScience (Thesis) (English)",https://search.studyinturkiye.com/sit-program/master-of-neuroscience-thesis-english/
"Master of NeuroScience (Thesis) (Turkish)",https://search.studyinturkiye.com/sit-program/master-of-neuroscience-thesis-turkish-2/
"Master of NeuroScience (Non-Thesis) (English)",https://search.studyinturkiye.com/sit-program/master-of-neuroscience-non-thesis-english/
"Master of NeuroScience (Non-Thesis) (Turkish)",https://search.studyinturkiye.com/sit-program/master-of-neuroscience-non-thesis-turkish/
"Master of Neuromarketing (Thesis) (Turkish)",https://search.studyinturkiye.com/sit-program/master-of-neuromarketing-thesis-turkish/
"Master of Neuromarketing (Non-Thesis) (Turkish)",https://search.studyinturkiye.com/sit-program/master-of-neuromarketing-non-thesis-turkish/
"Master of Molecular Biology (Thesis) (English)",https://search.studyinturkiye.com/sit-program/master-of-molecular-biology-thesis-english/
"Master of Molecular Biology (Thesis) (Turkish)",https://search.studyinturkiye.com/sit-program/master-of-molecular-biology-thesis-turkish/
"Master of Molecular Biology (Non-Thesis) (English)",https://search.studyinturkiye.com/sit-program/master-of-molecular-biology-non-thesis-english/
"Master of Molecular Biology (Non-Thesis) (Turkish)",https://search.studyinturkiye.com/sit-program/master-of-molecular-biology-non-thesis-turkish/
"Master of Media and Cultural Studies (Thesis) (Turkish)",https://search.studyinturkiye.com/sit-program/master-of-media-and-cultural-studies-thesis-turkish/
"Master of Media and Cultural Studies (Non-Thesis) (Turkish)",https://search.studyinturkiye.com/sit-program/master-of-media-and-cultural-studies-non-thesis-turkish/
"Master of International Relations (Thesis) (Turkish)",https://search.studyinturkiye.com/sit-program/master-of-international-relations-thesis-turkish/
"Master of Internal Diseases Nursing (Thesis) (Turkish)",https://search.studyinturkiye.com/sit-program/master-of-internal-diseases-nursing-thesis-turkish-2/
"Master of Internal Diseases Nursing (Non-Thesis) (Turkish)",https://search.studyinturkiye.com/sit-program/master-of-internal-diseases-nursing-non-thesis-turkish/
"Master of Health Management (Thesis) (Turkish)",https://search.studyinturkiye.com/sit-program/master-of-health-management-thesis-turkish/
"Master of Health Management (Non-Thesis) (Turkish)",https://search.studyinturkiye.com/sit-program/master-of-health-management-non-thesis-turkish/
"Master of Health Informatics (Thesis) (Turkish)",https://search.studyinturkiye.com/sit-program/master-of-health-informatics-thesis-turkish/
"Master of Health Informatics (Non-Thesis) (Turkish)",https://search.studyinturkiye.com/sit-program/master-of-health-informatics-non-thesis-turkish/
"Master of Forensic Toxicology (Thesis) (Turkish)",https://search.studyinturkiye.com/sit-program/master-of-forensic-toxicology-thesis-turkish/
"Master of Forensic Toxicology (Non-Thesis) (Turkish)",https://search.studyinturkiye.com/sit-program/master-of-forensic-toxicology-non-thesis-turkish/
"Master of Forensic Psychology and Behavioral Evidence (Thesis) (Turkish)",https://search.studyinturkiye.com/sit-program/master-of-forensic-psychology-and-behavioral-evidence-thesis-turkish/
"Master of Forensic Psychology and Behavioral Evidence(Non-Thesis) (Turkish)",https://search.studyinturkiye.com/sit-program/master-of-forensic-psychology-and-behavioral-evidencenon-thesis-turkish/
"Master of Forensic Nursing/Midwifery(Thesis) (Turkish)",https://search.studyinturkiye.com/sit-program/master-of-forensic-nursing-midwiferythesis-turkish/
"Master of Forensic Nursing/Midwifery(Non-Thesis) (Turkish)",https://search.studyinturkiye.com/sit-program/master-of-forensic-nursing-midwiferynon-thesis-turkish/
"Master of Forensic Molecular Biology (Thesis) (Turkish)",https://search.studyinturkiye.com/sit-program/master-of-forensic-molecular-biology-thesis-turkish/
"Master of Forensic Molecular Biology (Non-Thesis) (Turkish)",https://search.studyinturkiye.com/sit-program/master-of-forensic-molecular-biology-non-thesis-turkish/
"Master of Forensic Genetics (Thesis) (Turkish)",https://search.studyinturkiye.com/sit-program/master-of-forensic-genetics-thesis-turkish/
"Master of Forensic Genetics(Non-Thesis) (Turkish)",https://search.studyinturkiye.com/sit-program/master-of-forensic-geneticsnon-thesis-turkish/
"Master of Forensic Chemistry(Thesis) (Turkish)",https://search.studyinturkiye.com/sit-program/master-of-forensic-chemistrythesis-turkish/
"Master of Forensic Chemistry(Non-Thesis) (Turkish)",https://search.studyinturkiye.com/sit-program/master-of-forensic-chemistrynon-thesis-turkish/
"Master of Family Counseling (Thesis) (Turkish)",https://search.studyinturkiye.com/sit-program/master-of-family-counseling-thesis-turkish/
"Master of Family Counseling (Non-Thesis) (Turkish)",https://search.studyinturkiye.com/sit-program/master-of-family-counseling-non-thesis-turkish/
"Master of Engineering Management (Thesis) (English)",https://search.studyinturkiye.com/sit-program/master-of-engineering-management-thesis-english/
"Master of Engineering Management (Thesis) (Turkish)",https://search.studyinturkiye.com/sit-program/master-of-engineering-management-thesis-turkish/
"Master of Engineering Management (Non-Thesis) (English)",https://search.studyinturkiye.com/sit-program/master-of-engineering-management-non-thesis-english/
"Master of Electrical and Electronics Engineering (Thesis) (English)",https://search.studyinturkiye.com/sit-program/master-of-electrical-and-electronics-engineering-thesis-english-4/
"Master of Electrical and Electronics Engineering (Non-Thesis) (English)",https://search.studyinturkiye.com/sit-program/master-of-electrical-and-electronics-engineering-non-thesis-english/
"Master of Cyber Security (Thesis) (Turkish)",https://search.studyinturkiye.com/sit-program/master-of-cyber-security-thesis-turkish-2/
"Master of Cyber Security (Thesis) (English)",https://search.studyinturkiye.com/sit-program/master-of-cyber-security-thesis-english-3/
"Master of Cyber Security (Non-Thesis) (Turkish)",https://search.studyinturkiye.com/sit-program/master-of-cyber-security-non-thesis-turkish/
"Master of Cyber Security (Non-Thesis) (English)",https://search.studyinturkiye.com/sit-program/master-of-cyber-security-non-thesis-english-2/
"Master of Crime Scene Investigation and Criminalistic (Thesis) (Turkish)",https://search.studyinturkiye.com/sit-program/master-of-crime-scene-investigation-and-criminalistic-thesis-turkish/
"Master of Crime Scene Investigation and Criminalistic (Non-Thesis) (Turkish)",https://search.studyinturkiye.com/sit-program/master-of-crime-scene-investigation-and-criminalistic-non-thesis-turkish/
"Master of Crime Prevention and Analysis (Thesis) (Turkish)",https://search.studyinturkiye.com/sit-program/master-of-crime-prevention-and-analysis-thesis-turkish/
"Master of Crime Prevention and Analysis (Non-Thesis) (Turkish)",https://search.studyinturkiye.com/sit-program/master-of-crime-prevention-and-analysis-non-thesis-turkish/
"Master of Computer Forensic and Digital Evidence (Thesis) (Turkish)",https://search.studyinturkiye.com/sit-program/master-of-computer-forensic-and-digital-evidence-thesis-turkish/
"Master of Computer Forensic and Digital Evidence (Non-Thesis) (Turkish)",https://search.studyinturkiye.com/sit-program/master-of-computer-forensic-and-digital-evidence-non-thesis-turkish/
"Master of Computer Engineering (Thesis) (Turkish)",https://search.studyinturkiye.com/sit-program/master-of-computer-engineering-thesis-turkish/
"Master of Computer Engineering (Thesis) (English)",https://search.studyinturkiye.com/sit-program/master-of-computer-engineering-thesis-english-5/
"Master of Computer Engineering (Non-Thesis) (Turkish)",https://search.studyinturkiye.com/sit-program/master-of-computer-engineering-non-thesis-turkish/
"Master of Computer Engineering (Non-Thesis) (English)",https://search.studyinturkiye.com/sit-program/master-of-computer-engineering-non-thesis-english-2/
"Master of Clinical Psychology (Thesis) (Turkish)",https://search.studyinturkiye.com/sit-program/master-of-clinical-psychology-thesis-turkish-3/
"Master of Clinical Psychology (Non-Thesis) (Turkish)",https://search.studyinturkiye.com/sit-program/master-of-clinical-psychology-non-thesis-turkish-3/
"Master of Child Health and Diseases Nursing (Thesis) (Turkish)",https://search.studyinturkiye.com/sit-program/master-of-child-health-and-diseases-nursing-thesis-turkish/
"Master of Child Health and Diseases Nursing (Non-Thesis) (Turkish)",https://search.studyinturkiye.com/sit-program/master-of-child-health-and-diseases-nursing-non-thesis-turkish/
"Master of Child Development (Thesis) (Turkish)",https://search.studyinturkiye.com/sit-program/master-of-child-development-thesis-turkish-2/
"Master of Child Development (Non-Thesis) (Turkish)",https://search.studyinturkiye.com/sit-program/master-of-child-development-non-thesis-turkish-2/
"Master of Chemical Engineering (Thesis) (English)",https://search.studyinturkiye.com/sit-program/master-of-chemical-engineering-thesis-english-2/
"Master of Chemical Engineering (Non-Thesis) (English)",https://search.studyinturkiye.com/sit-program/master-of-chemical-engineering-non-thesis-english/
"Master of BioTechnology (Thesis) (Turkish)",https://search.studyinturkiye.com/sit-program/master-of-biotechnology-thesis-turkish/
"Master of BioTechnology (Non-Thesis) (Turkish)",https://search.studyinturkiye.com/sit-program/master-of-biotechnology-non-thesis-turkish/
"Master of Bioinformatics (Thesis) (Turkish)",https://search.studyinturkiye.com/sit-program/master-of-bioinformatics-thesis-turkish/
"Master of BioEngineering (Thesis) (English)",https://search.studyinturkiye.com/sit-program/master-of-bioengineering-thesis-english/
"Master of BioEngineering (Thesis) (Turkish)",https://search.studyinturkiye.com/sit-program/master-of-bioengineering-thesis-turkish/
"Master of BioEngineering (Non-Thesis) (English)",https://search.studyinturkiye.com/sit-program/master-of-bioengineering-non-thesis-english/
"Master of BioEngineering (Non-Thesis) (Turkish)",https://search.studyinturkiye.com/sit-program/master-of-bioengineering-non-thesis-turkish/
"Master of Applied Psychology (Thesis) (Turkish)",https://search.studyinturkiye.com/sit-program/master-of-applied-psychology-thesis-turkish/
"Master of Applied Psychology (Non-Thesis) (Turkish)",https://search.studyinturkiye.com/sit-program/master-of-applied-psychology-non-thesis-turkish/
"Master of Addiction Consultancy and Rehabilitation (Thesis) (Turkish)",https://search.studyinturkiye.com/sit-program/master-of-addiction-consultancy-and-rehabilitation-thesis-turkish/
"Master of Addiction Consultancy and Rehabilitation (Non-Thesis) (Turkish)",https://search.studyinturkiye.com/sit-program/master-of-addiction-consultancy-and-rehabilitation-non-thesis-turkish/
"Bachelor of Health Management (Turkish)",https://search.studyinturkiye.com/sit-program/bachelor-of-health-management-turkish/
"Bachelor of Public Relations and Publicity (Turkish)",https://search.studyinturkiye.com/sit-program/bachelor-of-public-relations-and-publicity-turkish-2/
"Bachelor of Ergotherapy (Turkish)",https://search.studyinturkiye.com/sit-program/bachelor-of-ergotherapy-turkish-5/
"Bachelor of Visual Communication Design (Turkish)",https://search.studyinturkiye.com/sit-program/bachelor-of-visual-communication-design-turkish-2/
"Bachelor of Speech and Language Therapy (Turkish)",https://search.studyinturkiye.com/sit-program/bachelor-of-speech-and-language-therapy-turkish-3/
"Bachelor of Software Engineering (English)",https://search.studyinturkiye.com/sit-program/bachelor-of-software-engineering-english-6/
"Bachelor of Sociology (Turkish)",https://search.studyinturkiye.com/sit-program/bachelor-of-sociology-turkish-2/
"Bachelor of Social Work (Turkish)",https://search.studyinturkiye.com/sit-program/bachelor-of-social-work-turkish-2/
"Bachelor of Radio, Cinema and TV (Turkish)",https://search.studyinturkiye.com/sit-program/bachelor-of-radio-cinema-and-tv-turkish-2/
"Bachelor of Psychology (English)",https://search.studyinturkiye.com/sit-program/bachelor-of-psychology-english-6/
"Bachelor of Psychology (Turkish)",https://search.studyinturkiye.com/sit-program/bachelor-of-psychology-turkish-4/
"Bachelor of Prosthetics and Orthotics (Turkish)",https://search.studyinturkiye.com/sit-program/bachelor-of-prosthetics-and-orthotics-turkish/
"Bachelor of Political Science and International Relations (Turkish)",https://search.studyinturkiye.com/sit-program/bachelor-of-political-science-and-international-relations-turkish/
"Bachelor of Political Science and International Relations (English)",https://search.studyinturkiye.com/sit-program/bachelor-of-political-science-and-international-relations-english-5/
"Bachelor of Physiotherapy and Rehabilitation (Turkish)",https://search.studyinturkiye.com/sit-program/bachelor-of-physiotherapy-and-rehabilitation-turkish-5/
"Bachelor of Philosophy (Turkish)",https://search.studyinturkiye.com/sit-program/bachelor-of-philosophy-turkish/
"Bachelor of Perfusion (Turkish)",https://search.studyinturkiye.com/sit-program/bachelor-of-perfusion-turkish/
"Bachelor of Occupational Therapy (Turkish)",https://search.studyinturkiye.com/sit-program/bachelor-of-occupational-therapy-turkish-2/
"Bachelor of Occupational Health and Safety (Turkish)",https://search.studyinturkiye.com/sit-program/bachelor-of-occupational-health-and-safety-turkish/
"Bachelor of Nutrition and Dietetics (Turkish)",https://search.studyinturkiye.com/sit-program/bachelor-of-nutrition-and-dietetics-turkish-5/
"Bachelor of Nursing (Turkish)",https://search.studyinturkiye.com/sit-program/bachelor-of-nursing-turkish-7/
"Bachelor of New Media and Communication (English)",https://search.studyinturkiye.com/sit-program/bachelor-of-new-media-and-communication-english/
"Bachelor of New Media and Communication (Turkish)",https://search.studyinturkiye.com/sit-program/bachelor-of-new-media-and-communication-turkish/
"Bachelor of Molecular Biology and Genetics (Turkish)",https://search.studyinturkiye.com/sit-program/bachelor-of-molecular-biology-and-genetics-turkish/
"Bachelor of Molecular Biology and Genetics (English)",https://search.studyinturkiye.com/sit-program/bachelor-of-molecular-biology-and-genetics-english-3/
"Bachelor of Midwifery (Turkish)",https://search.studyinturkiye.com/sit-program/bachelor-of-midwifery-turkish-7/
"Bachelor of Medicine (English)",https://search.studyinturkiye.com/sit-program/bachelor-of-medicine-english-7/
"Bachelor of Medicine (Turkish)",https://search.studyinturkiye.com/sit-program/bachelor-of-medicine-turkish-5/
"Bachelor of Management Information Systems (Turkish)",https://search.studyinturkiye.com/sit-program/bachelor-of-management-information-systems-turkish-4/
"Bachelor of Journalism (Turkish)",https://search.studyinturkiye.com/sit-program/bachelor-of-journalism-turkish/
"Bachelor of Industrial Engineering (English)",https://search.studyinturkiye.com/sit-program/bachelor-of-industrial-engineering-english-5/
"Bachelor of History (Turkish)",https://search.studyinturkiye.com/sit-program/bachelor-of-history-turkish/
"Bachelor of Forensic Science (Turkish)",https://search.studyinturkiye.com/sit-program/bachelor-of-forensic-science-turkish/
"Bachelor of English Translation and Interpretation (English)",https://search.studyinturkiye.com/sit-program/bachelor-of-english-translation-and-interpretation-english/
"Bachelor of Electrical and Electronics Engineering (English)",https://search.studyinturkiye.com/sit-program/bachelor-of-electrical-and-electronics-engineering-english-7/
"Bachelor of Dentistry (English)",https://search.studyinturkiye.com/sit-program/bachelor-of-dentistry-english-9/
"Bachelor of Dentistry (Turkish)",https://search.studyinturkiye.com/sit-program/bachelor-of-dentistry-turkish-8/
"Bachelor of Computer Engineering (English)",https://search.studyinturkiye.com/sit-program/bachelor-of-computer-engineering-english-10/
"Bachelor of Child Development (Turkish)",https://search.studyinturkiye.com/sit-program/bachelor-of-child-development-turkish-2/
"Bachelor of Chemical Engineering (English)",https://search.studyinturkiye.com/sit-program/bachelor-of-chemical-engineering-english-2/
"Bachelor of Cartoon and Animation (Turkish)",https://search.studyinturkiye.com/sit-program/bachelor-of-cartoon-and-animation-turkish-2/
"Bachelor of BioEngineering (English)",https://search.studyinturkiye.com/sit-program/bachelor-of-bioengineering-english/
"Bachelor of Audiology (Turkish)",https://search.studyinturkiye.com/sit-program/bachelor-of-audiology-turkish-4/
"Bachelor of Advertising (Turkish)",https://search.studyinturkiye.com/sit-program/bachelor-of-advertising-turkish/
"PhD in Mechanical Engineering (English)",https://search.studyinturkiye.com/sit-program/phd-in-mechanical-engineering-english-2/
"PhD in Turkish Language and Literature (English)",https://search.studyinturkiye.com/sit-program/phd-in-turkish-language-and-literature-english/
"PhD in Technology (Turkish)",https://search.studyinturkiye.com/sit-program/phd-in-technology-turkish/
"PhD in Public Law (English)",https://search.studyinturkiye.com/sit-program/phd-in-public-law-english/
"PhD in Psychology (English)",https://search.studyinturkiye.com/sit-program/phd-in-psychology-english/
"PhD in Private Law (Turkish)",https://search.studyinturkiye.com/sit-program/phd-in-private-law-turkish/
"PhD in Political Science (English)",https://search.studyinturkiye.com/sit-program/phd-in-political-science-english/
"PhD in Physics (English)",https://search.studyinturkiye.com/sit-program/phd-in-physics-english-3/
"PhD in Physical Education and Sports Education (English)",https://search.studyinturkiye.com/sit-program/phd-in-physical-education-and-sports-education-english/
"PhD in Neuroscience (English)",https://search.studyinturkiye.com/sit-program/phd-in-neuroscience-english-2/
"PhD in Music (English)",https://search.studyinturkiye.com/sit-program/phd-in-music-english/
"PhD in Molecular Biology, Genetics and Bioengineering (English)",https://search.studyinturkiye.com/sit-program/phd-in-molecular-biology-genetics-and-bioengineering-english/
"PhD in Mathematics (English)",https://search.studyinturkiye.com/sit-program/phd-in-mathematics-english-2/
"PhD in Materials Science and Nano Engineering (English)",https://search.studyinturkiye.com/sit-program/phd-in-materials-science-and-nano-engineering-english/
"PhD in International Relations (English)",https://search.studyinturkiye.com/sit-program/phd-in-international-relations-english/
"PhD in Interior Architecture and Environmental Design (English)",https://search.studyinturkiye.com/sit-program/phd-in-interior-architecture-and-environmental-design-english/
"PhD in Industrial Engineering (English)",https://search.studyinturkiye.com/sit-program/phd-in-industrial-engineering-english/
"PhD in History (English)",https://search.studyinturkiye.com/sit-program/phd-in-history-english-2/
"PhD in Electrical and Electronics Engineering (English)",https://search.studyinturkiye.com/sit-program/phd-in-electrical-and-electronics-engineering-english-2/
"PhD in Economics (English)",https://search.studyinturkiye.com/sit-program/phd-in-economics-english-2/
"PhD in Curriculum and Instruction (English)",https://search.studyinturkiye.com/sit-program/phd-in-curriculum-and-instruction-english-2/
"PhD in Computer Engineering (English)",https://search.studyinturkiye.com/sit-program/phd-in-computer-engineering-english-3/
"PhD in Business Administration (English)",https://search.studyinturkiye.com/sit-program/phd-in-business-administration-english-4/
"Master of Teaching English as a Foreign Language (Thesis) (English)",https://search.studyinturkiye.com/sit-program/master-of-teaching-english-as-a-foreign-language-thesis-english/
"Master of TeleCommunications and Networking (Non-Thesis) (English)",https://search.studyinturkiye.com/sit-program/master-of-telecommunications-and-networking-non-thesis-english/
"Master of Science in Physics (Thesis) (English)",https://search.studyinturkiye.com/sit-program/master-of-science-in-physics-thesis-english/
"Master of Science in NeuroScience (Thesis) (English)",https://search.studyinturkiye.com/sit-program/master-of-science-in-neuroscience-thesis-english/
"Master of Science in Molecular Biology and Genetics (Thesis) (English)",https://search.studyinturkiye.com/sit-program/master-of-science-in-molecular-biology-and-genetics-thesis-english/
"Master of Science in Mechanical Engineering (Thesis) (English)",https://search.studyinturkiye.com/sit-program/master-of-science-in-mechanical-engineering-thesis-english/
"Master of Science in Mathematics (Thesis) (English)",https://search.studyinturkiye.com/sit-program/master-of-science-in-mathematics-thesis-english/
"Master of Science in Materials Science and NanoTechnology (Thesis) (English)",https://search.studyinturkiye.com/sit-program/master-of-science-in-materials-science-and-nanotechnology-thesis-english/
"Master of Science in Industrial Engineering (Thesis) (English)",https://search.studyinturkiye.com/sit-program/master-of-science-in-industrial-engineering-thesis-english/
"Master of Science in Electrical and Electronics Engineering (Thesis) (English)",https://search.studyinturkiye.com/sit-program/master-of-science-in-electrical-and-electronics-engineering-thesis-english-2/
"Master of Science in Computer Engineering (Thesis) (English)",https://search.studyinturkiye.com/sit-program/master-of-science-in-computer-engineering-thesis-english-2/
"Master of Science in Chemistry (Thesis) (English)",https://search.studyinturkiye.com/sit-program/master-of-science-in-chemistry-thesis-english/
"Master of Private Law (Thesis) (Turkish)",https://search.studyinturkiye.com/sit-program/master-of-private-law-thesis-turkish-2/
"Master of Private Law (Thesis) (English)",https://search.studyinturkiye.com/sit-program/master-of-private-law-thesis-english/
"Master of Media and Design (Thesis) (English)",https://search.studyinturkiye.com/sit-program/master-of-media-and-design-thesis-english/
"Master of Law (Thesis) (English)",https://search.studyinturkiye.com/sit-program/master-of-law-thesis-english-2/
"Master of International Affairs and Public Policy (Non-Thesis) (English)",https://search.studyinturkiye.com/sit-program/master-of-international-affairs-and-public-policy-non-thesis-english/
"Master of Interior Architecture (Thesis) (English)",https://search.studyinturkiye.com/sit-program/master-of-interior-architecture-thesis-english/
"Master of History (Thesis) (English)",https://search.studyinturkiye.com/sit-program/master-of-history-thesis-english-2/
"Master of Financial Economics(Thesis) (English)",https://search.studyinturkiye.com/sit-program/master-of-financial-economicsthesis-english-2/
"Master of Executive Business Administration (Thesis) (English)",https://search.studyinturkiye.com/sit-program/master-of-executive-business-administration-thesis-english-3/
"Master of Energy Economics, Policy and Security Program (Non-Thesis) (English)",https://search.studyinturkiye.com/sit-program/master-of-energy-economics-policy-and-security-program-non-thesis-english/
"Master of Economics (Non-Thesis) (Turkish)",https://search.studyinturkiye.com/sit-program/master-of-economics-non-thesis-turkish/
"Master of Curriculum and Instruction (Thesis) (English)",https://search.studyinturkiye.com/sit-program/master-of-curriculum-and-instruction-thesis-english-2/
"Master of Curriculum and Instruction (Non-Thesis) (English)",https://search.studyinturkiye.com/sit-program/master-of-curriculum-and-instruction-non-thesis-english/
"Master of Conference Interpretation (Thesis) (English)",https://search.studyinturkiye.com/sit-program/master-of-conference-interpretation-thesis-english/
"Master of Business Administration (Thesis) (English)",https://search.studyinturkiye.com/sit-program/master-of-business-administration-thesis-english-6/
"Master of Business Administration (Non-Thesis) (English)",https://search.studyinturkiye.com/sit-program/master-of-business-administration-non-thesis-english-7/
"Master of Arts in Turkish Literature (Thesis) (Turkish)",https://search.studyinturkiye.com/sit-program/master-of-arts-in-turkish-literature-thesis-turkish/
"Master of Arts in Turkish Literature (Thesis) (English)",https://search.studyinturkiye.com/sit-program/master-of-arts-in-turkish-literature-thesis-english/
"Master of Arts in Psychology (Thesis) (English)",https://search.studyinturkiye.com/sit-program/master-of-arts-in-psychology-thesis-english/
"Master of Arts in Political Science (Thesis) (English)",https://search.studyinturkiye.com/sit-program/master-of-arts-in-political-science-thesis-english/
"Master of Arts in Philosophy (Thesis) (English)",https://search.studyinturkiye.com/sit-program/master-of-arts-in-philosophy-thesis-english/
"Master of Arts in Music (Thesis) (English)",https://search.studyinturkiye.com/sit-program/master-of-arts-in-music-thesis-english/
"Master of Arts in Media and Visual Studies (Thesis) (English)",https://search.studyinturkiye.com/sit-program/master-of-arts-in-media-and-visual-studies-thesis-english/
"Master of Arts in International Relations (Thesis) (English)",https://search.studyinturkiye.com/sit-program/master-of-arts-in-international-relations-thesis-english/
"Master of Architecture (Non-Thesis) (English)",https://search.studyinturkiye.com/sit-program/master-of-architecture-non-thesis-english-4/
"Master of Archaeology (Thesis) (English)",https://search.studyinturkiye.com/sit-program/master-of-archaeology-thesis-english/
"Bachelor ofUrban Design and Landscape Architecture (English)",https://search.studyinturkiye.com/sit-program/bachelor-ofurban-design-and-landscape-architecture-english/
"Bachelor of Turkish Literature (Turkish)",https://search.studyinturkiye.com/sit-program/bachelor-of-turkish-literature-turkish/
"Bachelor of Turkish Literature (English)",https://search.studyinturkiye.com/sit-program/bachelor-of-turkish-literature-english/
"Bachelor of Translation and Interpretation (English)",https://search.studyinturkiye.com/sit-program/bachelor-of-translation-and-interpretation-english-2/
"Bachelor ofTourism and Hotel Management (English)",https://search.studyinturkiye.com/sit-program/bachelor-oftourism-and-hotel-management-english/
"Bachelor of Psychology (English)",https://search.studyinturkiye.com/sit-program/bachelor-of-psychology-english-7/
"Bachelor of Political Science and Public Administration (English)",https://search.studyinturkiye.com/sit-program/bachelor-of-political-science-and-public-administration-english-2/
"Bachelor of Physics (English)",https://search.studyinturkiye.com/sit-program/bachelor-of-physics-english-3/
"Bachelor ofPhilosophy (English)",https://search.studyinturkiye.com/sit-program/bachelor-ofphilosophy-english/
"Bachelor of Performing Arts (English)",https://search.studyinturkiye.com/sit-program/bachelor-of-performing-arts-english/
"Bachelor of Music (English)",https://search.studyinturkiye.com/sit-program/bachelor-of-music-english-2/
"Bachelor of Molecular Biology and Genetics (English)",https://search.studyinturkiye.com/sit-program/bachelor-of-molecular-biology-and-genetics-english-4/
"Bachelor of Mechanical Engineering (English)",https://search.studyinturkiye.com/sit-program/bachelor-of-mechanical-engineering-english-6/
"Bachelor of Mathematics (English)",https://search.studyinturkiye.com/sit-program/bachelor-of-mathematics-english-3/
"Bachelor of Management (English)",https://search.studyinturkiye.com/sit-program/bachelor-of-management-english-2/
"Bachelor of Law (Turkish)",https://search.studyinturkiye.com/sit-program/bachelor-of-law-turkish-3/
"Bachelor of International Relations (English)",https://search.studyinturkiye.com/sit-program/bachelor-of-international-relations-english-2/
"Bachelor of Interior Architecture and Environmental Design (English)",https://search.studyinturkiye.com/sit-program/bachelor-of-interior-architecture-and-environmental-design-english-2/
"Bachelor of Industrial Engineering (English)",https://search.studyinturkiye.com/sit-program/bachelor-of-industrial-engineering-english-6/
"Bachelor ofHistory (English)",https://search.studyinturkiye.com/sit-program/bachelor-ofhistory-english/
"Bachelor of Graphic Design (English)",https://search.studyinturkiye.com/sit-program/bachelor-of-graphic-design-english-3/
"Bachelor of Fine Arts (English)",https://search.studyinturkiye.com/sit-program/bachelor-of-fine-arts-english/
"Bachelor of English Language and Literature (English)",https://search.studyinturkiye.com/sit-program/bachelor-of-english-language-and-literature-english-4/
"Bachelor of Electrical and Electronics Engineering (English)",https://search.studyinturkiye.com/sit-program/bachelor-of-electrical-and-electronics-engineering-english-8/
"Bachelor of Education Sciences and Teacher Education (English)",https://search.studyinturkiye.com/sit-program/bachelor-of-education-sciences-and-teacher-education-english/
"Bachelor of Economics (English)",https://search.studyinturkiye.com/sit-program/bachelor-of-economics-english-6/
"Bachelor of Computer Technology and Information Systems (English)",https://search.studyinturkiye.com/sit-program/bachelor-of-computer-technology-and-information-systems-english/
"Bachelor of Computer Engineering (English)",https://search.studyinturkiye.com/sit-program/bachelor-of-computer-engineering-english-11/
"Bachelor of Computer and Instructional Technology Teacher Education (English)",https://search.studyinturkiye.com/sit-program/bachelor-of-computer-and-instructional-technology-teacher-education-english/
"Bachelor of Communication and Design (English)",https://search.studyinturkiye.com/sit-program/bachelor-of-communication-and-design-english/
"Bachelor of Chemistry (English)",https://search.studyinturkiye.com/sit-program/bachelor-of-chemistry-english/
"Bachelor of Architecture (English)",https://search.studyinturkiye.com/sit-program/bachelor-of-architecture-english-6/
"Bachelor of Archaeology (English)",https://search.studyinturkiye.com/sit-program/bachelor-of-archaeology-english/
"Bachelor of American Culture and Literature (English)",https://search.studyinturkiye.com/sit-program/bachelor-of-american-culture-and-literature-english/
"Associate of Information Security Technology (Turkish)",https://search.studyinturkiye.com/sit-program/associate-of-information-security-technology-turkish-3/
"Associate of Opticianry (Turkish)",https://search.studyinturkiye.com/sit-program/associate-of-opticianry-turkish-6/
"Associate of Medical Laboratory Techniques (Turkish)",https://search.studyinturkiye.com/sit-program/associate-of-medical-laboratory-techniques-turkish-3/
"Associate of Tourism and Hospitality Management (Turkish)",https://search.studyinturkiye.com/sit-program/associate-of-tourism-and-hospitality-management-turkish/
"Associate of Public Relations and Publicity (Turkish)",https://search.studyinturkiye.com/sit-program/associate-of-public-relations-and-publicity-turkish/
"Associate of Physiotherapy (Turkish)",https://search.studyinturkiye.com/sit-program/associate-of-physiotherapy-turkish-7/
"Associate of Pharmacy Services (Turkish)",https://search.studyinturkiye.com/sit-program/associate-of-pharmacy-services-turkish-3/
"Associate of Pathology Laboratory Techniques (Turkish)",https://search.studyinturkiye.com/sit-program/associate-of-pathology-laboratory-techniques-turkish/
"Associate of Oral and Dental Health (Turkish)",https://search.studyinturkiye.com/sit-program/associate-of-oral-and-dental-health-turkish-6/
"Associate of Occupational Health and Safety (Turkish)",https://search.studyinturkiye.com/sit-program/associate-of-occupational-health-and-safety-turkish-2/
"Associate of Medical Imaging Techniques (Turkish)",https://search.studyinturkiye.com/sit-program/associate-of-medical-imaging-techniques-turkish-8/
"Associate of Medical Documentation and Secretarial Services (Turkish)",https://search.studyinturkiye.com/sit-program/associate-of-medical-documentation-and-secretarial-services-turkish/
"Associate of Mechatronics (Turkish)",https://search.studyinturkiye.com/sit-program/associate-of-mechatronics-turkish-2/
"Associate of Machinery (Turkish)",https://search.studyinturkiye.com/sit-program/associate-of-machinery-turkish-3/
"Associate of Justice (Turkish)",https://search.studyinturkiye.com/sit-program/associate-of-justice-turkish/
"Associate of Interior Design (Turkish)",https://search.studyinturkiye.com/sit-program/associate-of-interior-design-turkish-4/
"Associate of Human Resources Management (Turkish)",https://search.studyinturkiye.com/sit-program/associate-of-human-resources-management-turkish/
"Associate of Graphic Design (Turkish)",https://search.studyinturkiye.com/sit-program/associate-of-graphic-design-turkish/
"Associate of Foreign Trade (English)",https://search.studyinturkiye.com/sit-program/associate-of-foreign-trade-english/
"Associate of First Aid and Emergency (Turkish)",https://search.studyinturkiye.com/sit-program/associate-of-first-aid-and-emergency-turkish-6/
"Associate of Electroneurophysiology (Turkish)",https://search.studyinturkiye.com/sit-program/associate-of-electroneurophysiology-turkish-2/
"Associate of Electric (Turkish)",https://search.studyinturkiye.com/sit-program/associate-of-electric-turkish-4/
"Associate of Construction Technology (Turkish)",https://search.studyinturkiye.com/sit-program/associate-of-construction-technology-turkish-4/
"Associate of Computer Programming (Turkish)",https://search.studyinturkiye.com/sit-program/associate-of-computer-programming-turkish-5/
"Associate of Civil Aviation Cabin Services (Turkish)",https://search.studyinturkiye.com/sit-program/associate-of-civil-aviation-cabin-services-turkish-2/
"Associate of Child Development (Turkish)",https://search.studyinturkiye.com/sit-program/associate-of-child-development-turkish-3/
"Associate of Banking and Insurance (Turkish)",https://search.studyinturkiye.com/sit-program/associate-of-banking-and-insurance-turkish/
"Associate of Autopsy Assistant (Turkish)",https://search.studyinturkiye.com/sit-program/associate-of-autopsy-assistant-turkish/
"Associate of Audiometry (Turkish)",https://search.studyinturkiye.com/sit-program/associate-of-audiometry-turkish-3/
"Associate of Anesthesia (Turkish)",https://search.studyinturkiye.com/sit-program/associate-of-anesthesia-turkish-9/
"PhD in Logistics and Supply Chain Management (Turkish)",https://search.studyinturkiye.com/sit-program/phd-in-logistics-and-supply-chain-management-turkish/
"PhD in Financial Economics (Turkish)",https://search.studyinturkiye.com/sit-program/phd-in-financial-economics-turkish/
"PhD in Electronics and Communication Engineering (Turkish)",https://search.studyinturkiye.com/sit-program/phd-in-electronics-and-communication-engineering-turkish/
"PhD in Business Administration (Turkish)",https://search.studyinturkiye.com/sit-program/phd-in-business-administration-turkish-4/
"Master of Public Law (Thesis) (Turkish)",https://search.studyinturkiye.com/sit-program/master-of-public-law-thesis-turkish-3/
"Master of Public Law (Non-Thesis) (Turkish)",https://search.studyinturkiye.com/sit-program/master-of-public-law-non-thesis-turkish-2/
"Master of Psychology (Thesis) (Turkish)",https://search.studyinturkiye.com/sit-program/master-of-psychology-thesis-turkish/
"Master of Psychology (Non-Thesis) (Turkish)",https://search.studyinturkiye.com/sit-program/master-of-psychology-non-thesis-turkish/
"Master of Private Law (Thesis) (Turkish)",https://search.studyinturkiye.com/sit-program/master-of-private-law-thesis-turkish-3/
"Master of Private Law (Non-Thesis) (Turkish)",https://search.studyinturkiye.com/sit-program/master-of-private-law-non-thesis-turkish-2/
"Master of Financial Economics(Thesis) (Turkish)",https://search.studyinturkiye.com/sit-program/master-of-financial-economicsthesis-turkish/
"Master of Financial Economics (Non-Thesis) (Turkish)",https://search.studyinturkiye.com/sit-program/master-of-financial-economics-non-thesis-turkish/
"Master of Engineering and Technology Management (Thesis) (Turkish)",https://search.studyinturkiye.com/sit-program/master-of-engineering-and-technology-management-thesis-turkish/
"Master of Engineering and Technology Management (Non-Thesis) (Turkish)",https://search.studyinturkiye.com/sit-program/master-of-engineering-and-technology-management-non-thesis-turkish/
"Master of Electrical and Electronics Engineering(Thesis) (Turkish)",https://search.studyinturkiye.com/sit-program/master-of-electrical-and-electronics-engineeringthesis-turkish-2/
"Master of Electrical and Electronics Engineering(Non-Thesis) (Turkish)",https://search.studyinturkiye.com/sit-program/master-of-electrical-and-electronics-engineeringnon-thesis-turkish-2/
"Master of Computer and Information Sciences (Thesis) (Turkish)",https://search.studyinturkiye.com/sit-program/master-of-computer-and-information-sciences-thesis-turkish/
"Master of Computer and Information Sciences (Non-Thesis) (Turkish)",https://search.studyinturkiye.com/sit-program/master-of-computer-and-information-sciences-non-thesis-turkish/
"Master of Communication Sciences (Thesis) (Turkish)",https://search.studyinturkiye.com/sit-program/master-of-communication-sciences-thesis-turkish/
"Master of Communication Sciences (Non-Thesis) (Turkish)",https://search.studyinturkiye.com/sit-program/master-of-communication-sciences-non-thesis-turkish/
"Master of Business Administration (Thesis) (English)",https://search.studyinturkiye.com/sit-program/master-of-business-administration-thesis-english-7/
"Master of Business Administration (Thesis) (Turkish)",https://search.studyinturkiye.com/sit-program/master-of-business-administration-thesis-turkish-6/
"Master of Business Administration (Non-Thesis) (English)",https://search.studyinturkiye.com/sit-program/master-of-business-administration-non-thesis-english-8/
"Master of Business Administration (Non-Thesis) (Turkish)",https://search.studyinturkiye.com/sit-program/master-of-business-administration-non-thesis-turkish-5/
"Master of Architecture (Thesis) (Turkish)",https://search.studyinturkiye.com/sit-program/master-of-architecture-thesis-turkish-4/
"Bachelor of Visual Communication Design (Turkish)",https://search.studyinturkiye.com/sit-program/bachelor-of-visual-communication-design-turkish-3/
"Bachelor of Turkish Language and Literature (Turkish)",https://search.studyinturkiye.com/sit-program/bachelor-of-turkish-language-and-literature-turkish-4/
"Bachelor of Textile and Fashion Design (Turkish)",https://search.studyinturkiye.com/sit-program/bachelor-of-textile-and-fashion-design-turkish/
"Bachelor of Software Engineering (Turkish)",https://search.studyinturkiye.com/sit-program/bachelor-of-software-engineering-turkish-4/
"Bachelor of Sociology (Turkish)",https://search.studyinturkiye.com/sit-program/bachelor-of-sociology-turkish-3/
"Bachelor of Psychology (English)",https://search.studyinturkiye.com/sit-program/bachelor-of-psychology-english-8/
"Bachelor of Psychology (Turkish)",https://search.studyinturkiye.com/sit-program/bachelor-of-psychology-turkish-5/
"Bachelor of Political Science and Public Administration (Turkish)",https://search.studyinturkiye.com/sit-program/bachelor-of-political-science-and-public-administration-turkish/
"Bachelor of Nursing (Turkish)",https://search.studyinturkiye.com/sit-program/bachelor-of-nursing-turkish-8/
"Bachelor of Mechanical Engineering (English)",https://search.studyinturkiye.com/sit-program/bachelor-of-mechanical-engineering-english-7/
"Bachelor of Mechanical Engineering (Turkish)",https://search.studyinturkiye.com/sit-program/bachelor-of-mechanical-engineering-turkish/
"Bachelor of Management Information Systems (Turkish)",https://search.studyinturkiye.com/sit-program/bachelor-of-management-information-systems-turkish-5/
"Bachelor of Law (Turkish)",https://search.studyinturkiye.com/sit-program/bachelor-of-law-turkish-4/
"Bachelor of International Relations (English)",https://search.studyinturkiye.com/sit-program/bachelor-of-international-relations-english-3/
"Bachelor of Interior Architecture (Turkish)",https://search.studyinturkiye.com/sit-program/bachelor-of-interior-architecture-turkish-2/
"Bachelor of Industrial Engineering (English)",https://search.studyinturkiye.com/sit-program/bachelor-of-industrial-engineering-english-7/
"Bachelor of Industrial Engineering (Turkish)",https://search.studyinturkiye.com/sit-program/bachelor-of-industrial-engineering-turkish-2/
"Bachelor of Industrial Design (Turkish)",https://search.studyinturkiye.com/sit-program/bachelor-of-industrial-design-turkish-2/
"Bachelor of Graphics (English)",https://search.studyinturkiye.com/sit-program/bachelor-of-graphics-english/
"Bachelor of Graphics (Turkish)",https://search.studyinturkiye.com/sit-program/bachelor-of-graphics-turkish/
"Bachelor of Gastronomy and Culinary Arts (Turkish)",https://search.studyinturkiye.com/sit-program/bachelor-of-gastronomy-and-culinary-arts-turkish-4/
"Bachelor of English Language and Literature (English)",https://search.studyinturkiye.com/sit-program/bachelor-of-english-language-and-literature-english-5/
"Bachelor of Economics (English)",https://search.studyinturkiye.com/sit-program/bachelor-of-economics-english-7/
"Bachelor ofEconomics (Turkish)",https://search.studyinturkiye.com/sit-program/bachelor-ofeconomics-turkish/
"Bachelor of Digital Game Design (Turkish)",https://search.studyinturkiye.com/sit-program/bachelor-of-digital-game-design-turkish-2/
"Bachelor of Computer Engineering (English)",https://search.studyinturkiye.com/sit-program/bachelor-of-computer-engineering-english-12/
"Bachelor of Civil Engineering (Turkish)",https://search.studyinturkiye.com/sit-program/bachelor-of-civil-engineering-turkish/
"Bachelor of Business Administration (English)",https://search.studyinturkiye.com/sit-program/bachelor-of-business-administration-english-6/
"Bachelor of Business Administration (Turkish)",https://search.studyinturkiye.com/sit-program/bachelor-of-business-administration-turkish-4/
"Bachelor of Architecture (Turkish)",https://search.studyinturkiye.com/sit-program/bachelor-of-architecture-turkish-2/
"Bachelor of Acting (Turkish)",https://search.studyinturkiye.com/sit-program/bachelor-of-acting-turkish/
"Foundation of Non-Engineering Pathways (English)",https://search.studyinturkiye.com/sit-program/foundation-of-non-engineering-pathways-english/
"Foundation of Engineering Pathways (English)",https://search.studyinturkiye.com/sit-program/foundation-of-engineering-pathways-english/
"English Language Preparatory Program (English)",https://search.studyinturkiye.com/sit-program/english-language-preparatory-program-english-6/
"Certificate in Information & Communication Technology (CICT) (English)",https://search.studyinturkiye.com/sit-program/certificate-in-information-communication-technology-cict-english/
"Certificate in Administrative Skills (CAS) (English)",https://search.studyinturkiye.com/sit-program/certificate-in-administrative-skills-cas-english/
"Associate of International Studies (English)",https://search.studyinturkiye.com/sit-program/associate-of-international-studies-english/
"Associate of Design and Media (English)",https://search.studyinturkiye.com/sit-program/associate-of-design-and-media-english/
"Associate of Electrical and Electronic Engineering (English)",https://search.studyinturkiye.com/sit-program/associate-of-electrical-and-electronic-engineering-english/
"Associate of Business Information Technology (English)",https://search.studyinturkiye.com/sit-program/associate-of-business-information-technology-english/
"Associate of Information and Communication Technology with a specialism in Interactive Technology (English)",https://search.studyinturkiye.com/sit-program/associate-of-information-and-communication-technology-with-a-specialism-in-interactive-technology-english/
"Associate of Information and Communication Technology with a specialism in Data Informatics (English)",https://search.studyinturkiye.com/sit-program/associate-of-information-and-communication-technology-with-a-specialism-in-data-informatics-english/
"Associate of Information and Communication Technology with a specialism in Software Engineering (English)",https://search.studyinturkiye.com/sit-program/associate-of-information-and-communication-technology-with-a-specialism-in-software-engineering-english/
"Associate of Information and Communication Technology (English)",https://search.studyinturkiye.com/sit-program/associate-of-information-and-communication-technology-english/
"Associate of Mechatronics (English)",https://search.studyinturkiye.com/sit-program/associate-of-mechatronics-english/
"Associate of Business Administration (English)",https://search.studyinturkiye.com/sit-program/associate-of-business-administration-english/
"Associate of Accounting (English)",https://search.studyinturkiye.com/sit-program/associate-of-accounting-english/
"PhD in Technology (English)",https://search.studyinturkiye.com/sit-program/phd-in-technology-english/
"PhD in Management (English)",https://search.studyinturkiye.com/sit-program/phd-in-management-english-2/
"PhD in Finance (English)",https://search.studyinturkiye.com/sit-program/phd-in-finance-english/
"PhD in Engineering (English)",https://search.studyinturkiye.com/sit-program/phd-in-engineering-english-2/
"PhD in Computing (English)",https://search.studyinturkiye.com/sit-program/phd-in-computing-english/
"Master of Information Technology Management (English)",https://search.studyinturkiye.com/sit-program/master-of-information-technology-management-english/
"Master of Software Engineering (English)",https://search.studyinturkiye.com/sit-program/master-of-software-engineering-english/
"Master of Data Science and Business Analytics (English)",https://search.studyinturkiye.com/sit-program/master-of-data-science-and-business-analytics-english/
"Master of Philosophy (MPhil) In Engineering (English)",https://search.studyinturkiye.com/sit-program/master-of-philosophy-mphil-in-engineering-english/
"Master of Philosophy in Management (English)",https://search.studyinturkiye.com/sit-program/master-of-philosophy-in-management-english/
"Master of Science in Cyber Security (English)",https://search.studyinturkiye.com/sit-program/master-of-science-in-cyber-security-english/
"Master of Science in Artificial Intelligence (English)",https://search.studyinturkiye.com/sit-program/master-of-science-in-artificial-intelligence-english/
"Master of Accounting in Forensic Analysis (English)",https://search.studyinturkiye.com/sit-program/master-of-accounting-in-forensic-analysis-english/
"Master of Accounting (English)",https://search.studyinturkiye.com/sit-program/master-of-accounting-english/
"Master of Finance (English)",https://search.studyinturkiye.com/sit-program/master-of-finance-english/
"Master of Business Administration (English)",https://search.studyinturkiye.com/sit-program/master-of-business-administration-english/
"Master of Project Management (English)",https://search.studyinturkiye.com/sit-program/master-of-project-management-english/
"Master of Technology Management (English)",https://search.studyinturkiye.com/sit-program/master-of-technology-management-english/
"Master in Computing (By Research) (English)",https://search.studyinturkiye.com/sit-program/master-in-computing-by-research-english/
"Master of Finance with a Specialism in FinTech (English)",https://search.studyinturkiye.com/sit-program/master-of-finance-with-a-specialism-in-fintech-english/
"Master of Science Global Marketing Management (English)",https://search.studyinturkiye.com/sit-program/master-of-science-global-marketing-management-english/
"Master of Science International Business Communications (English)",https://search.studyinturkiye.com/sit-program/master-of-science-international-business-communications-english/
"Master of Business Administration (Euro Asia Business) (English)",https://search.studyinturkiye.com/sit-program/master-of-business-administration-euro-asia-business-english/
"Bachelor of Arts in Digital Advertising (Hons) (English)",https://search.studyinturkiye.com/sit-program/bachelor-of-arts-in-digital-advertising-hons-english/
"Bachelor of Arts in Animation (Hons) (English)",https://search.studyinturkiye.com/sit-program/bachelor-of-arts-in-animation-hons-english/
"Bachelor of Arts in Visual Effects (Hons) (English)",https://search.studyinturkiye.com/sit-program/bachelor-of-arts-in-visual-effects-hons-english/
"Bachelor of Arts in Industrial Design (Hons) (English)",https://search.studyinturkiye.com/sit-program/bachelor-of-arts-in-industrial-design-hons-english/
"Bachelor of Marketing Management (Hons) (English)",https://search.studyinturkiye.com/sit-program/bachelor-of-marketing-management-hons-english/
"Bachelor of Tourism Management (Hons) (English)",https://search.studyinturkiye.com/sit-program/bachelor-of-tourism-management-hons-english/
"Bachelor of Business Management with a specialism in E-Business (Hons) (English)",https://search.studyinturkiye.com/sit-program/bachelor-of-business-management-with-a-specialism-in-e-business-hons-english/
"Bachelor of Science in Actuarial Studies with with a specialism in Financial Technology (Hons) (English)",https://search.studyinturkiye.com/sit-program/bachelor-of-science-in-actuarial-studies-with-with-a-specialism-in-financial-technology-hons-english/
"Bachelor of Science in Actuarial Studies with a specialism in Data Analytics (Hons) (English)",https://search.studyinturkiye.com/sit-program/bachelor-of-science-in-actuarial-studies-with-a-specialism-in-data-analytics-hons-english/
"Bachelor of Banking and Finance with a specialism in Investment Analytics (Hons) (English)",https://search.studyinturkiye.com/sit-program/bachelor-of-banking-and-finance-with-a-specialism-in-investment-analytics-hons-english/
"Bachelor of Banking and Finance (Hons) (English)",https://search.studyinturkiye.com/sit-program/bachelor-of-banking-and-finance-hons-english/
"Bachelor of Accounting and Finance with a specialism in Accounting Technology (Hons) (English)",https://search.studyinturkiye.com/sit-program/bachelor-of-accounting-and-finance-with-a-specialism-in-accounting-technology-hons-english/
"Bachelor of Accounting and Finance with a specialism in Forex and Investments (Hons) (English)",https://search.studyinturkiye.com/sit-program/bachelor-of-accounting-and-finance-with-a-specialism-in-forex-and-investments-hons-english/
"Bachelor of Accounting and Finance with a specialism in Forensic Accounting (Hons) (English)",https://search.studyinturkiye.com/sit-program/bachelor-of-accounting-and-finance-with-a-specialism-in-forensic-accounting-hons-english/
"Bachelor of Science in Psychology (Hons) (English)",https://search.studyinturkiye.com/sit-program/bachelor-of-science-in-psychology-hons-english/
"Bachelor of Arts in Media and Communication Studies (Hons) (English)",https://search.studyinturkiye.com/sit-program/bachelor-of-arts-in-media-and-communication-studies-hons-english/
"Bachelor of International Relations (Hons) (English)",https://search.studyinturkiye.com/sit-program/bachelor-of-international-relations-hons-english/
"Bachelor of Media and Communication (English)",https://search.studyinturkiye.com/sit-program/bachelor-of-media-and-communication-english-2/
"Bachelor of Computer Games Development (English)",https://search.studyinturkiye.com/sit-program/bachelor-of-computer-games-development-english/
"Bachelor of Computing and Technology (English)",https://search.studyinturkiye.com/sit-program/bachelor-of-computing-and-technology-english/
"Bachelor of Science in Psychology (English)",https://search.studyinturkiye.com/sit-program/bachelor-of-science-in-psychology-english/
"Bachelor of Computer Science (Hons) (English)",https://search.studyinturkiye.com/sit-program/bachelor-of-computer-science-hons-english/
"Bachelor of Actuarial Science (Hons) (English)",https://search.studyinturkiye.com/sit-program/bachelor-of-actuarial-science-hons-english/
"Bachelor of Business Management (Hons) (English)",https://search.studyinturkiye.com/sit-program/bachelor-of-business-management-hons-english-2/
"Bachelor of Banking and Finance with a specialism in Financial Technology (Hons) (English)",https://search.studyinturkiye.com/sit-program/bachelor-of-banking-and-finance-with-a-specialism-in-financial-technology-hons-english/
"Bachelor of Marketing Management with a specialism in Digital Marketing (Hons) (English)",https://search.studyinturkiye.com/sit-program/bachelor-of-marketing-management-with-a-specialism-in-digital-marketing-hons-english/
"Bachelor of Human Resource Management (Hons) (English)",https://search.studyinturkiye.com/sit-program/bachelor-of-human-resource-management-hons-english/
"Bachelor of Business Management with a specialism in Digital Leadership (Hons) (English)",https://search.studyinturkiye.com/sit-program/bachelor-of-business-management-with-a-specialism-in-digital-leadership-hons-english/
"Bachelor of Multimedia Technology with a specialism in VR/AR (Hons) (English)",https://search.studyinturkiye.com/sit-program/bachelor-of-multimedia-technology-with-a-specialism-in-vr-ar-hons-english/
"Bachelor of Computer Science (Intelligent Systems) (Hons) (English)",https://search.studyinturkiye.com/sit-program/bachelor-of-computer-science-intelligent-systems-hons-english/
"Bachelor of Computer Science (Cyber Security) (Hons) (English)",https://search.studyinturkiye.com/sit-program/bachelor-of-computer-science-cyber-security-hons-english-2/
"Bachelor of Computer Science with a specialism in Digital Forensics (Hons) (English)",https://search.studyinturkiye.com/sit-program/bachelor-of-computer-science-with-a-specialism-in-digital-forensics-hons-english/
"Bachelor of Computer Science with a specialism in Data Analytics (Hons) (English)",https://search.studyinturkiye.com/sit-program/bachelor-of-computer-science-with-a-specialism-in-data-analytics-hons-english/
"Bachelor of Information Technology with a specialism in Business Information Systems (Hons) (English)",https://search.studyinturkiye.com/sit-program/bachelor-of-information-technology-with-a-specialism-in-business-information-systems-hons-english/
"Bachelor of Information Technology with a specialism in Financial Technology (FinTech) (Hons) (English)",https://search.studyinturkiye.com/sit-program/bachelor-of-information-technology-with-a-specialism-in-financial-technology-fintech-hons-english/
"Bachelor of Information Technology with a specialism in Digital Transformation (Hons) (English)",https://search.studyinturkiye.com/sit-program/bachelor-of-information-technology-with-a-specialism-in-digital-transformation-hons-english/
"Bachelor of Information Technology with a specialism in Information System Security (Hons) (English)",https://search.studyinturkiye.com/sit-program/bachelor-of-information-technology-with-a-specialism-in-information-system-security-hons-english/
"Bachelor of Software Engineering (English)",https://search.studyinturkiye.com/sit-program/bachelor-of-software-engineering-english-7/
"Bachelor of Petroleum Engineering (English)",https://search.studyinturkiye.com/sit-program/bachelor-of-petroleum-engineering-english/
"Bachelor of Multimedia Technology (English)",https://search.studyinturkiye.com/sit-program/bachelor-of-multimedia-technology-english/
"Bachelor of Mechatronics Engineering (English)",https://search.studyinturkiye.com/sit-program/bachelor-of-mechatronics-engineering-english-2/
"Bachelor of Information Technology (Mobile Technology) (English)",https://search.studyinturkiye.com/sit-program/bachelor-of-information-technology-mobile-technology-english/
"Bachelor of Information Technology (Internet of Things) (English)",https://search.studyinturkiye.com/sit-program/bachelor-of-information-technology-internet-of-things-english/
"Bachelor of Information Technology (English)",https://search.studyinturkiye.com/sit-program/bachelor-of-information-technology-english-2/
"Bachelor of Games Development (English)",https://search.studyinturkiye.com/sit-program/bachelor-of-games-development-english/
"Bachelor of Electrical and Electronics Engineering (English)",https://search.studyinturkiye.com/sit-program/bachelor-of-electrical-and-electronics-engineering-english-9/
"Bachelor of Computer Science (English)",https://search.studyinturkiye.com/sit-program/bachelor-of-computer-science-english-2/
"Bachelor of Computer Engineering (English)",https://search.studyinturkiye.com/sit-program/bachelor-of-computer-engineering-english-13/
"Bachelor of Accounting and Finance (English)",https://search.studyinturkiye.com/sit-program/bachelor-of-accounting-and-finance-english-2/
"Turkish Language Course (TOMER) (Turkish)",https://search.studyinturkiye.com/sit-program/turkish-language-course-tomer-turkish-2/
"Associate of Court Office Services (Turkish)",https://search.studyinturkiye.com/sit-program/associate-of-court-office-services-turkish-3/
"Associate of Unmanned Aerial Vehicle Technology And Operator (Turkish)",https://search.studyinturkiye.com/sit-program/associate-of-unmanned-aerial-vehicle-technology-and-operator-turkish/
"Associate of LABORATORY TECHNOLOGY (Turkish)",https://search.studyinturkiye.com/sit-program/associate-of-laboratory-technology-turkish-2/
"ASSOCIATE OF WEB DESIGN AND CODING (Turkish)",https://search.studyinturkiye.com/sit-program/associate-of-web-design-and-coding-turkish/
"ASSOCIATE OF PASTRY AND BAKERY (Turkish)",https://search.studyinturkiye.com/sit-program/associate-of-pastry-and-bakery-turkish/
"Associate of Medical Laboratory Technology (Turkish)",https://search.studyinturkiye.com/sit-program/associate-of-medical-laboratory-technology-turkish/
"Associate of Electronic Technology (Turkish)",https://search.studyinturkiye.com/sit-program/associate-of-electronic-technology-turkish/
"Associate of Information Security Technology (Turkish)",https://search.studyinturkiye.com/sit-program/associate-of-information-security-technology-turkish-4/
"Associate of Hybrid and Electric Vehicle Technology (Turkish)",https://search.studyinturkiye.com/sit-program/associate-of-hybrid-and-electric-vehicle-technology-turkish/
"Associate of Tourist Guiding (Turkish)",https://search.studyinturkiye.com/sit-program/associate-of-tourist-guiding-turkish/
"Associate of Sports Management (Turkish)",https://search.studyinturkiye.com/sit-program/associate-of-sports-management-turkish/
"Associate of Radiotherapy (Turkish)",https://search.studyinturkiye.com/sit-program/associate-of-radiotherapy-turkish-3/
"Associate of Radio and TV Programming (Turkish)",https://search.studyinturkiye.com/sit-program/associate-of-radio-and-tv-programming-turkish/
"Associate of Public Relations and Advertising (Turkish)",https://search.studyinturkiye.com/sit-program/associate-of-public-relations-and-advertising-turkish/
"Associate of Podology (Turkish)",https://search.studyinturkiye.com/sit-program/associate-of-podology-turkish/
"Associate of Physiotherapy (English)",https://search.studyinturkiye.com/sit-program/associate-of-physiotherapy-english/
"Associate of Physiotherapy (Turkish)",https://search.studyinturkiye.com/sit-program/associate-of-physiotherapy-turkish-8/
"Associate of Pathology Laboratory Techniques (Turkish)",https://search.studyinturkiye.com/sit-program/associate-of-pathology-laboratory-techniques-turkish-2/
"Associate of Orthopedic Prosthetics and Orthotics (Turkish)",https://search.studyinturkiye.com/sit-program/associate-of-orthopedic-prosthetics-and-orthotics-turkish-2/
"Associate of Oral and Dental Health (Turkish)",https://search.studyinturkiye.com/sit-program/associate-of-oral-and-dental-health-turkish-7/
"Associate of Opticianry (Turkish)",https://search.studyinturkiye.com/sit-program/associate-of-opticianry-turkish-7/
"Associate of Operation Room Services (Turkish)",https://search.studyinturkiye.com/sit-program/associate-of-operation-room-services-turkish-2/
"Associate of Occupational Health and Safety (Turkish)",https://search.studyinturkiye.com/sit-program/associate-of-occupational-health-and-safety-turkish-3/
"Associate of Medical Imaging Techniques (Turkish)",https://search.studyinturkiye.com/sit-program/associate-of-medical-imaging-techniques-turkish-9/
"Associate of Medical Documentation and Secretarial (Turkish)",https://search.studyinturkiye.com/sit-program/associate-of-medical-documentation-and-secretarial-turkish-2/
"Associate of Mechatronics (Turkish)",https://search.studyinturkiye.com/sit-program/associate-of-mechatronics-turkish-3/
"Associate of Maritime and Port Management (Turkish)",https://search.studyinturkiye.com/sit-program/associate-of-maritime-and-port-management-turkish/
"Associate of Machinery (Turkish)",https://search.studyinturkiye.com/sit-program/associate-of-machinery-turkish-4/
"Associate of Logistics (Turkish)",https://search.studyinturkiye.com/sit-program/associate-of-logistics-turkish-3/
"Associate of Justice (Turkish)",https://search.studyinturkiye.com/sit-program/associate-of-justice-turkish-2/
"Associate of Interior Design (Turkish)",https://search.studyinturkiye.com/sit-program/associate-of-interior-design-turkish-5/
"Associate of Human Resources Management (Turkish)",https://search.studyinturkiye.com/sit-program/associate-of-human-resources-management-turkish-2/
"Associate of Management of Health Institutions (Turkish)",https://search.studyinturkiye.com/sit-program/associate-of-management-of-health-institutions-turkish-2/
"Associate of Hair Care and Beauty Services (Turkish)",https://search.studyinturkiye.com/sit-program/associate-of-hair-care-and-beauty-services-turkish-2/
"Associate of Graphic Design (Turkish)",https://search.studyinturkiye.com/sit-program/associate-of-graphic-design-turkish-2/
"Associate of Foreign Trade (Turkish)",https://search.studyinturkiye.com/sit-program/associate-of-foreign-trade-turkish/
"Associate of Food Technology (Turkish)",https://search.studyinturkiye.com/sit-program/associate-of-food-technology-turkish-2/
"Associate of Food Quality Control and Analysis (Turkish)",https://search.studyinturkiye.com/sit-program/associate-of-food-quality-control-and-analysis-turkish/
"Associate of Flight Operations Management (Turkish)",https://search.studyinturkiye.com/sit-program/associate-of-flight-operations-management-turkish/
"Associate of First Aid and Emergency (Turkish)",https://search.studyinturkiye.com/sit-program/associate-of-first-aid-and-emergency-turkish-7/
"Associate of Fashion Design (Turkish)",https://search.studyinturkiye.com/sit-program/associate-of-fashion-design-turkish/
"Associate of Electroneurophysiology (Turkish)",https://search.studyinturkiye.com/sit-program/associate-of-electroneurophysiology-turkish-3/
"Associate of Electric (Turkish)",https://search.studyinturkiye.com/sit-program/associate-of-electric-turkish-5/
"Associate of Dialysis (Turkish)",https://search.studyinturkiye.com/sit-program/associate-of-dialysis-turkish-6/
"Associate of Dental Prosthetics Technology (Turkish)",https://search.studyinturkiye.com/sit-program/associate-of-dental-prosthetics-technology-turkish/
"Associate of Culinary (Turkish)",https://search.studyinturkiye.com/sit-program/associate-of-culinary-turkish/
"Associate of Construction Technology (Turkish)",https://search.studyinturkiye.com/sit-program/associate-of-construction-technology-turkish-5/
"Associate of Computer Technologies (Turkish)",https://search.studyinturkiye.com/sit-program/associate-of-computer-technologies-turkish-2/
"Associate of Computer Programming (English)",https://search.studyinturkiye.com/sit-program/associate-of-computer-programming-english/
"Associate of Computer Programming (Turkish)",https://search.studyinturkiye.com/sit-program/associate-of-computer-programming-turkish-6/
"Associate of Computer Aided Design and Animation (Turkish)",https://search.studyinturkiye.com/sit-program/associate-of-computer-aided-design-and-animation-turkish/
"Associate of Civil Aviation Transportation Management (English)",https://search.studyinturkiye.com/sit-program/associate-of-civil-aviation-transportation-management-english/
"Associate of Civil Aviation Transportation Management (Turkish)",https://search.studyinturkiye.com/sit-program/associate-of-civil-aviation-transportation-management-turkish/
"Associate of Civil Aviation Cabin Services (English)",https://search.studyinturkiye.com/sit-program/associate-of-civil-aviation-cabin-services-english/
"Associate of Civil Aviation Cabin Services (Turkish)",https://search.studyinturkiye.com/sit-program/associate-of-civil-aviation-cabin-services-turkish-3/
"Associate of Child Development (Turkish)",https://search.studyinturkiye.com/sit-program/associate-of-child-development-turkish-4/
"Associate of Biomedical Device Technology (Turkish)",https://search.studyinturkiye.com/sit-program/associate-of-biomedical-device-technology-turkish-4/
"Associate of Banking and Insurance (Turkish)",https://search.studyinturkiye.com/sit-program/associate-of-banking-and-insurance-turkish-2/
"Associate of Autopsy Assistance (Turkish)",https://search.studyinturkiye.com/sit-program/associate-of-autopsy-assistance-turkish/
"Associate of Automotive Technology (Turkish)",https://search.studyinturkiye.com/sit-program/associate-of-automotive-technology-turkish/
"Associate of Audiometry (Turkish)",https://search.studyinturkiye.com/sit-program/associate-of-audiometry-turkish-4/
"Associate of Applied English and Translation (Turkish)",https://search.studyinturkiye.com/sit-program/associate-of-applied-english-and-translation-turkish/
"Associate of Applied English and Translation (English)",https://search.studyinturkiye.com/sit-program/associate-of-applied-english-and-translation-english/
"Associate of Anesthesia (Turkish)",https://search.studyinturkiye.com/sit-program/associate-of-anesthesia-turkish-10/
"Associate of Aircraft Technology (Turkish)",https://search.studyinturkiye.com/sit-program/associate-of-aircraft-technology-turkish/
"Associate of Air Logistics (Turkish)",https://search.studyinturkiye.com/sit-program/associate-of-air-logistics-turkish/
"Phd In Aircraft Engineering (Turkish)",https://search.studyinturkiye.com/sit-program/phd-in-aircraft-engineering-turkish/
"PhD in Sports Management (Turkish)",https://search.studyinturkiye.com/sit-program/phd-in-sports-management-turkish/
"PhD in Political Science and International Relations (Turkish)",https://search.studyinturkiye.com/sit-program/phd-in-political-science-and-international-relations-turkish/
"PhD in Gastronomy (Turkish)",https://search.studyinturkiye.com/sit-program/phd-in-gastronomy-turkish/
"PhD in Exercise and Training Sciences (Turkish)",https://search.studyinturkiye.com/sit-program/phd-in-exercise-and-training-sciences-turkish/
"PhD in Economics and Finance (English)",https://search.studyinturkiye.com/sit-program/phd-in-economics-and-finance-english/
"PhD in Economics and Finance (Turkish)",https://search.studyinturkiye.com/sit-program/phd-in-economics-and-finance-turkish/
"PhD in Civil Engineering (Turkish)",https://search.studyinturkiye.com/sit-program/phd-in-civil-engineering-turkish/
"PhD in Business Administration (Turkish)",https://search.studyinturkiye.com/sit-program/phd-in-business-administration-turkish-5/
"Master of OCCUPATIONAL HEALTH AND SAFETY (DISTANCE EDUCATION)(Non-Thesis) (Turkish)",https://search.studyinturkiye.com/sit-program/master-of-occupational-health-and-safety-distance-educationnon-thesis-turkish/
"Master of Aircraft Engineering (Thesis) (English)",https://search.studyinturkiye.com/sit-program/master-of-aircraft-engineering-thesis-english/
"Master of Aircraft Engineering (Thesis) (Turkish)",https://search.studyinturkiye.com/sit-program/master-of-aircraft-engineering-thesis-turkish/
"Master of Aircraft Engineering (Non-Thesis) (English)",https://search.studyinturkiye.com/sit-program/master-of-aircraft-engineering-non-thesis-english/
"Master of Aircraft Engineering (Non-Thesis) (Turkish)",https://search.studyinturkiye.com/sit-program/master-of-aircraft-engineering-non-thesis-turkish/
"Master of Psychosocial Areas in Sports (Non-Thesis) (Turkish)",https://search.studyinturkiye.com/sit-program/master-of-psychosocial-areas-in-sports-non-thesis-turkish/
"Master of Psychosocial Areas in Sports (Thesis) (Turkish)",https://search.studyinturkiye.com/sit-program/master-of-psychosocial-areas-in-sports-thesis-turkish/
"Master of Tourism Guidance (Non-Thesis) (Turkish)",https://search.studyinturkiye.com/sit-program/master-of-tourism-guidance-non-thesis-turkish/
"Master of Dependency Psychology (Thesis) (Turkish)",https://search.studyinturkiye.com/sit-program/master-of-dependency-psychology-thesis-turkish/
"Master of Aeronautical Engineering (Non-Thesis) (Turkish)",https://search.studyinturkiye.com/sit-program/master-of-aeronautical-engineering-non-thesis-turkish/
"Master of Aeronautical Engineering (Thesis) (Turkish)",https://search.studyinturkiye.com/sit-program/master-of-aeronautical-engineering-thesis-turkish/
"Master of Visual Communication Design (Thesis) (Turkish)",https://search.studyinturkiye.com/sit-program/master-of-visual-communication-design-thesis-turkish-2/
"Master of Visual Communication Design (Non-Thesis) (Turkish)",https://search.studyinturkiye.com/sit-program/master-of-visual-communication-design-non-thesis-turkish-2/
"Master of Turkish Language and Literature (Thesis) (Turkish)",https://search.studyinturkiye.com/sit-program/master-of-turkish-language-and-literature-thesis-turkish-2/
"Master of Turkish Language and Literature (Non-Thesis) (Turkish)",https://search.studyinturkiye.com/sit-program/master-of-turkish-language-and-literature-non-thesis-turkish/
"Master of Sports Management (Thesis) (Turkish)",https://search.studyinturkiye.com/sit-program/master-of-sports-management-thesis-turkish/
"Master of Sports Management (Non-Thesis) (Turkish)",https://search.studyinturkiye.com/sit-program/master-of-sports-management-non-thesis-turkish/
"Master of Sociology (Thesis) (Turkish)",https://search.studyinturkiye.com/sit-program/master-of-sociology-thesis-turkish-2/
"Master of Sociology (Non-Thesis) (Turkish)",https://search.studyinturkiye.com/sit-program/master-of-sociology-non-thesis-turkish/
"Master of Security Studies (Thesis) (Turkish)",https://search.studyinturkiye.com/sit-program/master-of-security-studies-thesis-turkish/
"Master of Public Relations and Publicity (Thesis) (Turkish)",https://search.studyinturkiye.com/sit-program/master-of-public-relations-and-publicity-thesis-turkish/
"Master of Public Relations and Publicity (Non-Thesis) (Turkish)",https://search.studyinturkiye.com/sit-program/master-of-public-relations-and-publicity-non-thesis-turkish/
"Master of Psychology (Thesis) (Turkish)",https://search.studyinturkiye.com/sit-program/master-of-psychology-thesis-turkish-2/
"Master of Psychology (Non-Thesis) (Turkish)",https://search.studyinturkiye.com/sit-program/master-of-psychology-non-thesis-turkish-2/
"Master of Political Science and Public Administration (Thesis) (English)",https://search.studyinturkiye.com/sit-program/master-of-political-science-and-public-administration-thesis-english/
"Master of Political Science and Public Administration (Thesis) (Turkish)",https://search.studyinturkiye.com/sit-program/master-of-political-science-and-public-administration-thesis-turkish/
"Master of Political Science and Public Administration (Non-Thesis) (English)",https://search.studyinturkiye.com/sit-program/master-of-political-science-and-public-administration-non-thesis-english/
"Master of Political Science and International Relations (Thesis) (Turkish)",https://search.studyinturkiye.com/sit-program/master-of-political-science-and-international-relations-thesis-turkish/
"Master of Political Science and International Relations (Non-Thesis) (English)",https://search.studyinturkiye.com/sit-program/master-of-political-science-and-international-relations-non-thesis-english-3/
"Master of Political Science and International Relations (Non-Thesis) (Turkish)",https://search.studyinturkiye.com/sit-program/master-of-political-science-and-international-relations-non-thesis-turkish/
"Master of Physiotherapy and Rehabilitation (Thesis) (Turkish)",https://search.studyinturkiye.com/sit-program/master-of-physiotherapy-and-rehabilitation-thesis-turkish-5/
"Master of Physiotherapy and Rehabilitation (Non-Thesis) (Turkish)",https://search.studyinturkiye.com/sit-program/master-of-physiotherapy-and-rehabilitation-non-thesis-turkish-3/
"Master of Occupational Health and Safety (Thesis) (Turkish)",https://search.studyinturkiye.com/sit-program/master-of-occupational-health-and-safety-thesis-turkish-2/
"Master of Occupational Health and Safety (Non-Thesis) (Turkish)",https://search.studyinturkiye.com/sit-program/master-of-occupational-health-and-safety-non-thesis-turkish-4/
"Master of Nutrition and Dietetics (Thesis) (Turkish)",https://search.studyinturkiye.com/sit-program/master-of-nutrition-and-dietetics-thesis-turkish-4/
"Master of Nutrition and Dietetics (Non-Thesis) (Turkish)",https://search.studyinturkiye.com/sit-program/master-of-nutrition-and-dietetics-non-thesis-turkish-4/
"Master of New Media, Communication and Journalism (Thesis) (Turkish)",https://search.studyinturkiye.com/sit-program/master-of-new-media-communication-and-journalism-thesis-turkish/
"Master of Mechatronics Engineering (Thesis) (Turkish)",https://search.studyinturkiye.com/sit-program/master-of-mechatronics-engineering-thesis-turkish/
"Master of International Trade and Logistics (Thesis) (Turkish)",https://search.studyinturkiye.com/sit-program/master-of-international-trade-and-logistics-thesis-turkish/
"Master of International Trade and Logistics (Non-Thesis) (Turkish)",https://search.studyinturkiye.com/sit-program/master-of-international-trade-and-logistics-non-thesis-turkish/
"Master of International Logistics and Transportation (Non-Thesis) (Turkish)",https://search.studyinturkiye.com/sit-program/master-of-international-logistics-and-transportation-non-thesis-turkish/
"Master of Healthcare Organizations Management (Thesis) (Turkish)",https://search.studyinturkiye.com/sit-program/master-of-healthcare-organizations-management-thesis-turkish/
"Master of Healthcare Organizations Management (Non-Thesis) (Turkish)",https://search.studyinturkiye.com/sit-program/master-of-healthcare-organizations-management-non-thesis-turkish/
"Master of Healthcare Management (Thesis) (Turkish)",https://search.studyinturkiye.com/sit-program/master-of-healthcare-management-thesis-turkish-2/
"Master of Healthcare Management (Non-Thesis) (Turkish)",https://search.studyinturkiye.com/sit-program/master-of-healthcare-management-non-thesis-turkish-2/
"Master of Gastronomi (Thesis) (Turkish)",https://search.studyinturkiye.com/sit-program/master-of-gastronomi-thesis-turkish/
"Master of Gastronomi (Non-Thesis) (Turkish)",https://search.studyinturkiye.com/sit-program/master-of-gastronomi-non-thesis-turkish/
"Master of Exercise and Training Sciences (Thesis) (Turkish)",https://search.studyinturkiye.com/sit-program/master-of-exercise-and-training-sciences-thesis-turkish/
"Master of Exercise and Training Sciences (Non-Thesis) (Turkish)",https://search.studyinturkiye.com/sit-program/master-of-exercise-and-training-sciences-non-thesis-turkish/
"Master of Engineering Management (Thesis) (Turkish)",https://search.studyinturkiye.com/sit-program/master-of-engineering-management-thesis-turkish-2/
"Master of Engineering Management (Non-Thesis) (Turkish)",https://search.studyinturkiye.com/sit-program/master-of-engineering-management-non-thesis-turkish/
"Master of Electrical and Electronics Engineering (Thesis) (English)",https://search.studyinturkiye.com/sit-program/master-of-electrical-and-electronics-engineering-thesis-english-5/
"Master of Electrical and Electronics Engineering(Thesis) (Turkish)",https://search.studyinturkiye.com/sit-program/master-of-electrical-and-electronics-engineeringthesis-turkish-3/
"Master of Electrical and Electronics Engineering(Non-Thesis) (English)",https://search.studyinturkiye.com/sit-program/master-of-electrical-and-electronics-engineeringnon-thesis-english/
"Master of Electrical and Electronics Engineering(Non-Thesis) (Turkish)",https://search.studyinturkiye.com/sit-program/master-of-electrical-and-electronics-engineeringnon-thesis-turkish-3/
"Master of Economy and Finance (Thesis) (English)",https://search.studyinturkiye.com/sit-program/master-of-economy-and-finance-thesis-english/
"Master of Economy and Finance (Thesis) (Turkish)",https://search.studyinturkiye.com/sit-program/master-of-economy-and-finance-thesis-turkish/
"Master of Economy and Finance (Non-Thesis) (English)",https://search.studyinturkiye.com/sit-program/master-of-economy-and-finance-non-thesis-english/
"Master of Economy and Finance (Non-Thesis) (Turkish)",https://search.studyinturkiye.com/sit-program/master-of-economy-and-finance-non-thesis-turkish/
"Master of Computer Engineering (Thesis) (Turkish)",https://search.studyinturkiye.com/sit-program/master-of-computer-engineering-thesis-turkish-2/
"Master of Computer Engineering (Non-Thesis) (Turkish)",https://search.studyinturkiye.com/sit-program/master-of-computer-engineering-non-thesis-turkish-2/
"Bachelor of Nursing (Turkish)",https://search.studyinturkiye.com/sit-program/bachelor-of-nursing-turkish-9/
"Bachelor of Music Education (Turkish)",https://search.studyinturkiye.com/sit-program/bachelor-of-music-education-turkish/
"Bachelor of Molecular Biology and Genetics (English)",https://search.studyinturkiye.com/sit-program/bachelor-of-molecular-biology-and-genetics-english-5/
"Bachelor of Molecular Biology and Genetics (Turkish)",https://search.studyinturkiye.com/sit-program/bachelor-of-molecular-biology-and-genetics-turkish-2/
"Bachelor of Midwifery (Turkish)",https://search.studyinturkiye.com/sit-program/bachelor-of-midwifery-turkish-8/
"Bachelor of Medicine (Turkish)",https://search.studyinturkiye.com/sit-program/bachelor-of-medicine-turkish-6/
"Bachelor of Medicine (English)",https://search.studyinturkiye.com/sit-program/bachelor-of-medicine-english-8/
"Bachelor of Mechatronics Engineering (English)",https://search.studyinturkiye.com/sit-program/bachelor-of-mechatronics-engineering-english-3/
"Bachelor of Mechanical Engineering (Turkish)",https://search.studyinturkiye.com/sit-program/bachelor-of-mechanical-engineering-turkish-2/
"Bachelor of Mechanical Engineering (English)",https://search.studyinturkiye.com/sit-program/bachelor-of-mechanical-engineering-english-8/
"Bachelor of Mathematics Teaching for Secondary Schools (Turkish)",https://search.studyinturkiye.com/sit-program/bachelor-of-mathematics-teaching-for-secondary-schools-turkish/
"Bachelor of Mathematics Teaching for Elementary Schools (Turkish)",https://search.studyinturkiye.com/sit-program/bachelor-of-mathematics-teaching-for-elementary-schools-turkish/
"Bachelor of Mathematics Education (Turkish)",https://search.studyinturkiye.com/sit-program/bachelor-of-mathematics-education-turkish/
"Bachelor of Mathematics (English)",https://search.studyinturkiye.com/sit-program/bachelor-of-mathematics-english-4/
"Bachelor of Mathematics (Turkish)",https://search.studyinturkiye.com/sit-program/bachelor-of-mathematics-turkish/
"Bachelor of Materials Science and NanoTechnology Engineering (English)",https://search.studyinturkiye.com/sit-program/bachelor-of-materials-science-and-nanotechnology-engineering-english-2/
"Bachelor ofMarketing (Turkish)",https://search.studyinturkiye.com/sit-program/bachelor-ofmarketing-turkish/
"Bachelor ofMarketing (English)",https://search.studyinturkiye.com/sit-program/bachelor-ofmarketing-english/
"Bachelor of Management Information Systems (English)",https://search.studyinturkiye.com/sit-program/bachelor-of-management-information-systems-english-3/
"Bachelor of Management Information Systems (Turkish)",https://search.studyinturkiye.com/sit-program/bachelor-of-management-information-systems-turkish-6/
"Bachelor of Law (Turkish)",https://search.studyinturkiye.com/sit-program/bachelor-of-law-turkish-5/
"Bachelor of Journalism (Turkish)",https://search.studyinturkiye.com/sit-program/bachelor-of-journalism-turkish-2/
"Bachelor of Journalism (English)",https://search.studyinturkiye.com/sit-program/bachelor-of-journalism-english-2/
"Bachelor of International Relations (Turkish)",https://search.studyinturkiye.com/sit-program/bachelor-of-international-relations-turkish/
"Bachelor of International Relations (English)",https://search.studyinturkiye.com/sit-program/bachelor-of-international-relations-english-4/
"Bachelor of International Law (English)",https://search.studyinturkiye.com/sit-program/bachelor-of-international-law-english/
"Bachelor of International Business (English)",https://search.studyinturkiye.com/sit-program/bachelor-of-international-business-english-2/
"Bachelor of International Business (Turkish)",https://search.studyinturkiye.com/sit-program/bachelor-of-international-business-turkish/
"Bachelor of Interior Design (Turkish)",https://search.studyinturkiye.com/sit-program/bachelor-of-interior-design-turkish/
"Bachelor of Interior Architecture (English)",https://search.studyinturkiye.com/sit-program/bachelor-of-interior-architecture-english-3/
"Bachelor of Interior Architecture (Turkish)",https://search.studyinturkiye.com/sit-program/bachelor-of-interior-architecture-turkish-3/
"Bachelor of Artificial Intelligence Engineering (English)",https://search.studyinturkiye.com/sit-program/bachelor-of-artificial-intelligence-engineering-english-2/
"Bachelor of Information Systems Engineering (Turkish)",https://search.studyinturkiye.com/sit-program/bachelor-of-information-systems-engineering-turkish/
"Bachelor of Information Systems Engineering (English)",https://search.studyinturkiye.com/sit-program/bachelor-of-information-systems-engineering-english/
"Bachelor ofIndustrial Engineering (English)",https://search.studyinturkiye.com/sit-program/bachelor-ofindustrial-engineering-english/
"Bachelor ofHuman Resources Management (English)",https://search.studyinturkiye.com/sit-program/bachelor-ofhuman-resources-management-english/
"Bachelor ofHuman Resources Management (Turkish)",https://search.studyinturkiye.com/sit-program/bachelor-ofhuman-resources-management-turkish/
"Bachelor of History Teaching (Turkish)",https://search.studyinturkiye.com/sit-program/bachelor-of-history-teaching-turkish/
"Bachelor of History (Turkish)",https://search.studyinturkiye.com/sit-program/bachelor-of-history-turkish-2/
"Bachelor of Healthcare Management (Turkish)",https://search.studyinturkiye.com/sit-program/bachelor-of-healthcare-management-turkish/
"Bachelor of Graphic Design (Turkish)",https://search.studyinturkiye.com/sit-program/bachelor-of-graphic-design-turkish/
"Bachelor of Gifted Education (Turkish)",https://search.studyinturkiye.com/sit-program/bachelor-of-gifted-education-turkish/
"Bachelor of Gifted Education (English)",https://search.studyinturkiye.com/sit-program/bachelor-of-gifted-education-english/
"Bachelor of Gerontology (Turkish)",https://search.studyinturkiye.com/sit-program/bachelor-of-gerontology-turkish/
"Bachelor of Geography Teaching (Turkish)",https://search.studyinturkiye.com/sit-program/bachelor-of-geography-teaching-turkish/
"Bachelor of Geography (Turkish)",https://search.studyinturkiye.com/sit-program/bachelor-of-geography-turkish/
"Bachelor of Gastronomy and Culinary Arts (English)",https://search.studyinturkiye.com/sit-program/bachelor-of-gastronomy-and-culinary-arts-english-5/
"Bachelor of Food Engineering (Turkish)",https://search.studyinturkiye.com/sit-program/bachelor-of-food-engineering-turkish/
"Bachelor of Food Engineering (English)",https://search.studyinturkiye.com/sit-program/bachelor-of-food-engineering-english-2/
"Bachelor of Filmmaking and Broadcasting (English)",https://search.studyinturkiye.com/sit-program/bachelor-of-filmmaking-and-broadcasting-english/
"Bachelor of European Union Relations (English)",https://search.studyinturkiye.com/sit-program/bachelor-of-european-union-relations-english/
"Bachelor of European Union Relations (Turkish)",https://search.studyinturkiye.com/sit-program/bachelor-of-european-union-relations-turkish/
"Bachelor of Environmental Engineering (English)",https://search.studyinturkiye.com/sit-program/bachelor-of-environmental-engineering-english/
"Bachelor of English Language Teaching (Turkish)",https://search.studyinturkiye.com/sit-program/bachelor-of-english-language-teaching-turkish/
"Bachelor of English Language Teaching (English)",https://search.studyinturkiye.com/sit-program/bachelor-of-english-language-teaching-english-3/
"Bachelor of English Language and Literature (English)",https://search.studyinturkiye.com/sit-program/bachelor-of-english-language-and-literature-english-6/
"Bachelor of Emergency and Disaster Management (Turkish)",https://search.studyinturkiye.com/sit-program/bachelor-of-emergency-and-disaster-management-turkish/
"Bachelor of Electrical and Electronics Engineering (Turkish)",https://search.studyinturkiye.com/sit-program/bachelor-of-electrical-and-electronics-engineering-turkish-3/
"Bachelor of Electrical and Electronics Engineering (English)",https://search.studyinturkiye.com/sit-program/bachelor-of-electrical-and-electronics-engineering-english-10/
"Bachelor ofEconomics (Turkish)",https://search.studyinturkiye.com/sit-program/bachelor-ofeconomics-turkish-2/
"Bachelor of Economics (English)",https://search.studyinturkiye.com/sit-program/bachelor-of-economics-english-8/
"Bachelor ofDrama Writing (Turkish)",https://search.studyinturkiye.com/sit-program/bachelor-ofdrama-writing-turkish/
"Bachelor of Dentistry (Turkish)",https://search.studyinturkiye.com/sit-program/bachelor-of-dentistry-turkish-9/
"Bachelor of Dentistry (English)",https://search.studyinturkiye.com/sit-program/bachelor-of-dentistry-english-10/
"Bachelor of Computer Information Systems (Turkish)",https://search.studyinturkiye.com/sit-program/bachelor-of-computer-information-systems-turkish/
"Bachelor of Computer Information Systems (English)",https://search.studyinturkiye.com/sit-program/bachelor-of-computer-information-systems-english/
"Bachelor of Computer Engineering (Turkish)",https://search.studyinturkiye.com/sit-program/bachelor-of-computer-engineering-turkish-4/
"Bachelor of Computer Engineering (English)",https://search.studyinturkiye.com/sit-program/bachelor-of-computer-engineering-english-14/
"Bachelor ofComputer Education and Educational Technologies (English)",https://search.studyinturkiye.com/sit-program/bachelor-ofcomputer-education-and-educational-technologies-english/
"Bachelor ofComputer Education and Educational Technologies (Turkish)",https://search.studyinturkiye.com/sit-program/bachelor-ofcomputer-education-and-educational-technologies-turkish/
"Bachelor of Coaching Training (Turkish)",https://search.studyinturkiye.com/sit-program/bachelor-of-coaching-training-turkish-2/
"Bachelor of Classroom Teaching (Turkish)",https://search.studyinturkiye.com/sit-program/bachelor-of-classroom-teaching-turkish/
"Bachelor of Civil Engineering (Turkish)",https://search.studyinturkiye.com/sit-program/bachelor-of-civil-engineering-turkish-2/
"Bachelor of Civil Engineering (English)",https://search.studyinturkiye.com/sit-program/bachelor-of-civil-engineering-english-6/
"Bachelor of Child Development (Turkish)",https://search.studyinturkiye.com/sit-program/bachelor-of-child-development-turkish-3/
"Bachelor of Cartoon and Animation (Turkish)",https://search.studyinturkiye.com/sit-program/bachelor-of-cartoon-and-animation-turkish-3/
"Bachelor of Business Administration (Distance Learning) (English)",https://search.studyinturkiye.com/sit-program/bachelor-of-business-administration-distance-learning-english/
"Bachelor ofBusiness Administration (Turkish)",https://search.studyinturkiye.com/sit-program/bachelor-ofbusiness-administration-turkish/
"Bachelor of Business Administration (English)",https://search.studyinturkiye.com/sit-program/bachelor-of-business-administration-english-7/
"Bachelor of Biomedical Engineering (English)",https://search.studyinturkiye.com/sit-program/bachelor-of-biomedical-engineering-english-5/
"Bachelor of BioEngineering (English)",https://search.studyinturkiye.com/sit-program/bachelor-of-bioengineering-english-2/
"Bachelor of Banking and Finance (English)",https://search.studyinturkiye.com/sit-program/bachelor-of-banking-and-finance-english-2/
"Bachelor of Banking and Finance (Turkish)",https://search.studyinturkiye.com/sit-program/bachelor-of-banking-and-finance-turkish/
"Bachelor of Automotive Engineering (Turkish)",https://search.studyinturkiye.com/sit-program/bachelor-of-automotive-engineering-turkish/
"Bachelor of Automotive Engineering (English)",https://search.studyinturkiye.com/sit-program/bachelor-of-automotive-engineering-english-2/
"Bachelor of Audiology (Turkish)",https://search.studyinturkiye.com/sit-program/bachelor-of-audiology-turkish-5/
"Bachelor of Audiology (English)",https://search.studyinturkiye.com/sit-program/bachelor-of-audiology-english/
"Bachelor of Architecture (Turkish)",https://search.studyinturkiye.com/sit-program/bachelor-of-architecture-turkish-3/
"Bachelor of Architecture (English)",https://search.studyinturkiye.com/sit-program/bachelor-of-architecture-english-7/
"Bachelor of Adult Education Teaching (Turkish)",https://search.studyinturkiye.com/sit-program/bachelor-of-adult-education-teaching-turkish/
"Bachelor of Actuarial Science (Turkish)",https://search.studyinturkiye.com/sit-program/bachelor-of-actuarial-science-turkish/
"Bachelor of Acting (Turkish)",https://search.studyinturkiye.com/sit-program/bachelor-of-acting-turkish-2/
"PhD in Mechanical Engineering (English)",https://search.studyinturkiye.com/sit-program/phd-in-mechanical-engineering-english-3/
"PhD in Software Engineering (English)",https://search.studyinturkiye.com/sit-program/phd-in-software-engineering-english/
"PhD in Private Law (Turkish)",https://search.studyinturkiye.com/sit-program/phd-in-private-law-turkish-2/
"PhD in Political Science and Public Administration (Turkish)",https://search.studyinturkiye.com/sit-program/phd-in-political-science-and-public-administration-turkish/
"PhD in Political Economy (Turkish)",https://search.studyinturkiye.com/sit-program/phd-in-political-economy-turkish/
"PhD in Modeling and Design of Engineering Systems (English)",https://search.studyinturkiye.com/sit-program/phd-in-modeling-and-design-of-engineering-systems-english/
"PhD in English Literature and Culture (English)",https://search.studyinturkiye.com/sit-program/phd-in-english-literature-and-culture-english/
"PhD in Electrical and Electronics Engineering (English)",https://search.studyinturkiye.com/sit-program/phd-in-electrical-and-electronics-engineering-english-3/
"PhD in Chemistry (English)",https://search.studyinturkiye.com/sit-program/phd-in-chemistry-english-2/
"PhD in Business Administration (Turkish)",https://search.studyinturkiye.com/sit-program/phd-in-business-administration-turkish-6/
"PhD in Business Administration (English)",https://search.studyinturkiye.com/sit-program/phd-in-business-administration-english-5/
"PhD in Architecture (Turkish)",https://search.studyinturkiye.com/sit-program/phd-in-architecture-turkish-2/
"Master of Tunneling and Underground Structures (Non-Thesis) (Turkish)",https://search.studyinturkiye.com/sit-program/master-of-tunneling-and-underground-structures-non-thesis-turkish/
"Master of Translation Studies (Thesis) (English)",https://search.studyinturkiye.com/sit-program/master-of-translation-studies-thesis-english/
"Master of Translation and Interpretation (Thesis) (English)",https://search.studyinturkiye.com/sit-program/master-of-translation-and-interpretation-thesis-english/
"Master of Tourism Management (Thesis) (Turkish)",https://search.studyinturkiye.com/sit-program/master-of-tourism-management-thesis-turkish/
"Master of Tourism Management (Non-Thesis) (Turkish)",https://search.studyinturkiye.com/sit-program/master-of-tourism-management-non-thesis-turkish/
"Master of Software Engineering (Thesis) (English)",https://search.studyinturkiye.com/sit-program/master-of-software-engineering-thesis-english/
"Master of Software Engineering (Non-Thesis) (English)",https://search.studyinturkiye.com/sit-program/master-of-software-engineering-non-thesis-english/
"Master of Public Law (Thesis) (Turkish)",https://search.studyinturkiye.com/sit-program/master-of-public-law-thesis-turkish-4/
"Master of Public Law (Non-Thesis) (Turkish)",https://search.studyinturkiye.com/sit-program/master-of-public-law-non-thesis-turkish-3/
"Master of Public Administration and Political Science (Thesis) (Turkish)",https://search.studyinturkiye.com/sit-program/master-of-public-administration-and-political-science-thesis-turkish/
"Master of Public Administration and Political Science (Non-Thesis) (Turkish)",https://search.studyinturkiye.com/sit-program/master-of-public-administration-and-political-science-non-thesis-turkish/
"Master of Metallurgical and Materials Engineering (Thesis) (English)",https://search.studyinturkiye.com/sit-program/master-of-metallurgical-and-materials-engineering-thesis-english/
"Master of Metallurgical and Materials Engineering (Non-Thesis) (English)",https://search.studyinturkiye.com/sit-program/master-of-metallurgical-and-materials-engineering-non-thesis-english/
"Master of Mechatronics Engineering (Thesis) (English)",https://search.studyinturkiye.com/sit-program/master-of-mechatronics-engineering-thesis-english/
"Master of Mechatronics Engineering (Non-Thesis) (English)",https://search.studyinturkiye.com/sit-program/master-of-mechatronics-engineering-non-thesis-english/
"Master of Mechanical Engineering (Thesis) (English)",https://search.studyinturkiye.com/sit-program/master-of-mechanical-engineering-thesis-english-3/
"Master of Mechanical Engineering (Non-Thesis) (English)",https://search.studyinturkiye.com/sit-program/master-of-mechanical-engineering-non-thesis-english/
"Master of Mathematics (Thesis) (English)",https://search.studyinturkiye.com/sit-program/master-of-mathematics-thesis-english-2/
"Master of Mathematics (Non-Thesis) (English)",https://search.studyinturkiye.com/sit-program/master-of-mathematics-non-thesis-english-2/
"Master of Manufacturing Engineering (Thesis) (English)",https://search.studyinturkiye.com/sit-program/master-of-manufacturing-engineering-thesis-english/
"Master of Manufacturing Engineering (Non-Thesis) (English)",https://search.studyinturkiye.com/sit-program/master-of-manufacturing-engineering-non-thesis-english/
"Master of Local Governments (Thesis) (Turkish)",https://search.studyinturkiye.com/sit-program/master-of-local-governments-thesis-turkish/
"Master of Local Governments (Non-Thesis) (Turkish)",https://search.studyinturkiye.com/sit-program/master-of-local-governments-non-thesis-turkish/
"Master of International Relations (Thesis) (English)",https://search.studyinturkiye.com/sit-program/master-of-international-relations-thesis-english/
"Master of International Relations (Non-Thesis) (English)",https://search.studyinturkiye.com/sit-program/master-of-international-relations-non-thesis-english/
"Master of Interior Architecture and Environmental Design (Thesis) (Turkish)",https://search.studyinturkiye.com/sit-program/master-of-interior-architecture-and-environmental-design-thesis-turkish-2/
"Master of Information Technology (Thesis) (English)",https://search.studyinturkiye.com/sit-program/master-of-information-technology-thesis-english-2/
"Master of Information Technology (Non-Thesis) (English)",https://search.studyinturkiye.com/sit-program/master-of-information-technology-non-thesis-english/
"Master of Information Systems Engineering (Thesis) (English)",https://search.studyinturkiye.com/sit-program/master-of-information-systems-engineering-thesis-english/
"Master of Industrial Engineering (Thesis) (English)",https://search.studyinturkiye.com/sit-program/master-of-industrial-engineering-thesis-english-2/
"Master of Industrial Engineering (Non-Thesis) (Turkish)",https://search.studyinturkiye.com/sit-program/master-of-industrial-engineering-non-thesis-turkish-2/
"Master of Healthcare Management (Thesis) (Turkish)",https://search.studyinturkiye.com/sit-program/master-of-healthcare-management-thesis-turkish-3/
"Master of Healthcare Management (Non-Thesis) (Turkish)",https://search.studyinturkiye.com/sit-program/master-of-healthcare-management-non-thesis-turkish-3/
"Master of Global MBA (Non-Thesis) (Online) (English)",https://search.studyinturkiye.com/sit-program/master-of-global-mba-non-thesis-online-english/
"Master of Finance (Thesis) (Turkish)",https://search.studyinturkiye.com/sit-program/master-of-finance-thesis-turkish/
"Master of Finance (Non-Thesis) (Turkish)",https://search.studyinturkiye.com/sit-program/master-of-finance-non-thesis-turkish/
"Master of European Union (Thesis) (Turkish)",https://search.studyinturkiye.com/sit-program/master-of-european-union-thesis-turkish/
"Master of European Union (Non-Thesis) (Turkish)",https://search.studyinturkiye.com/sit-program/master-of-european-union-non-thesis-turkish/
"Master of English Language and Literature (Thesis) (English)",https://search.studyinturkiye.com/sit-program/master-of-english-language-and-literature-thesis-english-2/
"Master of English Language and Literature (Non-Thesis) (English)",https://search.studyinturkiye.com/sit-program/master-of-english-language-and-literature-non-thesis-english/
"Master of Electrical and Electronics Engineering (Thesis) (English)",https://search.studyinturkiye.com/sit-program/master-of-electrical-and-electronics-engineering-thesis-english-6/
"Master of Electrical and Electronics Engineering(Non-Thesis) (English)",https://search.studyinturkiye.com/sit-program/master-of-electrical-and-electronics-engineeringnon-thesis-english-2/
"Master of Computer Engineering (Thesis) (English)",https://search.studyinturkiye.com/sit-program/master-of-computer-engineering-thesis-english-6/
"Master of Computer Engineering (Non-Thesis) (English)",https://search.studyinturkiye.com/sit-program/master-of-computer-engineering-non-thesis-english-3/
"Master of Civil Engineering (Thesis) (English)",https://search.studyinturkiye.com/sit-program/master-of-civil-engineering-thesis-english-5/
"Master of Civil Engineering (Non-Thesis) (English)",https://search.studyinturkiye.com/sit-program/master-of-civil-engineering-non-thesis-english-2/
"Master of Chemical Engineering and Applied Chemistry (Thesis) (English)",https://search.studyinturkiye.com/sit-program/master-of-chemical-engineering-and-applied-chemistry-thesis-english/
"Master of Chemical Engineering and Applied Chemistry (Non-Thesis) (English)",https://search.studyinturkiye.com/sit-program/master-of-chemical-engineering-and-applied-chemistry-non-thesis-english/
"Master of Business Administration (Thesis) (English)",https://search.studyinturkiye.com/sit-program/master-of-business-administration-thesis-english-8/
"Master of Business Administration (Thesis) (Turkish)",https://search.studyinturkiye.com/sit-program/master-of-business-administration-thesis-turkish-7/
"Master of Business Administration (Non-Thesis) (Turkish)",https://search.studyinturkiye.com/sit-program/master-of-business-administration-non-thesis-turkish-6/
"Master of Business Administration (Non-Thesis) (English)",https://search.studyinturkiye.com/sit-program/master-of-business-administration-non-thesis-english-9/
"Master of Business Administration (Non-Thesis) (Distance Learning) (English)",https://search.studyinturkiye.com/sit-program/master-of-business-administration-non-thesis-distance-learning-english-2/
"Master of Business (Non-Thesis) (English)",https://search.studyinturkiye.com/sit-program/master-of-business-non-thesis-english/
"Master of Business (Distance Education) (Non-Thesis) (Turkish)",https://search.studyinturkiye.com/sit-program/master-of-business-distance-education-non-thesis-turkish/
"Master of Applied Physics (Thesis) (English)",https://search.studyinturkiye.com/sit-program/master-of-applied-physics-thesis-english/
"Master of Applied Physics (Non-Thesis) (English)",https://search.studyinturkiye.com/sit-program/master-of-applied-physics-non-thesis-english/
"Master of Applied Economics (Thesis) (Turkish)",https://search.studyinturkiye.com/sit-program/master-of-applied-economics-thesis-turkish/
"Master of Applied Economics (Non-Thesis) (Turkish)",https://search.studyinturkiye.com/sit-program/master-of-applied-economics-non-thesis-turkish/
"Bachelor of Translation and Interpretation (English)",https://search.studyinturkiye.com/sit-program/bachelor-of-translation-and-interpretation-english-3/
"Bachelor of Tourism Management (English)",https://search.studyinturkiye.com/sit-program/bachelor-of-tourism-management-english-3/
"Bachelor of Software Engineering (English)",https://search.studyinturkiye.com/sit-program/bachelor-of-software-engineering-english-8/
"Bachelor of Public Relations and Advertising (English)",https://search.studyinturkiye.com/sit-program/bachelor-of-public-relations-and-advertising-english/
"Bachelor of Psychology (English)",https://search.studyinturkiye.com/sit-program/bachelor-of-psychology-english-9/
"Bachelor of Political Science and Public Administration (Turkish)",https://search.studyinturkiye.com/sit-program/bachelor-of-political-science-and-public-administration-turkish-2/
"Bachelor of Pilot Training (English)",https://search.studyinturkiye.com/sit-program/bachelor-of-pilot-training-english/
"Bachelor of Physiotherapy and Rehabilitation (English)",https://search.studyinturkiye.com/sit-program/bachelor-of-physiotherapy-and-rehabilitation-english-6/
"Bachelor of Nutrition and Dietetics (English)",https://search.studyinturkiye.com/sit-program/bachelor-of-nutrition-and-dietetics-english-2/
"Bachelor of Nursing (English)",https://search.studyinturkiye.com/sit-program/bachelor-of-nursing-english-8/
"Bachelor of Metallurgical and Materials Engineering (English)",https://search.studyinturkiye.com/sit-program/bachelor-of-metallurgical-and-materials-engineering-english/
"Bachelor of Medicine (English)",https://search.studyinturkiye.com/sit-program/bachelor-of-medicine-english-9/
"Bachelor of Mechatronics Engineering (English)",https://search.studyinturkiye.com/sit-program/bachelor-of-mechatronics-engineering-english-4/
"Bachelor of Mechanical Engineering (English)",https://search.studyinturkiye.com/sit-program/bachelor-of-mechanical-engineering-english-9/
"Bachelor of Mathematics (English)",https://search.studyinturkiye.com/sit-program/bachelor-of-mathematics-english-5/
"Bachelor of Manufacturing Engineering (English)",https://search.studyinturkiye.com/sit-program/bachelor-of-manufacturing-engineering-english-2/
"Bachelor of Law (Turkish)",https://search.studyinturkiye.com/sit-program/bachelor-of-law-turkish-6/
"Bachelor of International Trade and Logistics (English)",https://search.studyinturkiye.com/sit-program/bachelor-of-international-trade-and-logistics-english/
"Bachelor of International Relations (English)",https://search.studyinturkiye.com/sit-program/bachelor-of-international-relations-english-5/
"Bachelor of Interior Architecture and Environmental Design (Turkish)",https://search.studyinturkiye.com/sit-program/bachelor-of-interior-architecture-and-environmental-design-turkish-5/
"Bachelor of Information Systems Engineering (English)",https://search.studyinturkiye.com/sit-program/bachelor-of-information-systems-engineering-english-2/
"Bachelor of Industrial Product Design (Turkish)",https://search.studyinturkiye.com/sit-program/bachelor-of-industrial-product-design-turkish/
"Bachelor of Industrial Engineering (English)",https://search.studyinturkiye.com/sit-program/bachelor-of-industrial-engineering-english-8/
"Bachelor of Graphic Design (Turkish)",https://search.studyinturkiye.com/sit-program/bachelor-of-graphic-design-turkish-2/
"Bachelor of Finance (Turkish)",https://search.studyinturkiye.com/sit-program/bachelor-of-finance-turkish/
"Bachelor of Fashion and Textile Design (Turkish)",https://search.studyinturkiye.com/sit-program/bachelor-of-fashion-and-textile-design-turkish/
"Bachelor of English Language and Literature (English)",https://search.studyinturkiye.com/sit-program/bachelor-of-english-language-and-literature-english-7/
"Bachelor of Energy Systems Engineering (English)",https://search.studyinturkiye.com/sit-program/bachelor-of-energy-systems-engineering-english/
"Bachelor of Electrical and Electronics Engineering (English)",https://search.studyinturkiye.com/sit-program/bachelor-of-electrical-and-electronics-engineering-english-11/
"Bachelor of Economics (Turkish)",https://search.studyinturkiye.com/sit-program/bachelor-of-economics-turkish-2/
"Bachelor of Economics (English)",https://search.studyinturkiye.com/sit-program/bachelor-of-economics-english-9/
"Bachelor of Computer Engineering (English)",https://search.studyinturkiye.com/sit-program/bachelor-of-computer-engineering-english-15/
"Bachelor of Civil Engineering (English)",https://search.studyinturkiye.com/sit-program/bachelor-of-civil-engineering-english-7/
"Bachelor of Chemical Engineering and Applied Chemistry (English)",https://search.studyinturkiye.com/sit-program/bachelor-of-chemical-engineering-and-applied-chemistry-english/
"Bachelor of Business Administration (Turkish)",https://search.studyinturkiye.com/sit-program/bachelor-of-business-administration-turkish-5/
"Bachelor of Business Administration (English)",https://search.studyinturkiye.com/sit-program/bachelor-of-business-administration-english-8/
"Bachelor of Avionics (English)",https://search.studyinturkiye.com/sit-program/bachelor-of-avionics-english/
"Bachelor of Aviation Management (English)",https://search.studyinturkiye.com/sit-program/bachelor-of-aviation-management-english-2/
"Bachelor of Automotive Engineering (English)",https://search.studyinturkiye.com/sit-program/bachelor-of-automotive-engineering-english-3/
"Bachelor of Architecture (Turkish)",https://search.studyinturkiye.com/sit-program/bachelor-of-architecture-turkish-4/
"Bachelor of Airframe and Powerplant Maintenance (English)",https://search.studyinturkiye.com/sit-program/bachelor-of-airframe-and-powerplant-maintenance-english/
"English Language Preparatory Program (English)",https://search.studyinturkiye.com/sit-program/english-language-preparatory-program-english-7/
"Phd in Design , Technology and society (English)",https://search.studyinturkiye.com/sit-program/phd-in-design-technology-and-society-english/
"Phd in Gender Studies (English)",https://search.studyinturkiye.com/sit-program/phd-in-gender-studies-english/
"Phd In Communication (PhD) (English)",https://search.studyinturkiye.com/sit-program/phd-in-communication-phd-english/
"PhD in Psychology (English)",https://search.studyinturkiye.com/sit-program/phd-in-psychology-english-2/
"PhD in Private Law (Turkish)",https://search.studyinturkiye.com/sit-program/phd-in-private-law-turkish-3/
"PhD in Management Information Systems (English)",https://search.studyinturkiye.com/sit-program/phd-in-management-information-systems-english/
"PhD in International Relations (English)",https://search.studyinturkiye.com/sit-program/phd-in-international-relations-english-2/
"PhD in Industrial Engineering (English)",https://search.studyinturkiye.com/sit-program/phd-in-industrial-engineering-english-2/
"PhD in Electronics Engineering (English)",https://search.studyinturkiye.com/sit-program/phd-in-electronics-engineering-english/
"PhD in Economics (English)",https://search.studyinturkiye.com/sit-program/phd-in-economics-english-3/
"PhD in Computer Engineering (English)",https://search.studyinturkiye.com/sit-program/phd-in-computer-engineering-english-4/
"PhD in Computational Applied Science and Engineering (English)",https://search.studyinturkiye.com/sit-program/phd-in-computational-applied-science-and-engineering-english/
"PhD in Business Administration (English)",https://search.studyinturkiye.com/sit-program/phd-in-business-administration-english-6/
"PhD in Bioinformatics and Genetics (English)",https://search.studyinturkiye.com/sit-program/phd-in-bioinformatics-and-genetics-english/
"PhD in Banking and Finance (English)",https://search.studyinturkiye.com/sit-program/phd-in-banking-and-finance-english/
"Master Of computational applied science and engineering ( Thesis) (English)",https://search.studyinturkiye.com/sit-program/master-of-computational-applied-science-and-engineering-with-thesis-english/
"Master of International Political Economy (Thesis) (English)",https://search.studyinturkiye.com/sit-program/master-of-international-political-economy-thesis-english/
"Master of User Experience Design(Non-Thesis) (English)",https://search.studyinturkiye.com/sit-program/master-of-user-experience-designnon-thesis-english/
"Master of Public Law (Thesis) (Turkish)",https://search.studyinturkiye.com/sit-program/master-of-public-law-thesis-turkish-5/
"Master of Public Law (Non-Thesis) ( English )",https://search.studyinturkiye.com/sit-program/master-of-public-law-non-thesis-turkish-4/
"Master of Psychology (Thesis) (Turkish)",https://search.studyinturkiye.com/sit-program/master-of-psychology-thesis-turkish-3/
"Master of Psychology (Thesis) (English)",https://search.studyinturkiye.com/sit-program/master-of-psychology-thesis-english-2/
"Master of Psychology (Non-Thesis) (English)",https://search.studyinturkiye.com/sit-program/master-of-psychology-non-thesis-english/
"Master of Private Law (Thesis) (Turkish)",https://search.studyinturkiye.com/sit-program/master-of-private-law-thesis-turkish-4/
"Master of Private Law (Non-Thesis) (Turkish)",https://search.studyinturkiye.com/sit-program/master-of-private-law-non-thesis-turkish-3/
"Master of Preservation of Cultural Heritage(Thesis) (English)",https://search.studyinturkiye.com/sit-program/master-of-preservation-of-cultural-heritagethesis-english/
"Master of The Preservation of Cultural Heritage (Thesis) (Turkish)",https://search.studyinturkiye.com/sit-program/master-of-preservation-of-cultural-heritagethesis-turkish/
"Master of The Preservation of Cultural Heritage (Non-Thesis) (Turkish)",https://search.studyinturkiye.com/sit-program/master-of-preservation-of-cultural-heritagenon-thesis-turkish/
"Master of Political Science and Public Administration (Thesis) (English)",https://search.studyinturkiye.com/sit-program/master-of-political-science-and-public-administration-thesis-english-2/
"Master of New Media (Thesis) (English)",https://search.studyinturkiye.com/sit-program/master-of-new-media-thesis-english/
"Master of New Media (Non-Thesis) (English)",https://search.studyinturkiye.com/sit-program/master-of-new-media-non-thesis-english/
"Master of Materials and NanoTechnology (Thesis) (English)",https://search.studyinturkiye.com/sit-program/master-of-materials-and-nanotechnology-engineering-thesis-english/
"Master of Management Information Systems (Thesis) (English)",https://search.studyinturkiye.com/sit-program/master-of-management-information-systems-thesis-english-3/
"Master of Management Information Systems (Non-Thesis) (English)",https://search.studyinturkiye.com/sit-program/master-of-management-information-systems-non-thesis-english-2/
"Master of International Relations (Thesis) (English)",https://search.studyinturkiye.com/sit-program/master-of-international-relations-thesis-english-2/
"Master of Industrial Engineering (Thesis) (English)",https://search.studyinturkiye.com/sit-program/master-of-industrial-engineering-thesis-english-3/
"Master of Industrial Engineering (Non-Thesis) (English)",https://search.studyinturkiye.com/sit-program/master-of-industrial-engineering-non-thesis-english/
"Master of Financial Engineering(Thesis) (Turkish)",https://search.studyinturkiye.com/sit-program/master-of-financial-engineeringthesis-turkish/
"Master of Financial Engineering (Non-Thesis) ( English )",https://search.studyinturkiye.com/sit-program/master-of-financial-engineering-non-thesis-turkish/
"Master of Banking and Finance (Thesis) (English)",https://search.studyinturkiye.com/sit-program/master-of-finance-and-banking-thesis-english/
"Master of Banking and Finance (Non-Thesis) (English)",https://search.studyinturkiye.com/sit-program/master-of-finance-and-banking-non-thesis-english/
"Master of Film and Drama (Thesis) ( English )",https://search.studyinturkiye.com/sit-program/master-of-film-and-drama-thesis-turkish/
"Master of Film and Drama (Non-Thesis) ( English )",https://search.studyinturkiye.com/sit-program/master-of-film-and-drama-non-thesis-turkish/
"Master of Energy and Sustainable Development (Interdisciplinary) (Thesis) (English)",https://search.studyinturkiye.com/sit-program/master-of-energy-and-sustainable-development-interdisciplinary-thesis-english/
"Master of Energy and Sustainable Development (Interdisciplinary) (Non-Thesis) (English)",https://search.studyinturkiye.com/sit-program/master-of-energy-and-sustainable-development-interdisciplinary-non-thesis-english/
"Master of Electronics Engineering (Thesis) (English)",https://search.studyinturkiye.com/sit-program/master-of-electronics-engineering-thesis-english/
"Master of Economics (Thesis) (English)",https://search.studyinturkiye.com/sit-program/master-of-economics-thesis-english-2/
"Master of Economics (Non-Thesis) (English)",https://search.studyinturkiye.com/sit-program/master-of-economics-non-thesis-english-2/
"Master of Design (Thesis) (English)",https://search.studyinturkiye.com/sit-program/master-of-design-thesis-english/
"Master of Design (Non-Thesis) (English)",https://search.studyinturkiye.com/sit-program/master-of-design-non-thesis-english/
"Master of Cyber Security (Thesis) (English)",https://search.studyinturkiye.com/sit-program/master-of-cyber-security-thesis-english-4/
"Master of Cyber Security (Non-Thesis) (English)",https://search.studyinturkiye.com/sit-program/master-of-cyber-security-non-thesis-english-3/
"Master of Corporate Communications and Public Relations Management (Thesis) (Turkish)",https://search.studyinturkiye.com/sit-program/master-of-corporate-communications-and-public-relations-management-thesis-turkish/
"Master of Corporate Communications and Public Relations Management (Non-Thesis) (English)",https://search.studyinturkiye.com/sit-program/master-of-corporate-communications-and-public-relations-management-non-thesis-turkish/
"Master of Computer Engineering (Thesis) (English)",https://search.studyinturkiye.com/sit-program/master-of-computer-engineering-thesis-english-7/
"Master of Computational Biology and Bioinformatics (Thesis) (English)",https://search.studyinturkiye.com/sit-program/master-of-computational-biology-and-bioinformatics-thesis-english/
"Master of Communication Studies (Thesis) (English)",https://search.studyinturkiye.com/sit-program/master-of-communication-studies-thesis-english/
"Master of Communication Studies (Non-Thesis) (Turkish)",https://search.studyinturkiye.com/sit-program/master-of-communication-studies-non-thesis-turkish/
"Master of Cinema and TV (Thesis) (Turkish)",https://search.studyinturkiye.com/sit-program/master-of-cinema-and-tv-thesis-turkish/
"Master of Cinema and TV (Non-Thesis) (Turkish)",https://search.studyinturkiye.com/sit-program/master-of-cinema-and-tv-non-thesis-turkish/
"Master of Business Intelligence and Analytics (Thesis) (English)",https://search.studyinturkiye.com/sit-program/master-of-business-intelligence-and-analytics-thesis-english/
"Master of Business Intelligence and Analytics (Non-Thesis) (English)",https://search.studyinturkiye.com/sit-program/master-of-business-intelligence-and-analytics-non-thesis-english/
"Master of Business Administration (Thesis) (English)",https://search.studyinturkiye.com/sit-program/master-of-business-administration-thesis-english-9/
"Master of Business Administration (Non-Thesis) (Turkish)",https://search.studyinturkiye.com/sit-program/master-of-business-administration-non-thesis-turkish-7/
"Master of Business Administration (Non-Thesis) (English)",https://search.studyinturkiye.com/sit-program/master-of-business-administration-non-thesis-english-10/
"Master of Architectural and Urban Studies (Thesis) (English)",https://search.studyinturkiye.com/sit-program/master-of-architectural-and-urban-studies-thesis-english/
"Bachelor of Public Relations and Information (English)",https://search.studyinturkiye.com/sit-program/bachelor-of-public-relations-and-information-english/
"Bachelor of Visual Communication Design (English)",https://search.studyinturkiye.com/sit-program/bachelor-of-visual-communication-design-english-2/
"Bachelor of Theater (70%TR-30%EN)",https://search.studyinturkiye.com/sit-program/bachelor-of-theater-70tr-30en/
"Bachelor of Radio, Cinema and TV (English)",https://search.studyinturkiye.com/sit-program/bachelor-of-radio-cinema-and-tv-english-2/
"Bachelor of Psychology (English)",https://search.studyinturkiye.com/sit-program/bachelor-of-psychology-english-10/
"Bachelor of Political Science and Public Administration (English)",https://search.studyinturkiye.com/sit-program/bachelor-of-political-science-and-public-administration-english-3/
"Bachelor of New Media (English)",https://search.studyinturkiye.com/sit-program/bachelor-of-new-media-english/
"Bachelor of Molecular Biology and Genetics (English)",https://search.studyinturkiye.com/sit-program/bachelor-of-molecular-biology-and-genetics-english-6/
"Bachelor of Mechatronics Engineering (English)",https://search.studyinturkiye.com/sit-program/bachelor-of-mechatronics-engineering-english-5/
"Bachelor of Management Information Systems (English)",https://search.studyinturkiye.com/sit-program/bachelor-of-management-information-systems-english-4/
"Bachelor of Law ( 30% English / 70%Turkish)",https://search.studyinturkiye.com/sit-program/bachelor-of-law-turkish-7/
"Bachelor of International Trade and Logistics (English)",https://search.studyinturkiye.com/sit-program/bachelor-of-international-trade-and-logistics-english-2/
"Bachelor of International Trade and Finance (English)",https://search.studyinturkiye.com/sit-program/bachelor-of-international-trade-and-finance-english-3/
"Bachelor of International Relations (English)",https://search.studyinturkiye.com/sit-program/bachelor-of-international-relations-english-6/
"Bachelor of Interior Architecture and Environmental Design (English)",https://search.studyinturkiye.com/sit-program/bachelor-of-interior-architecture-and-environmental-design-english-3/
"Bachelor of Industrial Design (English)",https://search.studyinturkiye.com/sit-program/bachelor-of-industrial-product-design-english/
"Bachelor of Industrial Engineering (English)",https://search.studyinturkiye.com/sit-program/bachelor-of-industrial-engineering-english-9/
"Bachelor of Electrical and Electronics Engineering (English)",https://search.studyinturkiye.com/sit-program/bachelor-of-electrical-and-electronics-engineering-english-12/
"Bachelor of Economics (English)",https://search.studyinturkiye.com/sit-program/bachelor-of-economics-english-10/
"Bachelor of Computer Engineering (English)",https://search.studyinturkiye.com/sit-program/bachelor-of-computer-engineering-english-16/
"Bachelor of Civil Engineering (English)",https://search.studyinturkiye.com/sit-program/bachelor-of-civil-engineering-english-8/
"Bachelor of Business Administration (English)",https://search.studyinturkiye.com/sit-program/bachelor-of-business-administration-english-9/
"Bachelor of Architecture (English)",https://search.studyinturkiye.com/sit-program/bachelor-of-architecture-english-8/
"Bachelor of Advertising (English)",https://search.studyinturkiye.com/sit-program/bachelor-of-advertising-english-2/
"Associate of Operation room services (evening education) (Turkish)",https://search.studyinturkiye.com/sit-program/associate-of-operation-room-services-evening-education-turkish/
"Associate of Opticianry (evening education) (Turkish)",https://search.studyinturkiye.com/sit-program/associate-of-opticianry-evening-education-turkish/
"Associate of Graphic design (evening education) (Turkish)",https://search.studyinturkiye.com/sit-program/associate-of-graphic-design-evening-education-turkish/
"ASSOCIATE OF MEDICAL LABORATORY TECHNIQUES (EVENING EDUCATION) (Turkish)",https://search.studyinturkiye.com/sit-program/associate-of-medical-laboratory-techniques-evening-education-turkish/
"ASSOCIATE OF MEDICAL IMAGING TECHNIQUES (EVENING EDUCATION) (Turkish)",https://search.studyinturkiye.com/sit-program/associate-of-medical-imaging-techniques-evening-education-turkish/
"ASSOCIATE OF FIRST AID AND EMERGENCY (EVENING EDUCATION) (Turkish)",https://search.studyinturkiye.com/sit-program/associate-of-first-aid-and-emergency-evening-education-turkish/
"ASSOCIATE OF COMPUTER PROGRAMMING (EVENING EDUCATION) (Turkish)",https://search.studyinturkiye.com/sit-program/associate-of-computer-programming-evening-education-turkish/
"Associate of Medical Laboratory Techniques (Turkish)",https://search.studyinturkiye.com/sit-program/associate-of-medical-laboratory-techniques-turkish-4/
"Associate of Surgery Room Services (Turkish)",https://search.studyinturkiye.com/sit-program/associate-of-surgery-room-services-turkish/
"Associate of Radio and TV Technology (Turkish)",https://search.studyinturkiye.com/sit-program/associate-of-radio-and-tv-technology-turkish/
"Associate of Optometry (Turkish)",https://search.studyinturkiye.com/sit-program/associate-of-optometry-turkish/
"Associate of Operating Room Services (Turkish)",https://search.studyinturkiye.com/sit-program/associate-of-operating-room-services-turkish-4/
"Associate of Occupational Health and Safety (Turkish)",https://search.studyinturkiye.com/sit-program/associate-of-occupational-health-and-safety-turkish-4/
"Associate of Medical Imaging Techniques (Turkish)",https://search.studyinturkiye.com/sit-program/associate-of-medical-imaging-techniques-turkish-10/
"Associate of Medical Documentation and Secretarial (Turkish)",https://search.studyinturkiye.com/sit-program/associate-of-medical-documentation-and-secretarial-turkish-3/
"Associate of Graphic Design (Turkish)",https://search.studyinturkiye.com/sit-program/associate-of-graphic-design-turkish-3/
"Associate of Foreign Trade (Turkish)",https://search.studyinturkiye.com/sit-program/associate-of-foreign-trade-turkish-2/
"Associate of First Aid and Emergency (Turkish)",https://search.studyinturkiye.com/sit-program/associate-of-first-aid-and-emergency-turkish-8/
"Associate of Fashion Design (Turkish)",https://search.studyinturkiye.com/sit-program/associate-of-fashion-design-turkish-2/
"Associate of Computer Programming (Turkish)",https://search.studyinturkiye.com/sit-program/associate-of-computer-programming-turkish-7/
"Associate of Audiometry (Turkish)",https://search.studyinturkiye.com/sit-program/associate-of-audiometry-turkish-5/
"Associate of Architectural Restoration (Turkish)",https://search.studyinturkiye.com/sit-program/associate-of-architectural-restoration-turkish/
"Associate of Anesthesia (Turkish)",https://search.studyinturkiye.com/sit-program/associate-of-anesthesia-turkish-11/
"PhD in Science of Art (English)",https://search.studyinturkiye.com/sit-program/phd-in-science-of-art-english/
"PhD in Contemporary Business (English)",https://search.studyinturkiye.com/sit-program/phd-in-contemporary-business-english/
"PhD in Mathematics (English)",https://search.studyinturkiye.com/sit-program/phd-in-mathematics-english-3/
"PhD in Electronics Engineering (English)",https://search.studyinturkiye.com/sit-program/phd-in-electronics-engineering-english-2/
"PhD in Computer Engineering (English)",https://search.studyinturkiye.com/sit-program/phd-in-computer-engineering-english-5/
"Master of Middle Eastern Studies (Thesis) (English)",https://search.studyinturkiye.com/sit-program/master-of-middle-eastern-studies-thesis-english/
"Master of Middle Eastern Studies (Non-Thesis) (English)",https://search.studyinturkiye.com/sit-program/master-of-middle-eastern-studies-non-thesis-english/
"Master of Technology and Innovation Management (Non-Thesis) (English)",https://search.studyinturkiye.com/sit-program/master-of-technology-and-innovation-management-non-thesis-english/
"Master of Mechanical Engineering (Thesis) (English)",https://search.studyinturkiye.com/sit-program/master-of-mechanical-engineering-thesis-english-4/
"Master of Mechanical Engineering (Non-Thesis) (English)",https://search.studyinturkiye.com/sit-program/master-of-mechanical-engineering-non-thesis-english-2/
"Master of Mathematics (Thesis) (English)",https://search.studyinturkiye.com/sit-program/master-of-mathematics-thesis-english-3/
"Master of Management Information Systems (Non-Thesis) (English)",https://search.studyinturkiye.com/sit-program/master-of-management-information-systems-non-thesis-english-3/
"Master of International Relations (Thesis) (English)",https://search.studyinturkiye.com/sit-program/master-of-international-relations-thesis-english-3/
"Master of International Relations (Non-Thesis) (English)",https://search.studyinturkiye.com/sit-program/master-of-international-relations-non-thesis-english-2/
"Master of Information Technology (Thesis) (English)",https://search.studyinturkiye.com/sit-program/master-of-information-technology-thesis-english-3/
"Master of Information Technologies (Non-Thesis) (English)",https://search.studyinturkiye.com/sit-program/master-of-information-technologies-non-thesis-english/
"Master of Industrial Engineering (Thesis) (English)",https://search.studyinturkiye.com/sit-program/master-of-industrial-engineering-thesis-english-4/
"Master of Industrial Engineering (Non-Thesis) (English)",https://search.studyinturkiye.com/sit-program/master-of-industrial-engineering-non-thesis-english-2/
"Master of Executive Business Administration (Thesis) (English)",https://search.studyinturkiye.com/sit-program/master-of-executive-business-administration-thesis-english-4/
"Master of Executive Business Administration (Non-Thesis) (English)",https://search.studyinturkiye.com/sit-program/master-of-executive-business-administration-non-thesis-english-2/
"Master of Electronics Engineering (Thesis) (English)",https://search.studyinturkiye.com/sit-program/master-of-electronics-engineering-thesis-english-2/
"Master of Electronics Engineering (Non-Thesis) (English)",https://search.studyinturkiye.com/sit-program/master-of-electronics-engineering-non-thesis-english/
"Master of Computer Engineering (Thesis) (English)",https://search.studyinturkiye.com/sit-program/master-of-computer-engineering-thesis-english-8/
"Master of Computer Engineering (Non-Thesis) (English)",https://search.studyinturkiye.com/sit-program/master-of-computer-engineering-non-thesis-english-4/
"Master of Civil Engineering (Thesis) (English)",https://search.studyinturkiye.com/sit-program/master-of-civil-engineering-thesis-english-6/
"Master of Civil Engineering (Non-Thesis) (English)",https://search.studyinturkiye.com/sit-program/master-of-civil-engineering-non-thesis-english-3/
"Master of Applied Economics (Thesis) (English)",https://search.studyinturkiye.com/sit-program/master-of-applied-economics-thesis-english/
"Master of Applied Economics (Non-Thesis) (English)",https://search.studyinturkiye.com/sit-program/master-of-applied-economics-non-thesis-english/
"Bachelor of Visual Communication Design (Turkish)",https://search.studyinturkiye.com/sit-program/bachelor-of-visual-communication-design-turkish-4/
"Bachelor of Visual Arts (Turkish)",https://search.studyinturkiye.com/sit-program/bachelor-of-visual-arts-turkish/
"Bachelor of Software Engineering (English)",https://search.studyinturkiye.com/sit-program/bachelor-of-software-engineering-english-9/
"Bachelor of Radio, Cinema and TV (Turkish)",https://search.studyinturkiye.com/sit-program/bachelor-of-radio-cinema-and-tv-turkish-3/
"Bachelor of Psychology (Turkish)",https://search.studyinturkiye.com/sit-program/bachelor-of-psychology-turkish-6/
"Bachelor of Psychology (English)",https://search.studyinturkiye.com/sit-program/bachelor-of-psychology-english-11/
"Bachelor of Political Science and Public Administration (English)",https://search.studyinturkiye.com/sit-program/bachelor-of-political-science-and-public-administration-english-4/
"Bachelor of Mechatronics Engineering (English)",https://search.studyinturkiye.com/sit-program/bachelor-of-mechatronics-engineering-english-6/
"Bachelor of Mechanical Engineering (Turkish)",https://search.studyinturkiye.com/sit-program/bachelor-of-mechanical-engineering-turkish-3/
"Bachelor of Mechanical Engineering (English)",https://search.studyinturkiye.com/sit-program/bachelor-of-mechanical-engineering-english-10/
"Bachelor of Management Information Systems (Turkish)",https://search.studyinturkiye.com/sit-program/bachelor-of-management-information-systems-turkish-7/
"Bachelor of Management Information Systems (English)",https://search.studyinturkiye.com/sit-program/bachelor-of-management-information-systems-english-5/
"Bachelor of Logistics Management (English)",https://search.studyinturkiye.com/sit-program/bachelor-of-logistics-management-english-2/
"Bachelor of International Trade and Finance (English)",https://search.studyinturkiye.com/sit-program/bachelor-of-international-trade-and-finance-english-4/
"Bachelor of International Relations (English)",https://search.studyinturkiye.com/sit-program/bachelor-of-international-relations-english-7/
"Bachelor of Interior Architecture and Environmental Design (Turkish)",https://search.studyinturkiye.com/sit-program/bachelor-of-interior-architecture-and-environmental-design-turkish-6/
"Bachelor of Interior Architecture and Environmental Design (English)",https://search.studyinturkiye.com/sit-program/bachelor-of-interior-architecture-and-environmental-design-english-4/
"Bachelor of Information Technology (English)",https://search.studyinturkiye.com/sit-program/bachelor-of-information-technology-english-3/
"Bachelor of Industrial Engineering (English)",https://search.studyinturkiye.com/sit-program/bachelor-of-industrial-engineering-english-10/
"Bachelor of Industrial Design (Turkish)",https://search.studyinturkiye.com/sit-program/bachelor-of-industrial-design-turkish-3/
"Bachelor of Humanities and Social Sciences (English)",https://search.studyinturkiye.com/sit-program/bachelor-of-humanities-and-social-sciences-english/
"Bachelor of Fashion and Textile Design (Turkish)",https://search.studyinturkiye.com/sit-program/bachelor-of-fashion-and-textile-design-turkish-2/
"Bachelor of Electrical and Electronics Engineering (English)",https://search.studyinturkiye.com/sit-program/bachelor-of-electrical-and-electronics-engineering-english-13/
"Bachelor of Economics (English)",https://search.studyinturkiye.com/sit-program/bachelor-of-economics-english-11/
"Bachelor of Computer Engineering (English)",https://search.studyinturkiye.com/sit-program/bachelor-of-computer-engineering-english-17/
"Bachelor of Civil Engineering (Turkish)",https://search.studyinturkiye.com/sit-program/bachelor-of-civil-engineering-turkish-3/
"Bachelor of Civil Engineering (English)",https://search.studyinturkiye.com/sit-program/bachelor-of-civil-engineering-english-9/
"Bachelor of Business Administration (Turkish)",https://search.studyinturkiye.com/sit-program/bachelor-of-business-administration-turkish-6/
"Bachelor of Business Administration (English)",https://search.studyinturkiye.com/sit-program/bachelor-of-business-administration-english-10/
"Bachelor of Biomedical Engineering (English)",https://search.studyinturkiye.com/sit-program/bachelor-of-biomedical-engineering-english-6/
"Bachelor of Automotive Engineering (English)",https://search.studyinturkiye.com/sit-program/bachelor-of-automotive-engineering-english-4/
"Bachelor of Architecture (English)",https://search.studyinturkiye.com/sit-program/bachelor-of-architecture-english-9/
"Bachelor of Architecture (Turkish)",https://search.studyinturkiye.com/sit-program/bachelor-of-architecture-turkish-5/
"Associate of Construction Technology (HaliC campus) (Turkish)",https://search.studyinturkiye.com/sit-program/associate-of-construction-technology-halic-campus-turkish/
"Associate of Biomedical Device Technology (HaliC campus) (Turkish)",https://search.studyinturkiye.com/sit-program/associate-of-biomedical-device-technology-halic-campus-turkish/
"Associate of Civil Aviation Transportation Management (HALIC CAMPUS)(Turkish)",https://search.studyinturkiye.com/sit-program/associate-of-civil-aviation-transportation-management-halic-campusturkish/
"Associate of Medical Imaging Techniques (HALIC CAMPUS) (Turkish)",https://search.studyinturkiye.com/sit-program/associate-of-medical-imaging-techniques-halic-campus-turkish/
"Associate of Medical Laboratory Techniques (HALIC CAMPUS) (Turkish)",https://search.studyinturkiye.com/sit-program/associate-of-medical-laboratory-techniques-halic-campus-turkish/
"Associate of Management of Health Institutions (HALIC CAMPUS) (Turkish)",https://search.studyinturkiye.com/sit-program/associate-of-management-of-health-institutions-halic-campus-turkish/
"Associate of Radiotherapy (HALIC CAMPUS) (Turkish)",https://search.studyinturkiye.com/sit-program/associate-of-radiotherapy-halic-campus-turkish/
"Associate of Opticianry (HALIC Campus) (Turkish)",https://search.studyinturkiye.com/sit-program/associate-of-opticianry-halic-campus-turkish/
"Associate of Audiometry (HALIC Campus) (Turkish)",https://search.studyinturkiye.com/sit-program/associate-of-audiometry-halic-campus-turkish/
"Associate of Architectural Restoration (HALIC CAMPUS) (Turkish)",https://search.studyinturkiye.com/sit-program/associate-of-architectural-restoration-halic-campus-turkish/
"Associate of Occupational Health and Safety (HALIC Campus) (Turkish)",https://search.studyinturkiye.com/sit-program/associate-of-occupational-health-and-safety-halic-campus-turkish/
"Associate of First Aid and Emergency (HALIC Campus) (Turkish)",https://search.studyinturkiye.com/sit-program/associate-of-first-aid-and-emergency-halic-campus-turkish/
"Associate of Interior Design (HALIC Campus) (Turkish)",https://search.studyinturkiye.com/sit-program/associate-of-interior-design-halic-campus-turkish/
"Associate of Physiotherapy (HALIC Campus) (Turkish)",https://search.studyinturkiye.com/sit-program/associate-of-physiotherapy-halic-campus-turkish/
"Associate of Electroneurophysiology (HALIC Campus) (Turkish)",https://search.studyinturkiye.com/sit-program/associate-of-electroneurophysiology-halic-campus-turkish/
"Associate of Dialysis (HALIC Campus) (Turkish)",https://search.studyinturkiye.com/sit-program/associate-of-dialysis-halic-campus-turkish/
"Associate of Dental Pros Technology (HALIC Campus) (Turkish)",https://search.studyinturkiye.com/sit-program/associate-of-dental-pros-technology-halic-campus-turkish/
"Associate of Child Development (HALIC Campus) (Turkish)",https://search.studyinturkiye.com/sit-program/associate-of-child-development-halic-campus-turkish/
"Associate of Anesthesia (HALIC Campus) (Turkish)",https://search.studyinturkiye.com/sit-program/associate-of-anesthesia-halic-campus-turkish/
"Associate of Operating Room Services (HALIC Campus) (Turkish)",https://search.studyinturkiye.com/sit-program/associate-of-operating-room-services-halic-campus-turkish/
"Associate of Oral and Dental Health (HALIC CAMPUS) (Turkish)",https://search.studyinturkiye.com/sit-program/associate-of-oral-and-dental-health-halic-campus-turkish/
"Associate of Computer-Aided Design and Animation (Turkish)",https://search.studyinturkiye.com/sit-program/associate-of-computer-aided-design-and-animation-turkish-2/
"Associate of Opticianry (Turkish)",https://search.studyinturkiye.com/sit-program/associate-of-opticianry-turkish-8/
"Associate of Medical Laboratory Techniques (Turkish)",https://search.studyinturkiye.com/sit-program/associate-of-medical-laboratory-techniques-turkish-5/
"Associate of Sports Management (Turkish)",https://search.studyinturkiye.com/sit-program/associate-of-sports-management-turkish-2/
"Associate of Social Services (Turkish)",https://search.studyinturkiye.com/sit-program/associate-of-social-services-turkish/
"Associate of Social Security (Turkish)",https://search.studyinturkiye.com/sit-program/associate-of-social-security-turkish/
"Associate of Radiotherapy (Turkish)",https://search.studyinturkiye.com/sit-program/associate-of-radiotherapy-turkish-4/
"Associate of Radio and TV Programming (Turkish)",https://search.studyinturkiye.com/sit-program/associate-of-radio-and-tv-programming-turkish-2/
"Associate of Public Relations and Publicity (Turkish)",https://search.studyinturkiye.com/sit-program/associate-of-public-relations-and-publicity-turkish-2/
"Associate of Physiotherapy (Turkish)",https://search.studyinturkiye.com/sit-program/associate-of-physiotherapy-turkish-9/
"Associate of Physiotherapy (English)",https://search.studyinturkiye.com/sit-program/associate-of-physiotherapy-english-2/
"Associate of Pharmacy Services (Turkish)",https://search.studyinturkiye.com/sit-program/associate-of-pharmacy-services-turkish-4/
"Associate of Pharmacy Services (English)",https://search.studyinturkiye.com/sit-program/associate-of-pharmacy-services-english/
"Associate of Pathology Laboratory Techniques (Turkish)",https://search.studyinturkiye.com/sit-program/associate-of-pathology-laboratory-techniques-turkish-3/
"Associate of Pathology Laboratory Techniques (English)",https://search.studyinturkiye.com/sit-program/associate-of-pathology-laboratory-techniques-english/
"Associate of Oral and Dental Health (Turkish)",https://search.studyinturkiye.com/sit-program/associate-of-oral-and-dental-health-turkish-8/
"Associate of Operating Room Services (Turkish)",https://search.studyinturkiye.com/sit-program/associate-of-operating-room-services-turkish-5/
"Associate of Occupational Health and Safety (Turkish)",https://search.studyinturkiye.com/sit-program/associate-of-occupational-health-and-safety-turkish-5/
"Associate of Medical Promotion and Marketing (Turkish)",https://search.studyinturkiye.com/sit-program/associate-of-medical-promotion-and-marketing-turkish-2/
"Associate of Medical Imaging Techniques (Turkish)",https://search.studyinturkiye.com/sit-program/associate-of-medical-imaging-techniques-turkish-11/
"Associate of Medical Documentation and Secretary (Turkish)",https://search.studyinturkiye.com/sit-program/associate-of-medical-documentation-and-secretary-turkish/
"Associate of Logistics (Turkish)",https://search.studyinturkiye.com/sit-program/associate-of-logistics-turkish-4/
"Associate of Local Administrations (Turkish)",https://search.studyinturkiye.com/sit-program/associate-of-local-administrations-turkish/
"Associate of Justice (Turkish)",https://search.studyinturkiye.com/sit-program/associate-of-justice-turkish-3/
"Associate of Justice (70%TR-30%EN)",https://search.studyinturkiye.com/sit-program/associate-of-justice-70tr-30en/
"Associate of Interior Design (Turkish)",https://search.studyinturkiye.com/sit-program/associate-of-interior-design-turkish-6/
"Associate of Human Resources Management (Turkish)",https://search.studyinturkiye.com/sit-program/associate-of-human-resources-management-turkish-3/
"Associate of Management of Health institutions (Turkish)",https://search.studyinturkiye.com/sit-program/associate-of-management-of-health-institutions-turkish-3/
"Associate of Foreign Trade (Turkish)",https://search.studyinturkiye.com/sit-program/associate-of-foreign-trade-turkish-3/
"Associate of First and Emergency Aid (English)",https://search.studyinturkiye.com/sit-program/associate-of-first-and-emergency-aid-english/
"Associate of First and Emergency Aid (Turkish)",https://search.studyinturkiye.com/sit-program/associate-of-first-and-emergency-aid-turkish-2/
"Associate of Finance (Turkish)",https://search.studyinturkiye.com/sit-program/associate-of-finance-turkish/
"Associate of Electroneurophysiology (Turkish)",https://search.studyinturkiye.com/sit-program/associate-of-electroneurophysiology-turkish-4/
"Associate of Elderly Care (Turkish)",https://search.studyinturkiye.com/sit-program/associate-of-elderly-care-turkish-2/
"Associate of Dialysis (Turkish)",https://search.studyinturkiye.com/sit-program/associate-of-dialysis-turkish-7/
"Associate of Dental Prosthesis Technology (Turkish)",https://search.studyinturkiye.com/sit-program/associate-of-dental-prosthesis-technology-turkish-4/
"Associate of Dental Assisting (Turkish)",https://search.studyinturkiye.com/sit-program/associate-of-dental-assisting-turkish/
"Associate of Computer Programming (HALIC CAMPUS) (Turkish)",https://search.studyinturkiye.com/sit-program/associate-of-computer-programming-halic-campus-turkish/
"Associate of Civil Aviation Cabin Services (Turkish)",https://search.studyinturkiye.com/sit-program/associate-of-civil-aviation-cabin-services-turkish-4/
"Associate of Civil Air Transportation Management (Turkish)",https://search.studyinturkiye.com/sit-program/associate-of-civil-air-transportation-management-turkish/
"Associate of Child Development (Turkish)",https://search.studyinturkiye.com/sit-program/associate-of-child-development-turkish-5/
"Associate of Business Administration (Turkish)",https://search.studyinturkiye.com/sit-program/associate-of-business-administration-turkish/
"Associate of Biomedical Device Technology (Turkish)",https://search.studyinturkiye.com/sit-program/associate-of-biomedical-device-technology-turkish-5/
"Associate of Banking and lnsurance (Turkish)",https://search.studyinturkiye.com/sit-program/associate-of-banking-and-lnsurance-turkish/
"Associate of Audiometry (Turkish)",https://search.studyinturkiye.com/sit-program/associate-of-audiometry-turkish-6/
"Associate of Architectural Restoration (Turkish)",https://search.studyinturkiye.com/sit-program/associate-of-architectural-restoration-turkish-2/
"Associate of Applied English and Translation (50% En- 50% Tr )",https://search.studyinturkiye.com/sit-program/associate-of-applied-english-and-translation-50-en-50-tr/
"Associate of Anesthesia (English)",https://search.studyinturkiye.com/sit-program/associate-of-anesthesia-english/
"Associate of Anesthesia (Turkish)",https://search.studyinturkiye.com/sit-program/associate-of-anesthesia-turkish-12/
"Associate of Accounting and Taxation (Turkish)",https://search.studyinturkiye.com/sit-program/associate-of-accounting-and-taxation-turkish/
"Associate of Accounting and Taxation (English)",https://search.studyinturkiye.com/sit-program/associate-of-accounting-and-taxation-english/
"PhD in Business Administration (English)",https://search.studyinturkiye.com/sit-program/phd-in-business-administration-english-7/
"Master of Business Administration (Thesis) (English)",https://search.studyinturkiye.com/sit-program/master-of-business-administration-thesis-english-10/
"Master of Business Administration (Non-Thesis) (English)",https://search.studyinturkiye.com/sit-program/master-of-business-administration-non-thesis-english-11/
"Bachelor of Social Services (Halic Campus) (Turkish)",https://search.studyinturkiye.com/sit-program/bachelor-of-social-services-halic-campus-turkish/
"Bachelor of Healthcare Management (Halic Campus) (Turkish)",https://search.studyinturkiye.com/sit-program/bachelor-of-healthcare-management-halic-campus-turkish/
"Bachelor of Audiology (Halic Campus) (Turkish)",https://search.studyinturkiye.com/sit-program/bachelor-of-audiology-halic-campus-turkish/
"Bachelor of Physiotherapy And Rehabilitation (Halic Campus) (Turkish)",https://search.studyinturkiye.com/sit-program/bachelor-of-physiotherapy-and-rehabilitation-halic-campus-turkish/
"Bachelor of Midwifery (Halic Campus) (Turkish)",https://search.studyinturkiye.com/sit-program/bachelor-of-midwifery-halic-campus-turkish/
"Bachelor of Child Development (Halic Campus) (Turkish)",https://search.studyinturkiye.com/sit-program/bachelor-of-child-development-halic-campus-turkish/
"Bachelor of Nutrition and Dietetics (Halic Campus) (Turkish)",https://search.studyinturkiye.com/sit-program/bachelor-of-nutrition-and-dietetics-halic-campus-turkish/
"Bachelor of Health Management (Turkish)",https://search.studyinturkiye.com/sit-program/bachelor-of-health-management-turkish-2/
"Bachelor of Health Management (English)",https://search.studyinturkiye.com/sit-program/bachelor-of-health-management-english/
"Bachelor of Ergotherapy (Turkish)",https://search.studyinturkiye.com/sit-program/bachelor-of-ergotherapy-turkish-6/
"Bachelor of Visual Communication Design (Turkish)",https://search.studyinturkiye.com/sit-program/bachelor-of-visual-communication-design-turkish-5/
"Bachelor of Urban Design and Landscape Architecture (Turkish)",https://search.studyinturkiye.com/sit-program/bachelor-of-urban-design-and-landscape-architecture-turkish/
"Bachelor of Turkish Music Art (Turkish)",https://search.studyinturkiye.com/sit-program/bachelor-of-turkish-music-art-turkish/
"Bachelor of Speech and Language Therapy (English)",https://search.studyinturkiye.com/sit-program/bachelor-of-speech-and-language-therapy-english-3/
"Bachelor of Speech and Language Therapy (Turkish)",https://search.studyinturkiye.com/sit-program/bachelor-of-speech-and-language-therapy-turkish-4/
"Bachelor of Special Education Teaching (Turkish)",https://search.studyinturkiye.com/sit-program/bachelor-of-special-education-teaching-turkish-2/
"Bachelor of Social Services (Turkish)",https://search.studyinturkiye.com/sit-program/bachelor-of-social-services-turkish/
"Bachelor of Radio, Cinema and TV (Turkish)",https://search.studyinturkiye.com/sit-program/bachelor-of-radio-cinema-and-tv-turkish-4/
"Bachelor of Public Relations and Advertising (English)",https://search.studyinturkiye.com/sit-program/bachelor-of-public-relations-and-advertising-english-2/
"Bachelor of Public Relations and Advertising (Turkish)",https://search.studyinturkiye.com/sit-program/bachelor-of-public-relations-and-advertising-turkish-3/
"Bachelor of Psychology (Turkish)",https://search.studyinturkiye.com/sit-program/bachelor-of-psychology-turkish-7/
"Bachelor of Psychology (English)",https://search.studyinturkiye.com/sit-program/bachelor-of-psychology-english-12/
"Bachelor of Psychological Counseling and Guidance (Turkish)",https://search.studyinturkiye.com/sit-program/bachelor-of-psychological-counseling-and-guidance-turkish/
"Bachelor of Psychological Counseling and Guidance (English)",https://search.studyinturkiye.com/sit-program/bachelor-of-psychological-counseling-and-guidance-english/
"Bachelor of Orthotics and Prosthetics (Turkish)",https://search.studyinturkiye.com/sit-program/bachelor-of-orthotics-and-prosthetics-turkish/
"Bachelor of Pre-School Teaching (Turkish)",https://search.studyinturkiye.com/sit-program/bachelor-of-pre-school-teaching-turkish-2/
"Bachelor of Pre-School Education (Turkish)",https://search.studyinturkiye.com/sit-program/bachelor-of-pre-school-education-turkish/
"Bachelor of Political Science and Public Administration (English)",https://search.studyinturkiye.com/sit-program/bachelor-of-political-science-and-public-administration-english-5/
"Bachelor of Political Science and Public Administration (Turkish)",https://search.studyinturkiye.com/sit-program/bachelor-of-political-science-and-public-administration-turkish-3/
"Bachelor of Political Science and International Relations (English)",https://search.studyinturkiye.com/sit-program/bachelor-of-political-science-and-international-relations-english-6/
"Bachelor of Physiotherapy and Rehabilitation (English)",https://search.studyinturkiye.com/sit-program/bachelor-of-physiotherapy-and-rehabilitation-english-7/
"Bachelor of Physiotherapy and Rehabilitation (Turkish)",https://search.studyinturkiye.com/sit-program/bachelor-of-physiotherapy-and-rehabilitation-turkish-6/
"Bachelor of Pharmacy (English)",https://search.studyinturkiye.com/sit-program/bachelor-of-pharmacy-english-5/
"Bachelor of Pharmacy (Turkish)",https://search.studyinturkiye.com/sit-program/bachelor-of-pharmacy-turkish-4/
"Bachelor of Nutrition and Dietetics (Turkish)",https://search.studyinturkiye.com/sit-program/bachelor-of-nutrition-and-dietetics-turkish-6/
"Bachelor of Nursing (English)",https://search.studyinturkiye.com/sit-program/bachelor-of-nursing-english-9/
"Bachelor of Nursing (Turkish)",https://search.studyinturkiye.com/sit-program/bachelor-of-nursing-turkish-10/
"Bachelor of New Media and Communication Systems (Turkish)",https://search.studyinturkiye.com/sit-program/bachelor-of-new-media-and-communication-systems-turkish/
"Bachelor of Midwifery (Turkish)",https://search.studyinturkiye.com/sit-program/bachelor-of-midwifery-turkish-9/
"Bachelor of Medicine (70%TR-30%EN)",https://search.studyinturkiye.com/sit-program/bachelor-of-medicine-70tr-30en/
"Bachelor of Medicine (English)",https://search.studyinturkiye.com/sit-program/bachelor-of-medicine-english-10/
"Bachelor of Media and Visual Arts (Turkish)",https://search.studyinturkiye.com/sit-program/bachelor-of-media-and-visual-arts-turkish/
"Bachelor of Primary Mathematics Teaching (Turkish)",https://search.studyinturkiye.com/sit-program/bachelor-of-primary-mathematics-teaching-turkish-2/
"Bachelor of Management Information Systems (Turkish)",https://search.studyinturkiye.com/sit-program/bachelor-of-management-information-systems-turkish-8/
"Bachelor of Management Information Systems (English)",https://search.studyinturkiye.com/sit-program/bachelor-of-management-information-systems-english-6/
"Bachelor of Logistic Management (English)",https://search.studyinturkiye.com/sit-program/bachelor-of-logistic-management-english/
"Bachelor of Logistic Management (Turkish)",https://search.studyinturkiye.com/sit-program/bachelor-of-logistic-management-turkish/
"Bachelor of Law (70%TR-30%EN)",https://search.studyinturkiye.com/sit-program/bachelor-of-law-70tr-30en/
"Bachelor of Journalism (Turkish)",https://search.studyinturkiye.com/sit-program/bachelor-of-journalism-turkish-3/
"Bachelor of International Trade and Finance (Turkish)",https://search.studyinturkiye.com/sit-program/bachelor-of-international-trade-and-finance-turkish-2/
"Bachelor of International Trade and Finance (English)",https://search.studyinturkiye.com/sit-program/bachelor-of-international-trade-and-finance-english-5/
"Bachelor of Interior Architecture and Environmental Design (Turkish)",https://search.studyinturkiye.com/sit-program/bachelor-of-interior-architecture-and-environmental-design-turkish-7/
"Bachelor of Interior Architecture and Environmental Design (English)",https://search.studyinturkiye.com/sit-program/bachelor-of-interior-architecture-and-environmental-design-english-5/
"Bachelor of Industrial Design (Turkish)",https://search.studyinturkiye.com/sit-program/bachelor-of-industrial-design-turkish-4/
"Bachelor of Industrial Engineering (English)",https://search.studyinturkiye.com/sit-program/bachelor-of-industrial-engineering-english-11/
"Bachelor of Human Resources Management (Turkish)",https://search.studyinturkiye.com/sit-program/bachelor-of-human-resources-management-turkish-2/
"Bachelor of Healthcare Management (English)",https://search.studyinturkiye.com/sit-program/bachelor-of-healthcare-management-english/
"Bachelor of Healthcare Management (Turkish)",https://search.studyinturkiye.com/sit-program/bachelor-of-healthcare-management-turkish-2/
"Bachelor of Gastronomy and Culinary Arts (Turkish)",https://search.studyinturkiye.com/sit-program/bachelor-of-gastronomy-and-culinary-arts-turkish-5/
"Bachelor of English Teaching (English)",https://search.studyinturkiye.com/sit-program/bachelor-of-english-teaching-english/
"Bachelor of Electrical and Electronics Engineering (English)",https://search.studyinturkiye.com/sit-program/bachelor-of-electrical-and-electronics-engineering-english-14/
"Bachelor of Economics and Finance (English)",https://search.studyinturkiye.com/sit-program/bachelor-of-economics-and-finance-english/
"Bachelor of Dentistry (70%TR-30%EN)",https://search.studyinturkiye.com/sit-program/bachelor-of-dentistry-70tr-30en/
"Bachelor of Dentistry (English)",https://search.studyinturkiye.com/sit-program/bachelor-of-dentistry-english-11/
"Bachelor of Computer Engineering (English)",https://search.studyinturkiye.com/sit-program/bachelor-of-computer-engineering-english-18/
"Bachelor of Civil Engineering (Turkish)",https://search.studyinturkiye.com/sit-program/bachelor-of-civil-engineering-turkish-4/
"Bachelor of Civil Engineering (English)",https://search.studyinturkiye.com/sit-program/bachelor-of-civil-engineering-english-10/
"Bachelor of Child Development (Turkish)",https://search.studyinturkiye.com/sit-program/bachelor-of-child-development-turkish-4/
"Bachelor of Business Administration (English)",https://search.studyinturkiye.com/sit-program/bachelor-of-business-administration-english-11/
"Bachelor of Biomedical Engineering (English)",https://search.studyinturkiye.com/sit-program/bachelor-of-biomedical-engineering-english-7/
"Bachelor of Banking and Insurance (Turkish)",https://search.studyinturkiye.com/sit-program/bachelor-of-banking-and-insurance-turkish/
"Bachelor of Aviation Management (Turkish)",https://search.studyinturkiye.com/sit-program/bachelor-of-aviation-management-turkish/
"Bachelor of Audiology (Turkish)",https://search.studyinturkiye.com/sit-program/bachelor-of-audiology-turkish-6/
"Bachelor of Architecture (Turkish)",https://search.studyinturkiye.com/sit-program/bachelor-of-architecture-turkish-6/
"Bachelor of Architecture (English)",https://search.studyinturkiye.com/sit-program/bachelor-of-architecture-english-10/
"Associate of Medical Laboratory Techniques (Turkish)",https://search.studyinturkiye.com/sit-program/associate-of-medical-laboratory-techniques-turkish-6/
"Associate of Physiotherapy (Turkish)",https://search.studyinturkiye.com/sit-program/associate-of-physiotherapy-turkish-10/
"Associate of Oral and Dental Health (Turkish)",https://search.studyinturkiye.com/sit-program/associate-of-oral-and-dental-health-turkish-9/
"Associate of Optometry (Turkish)",https://search.studyinturkiye.com/sit-program/associate-of-optometry-turkish-2/
"Associate of First Aid and Emergency (Turkish)",https://search.studyinturkiye.com/sit-program/associate-of-first-aid-and-emergency-turkish-9/
"Associate of Dental Pros Technology (Turkish)",https://search.studyinturkiye.com/sit-program/associate-of-dental-pros-technology-turkish/
"Associate of Child Development (Turkish)",https://search.studyinturkiye.com/sit-program/associate-of-child-development-turkish-6/
"Associate of Anesthesia (Turkish)",https://search.studyinturkiye.com/sit-program/associate-of-anesthesia-turkish-13/
"PhD in Education Programs And Training (English)",https://search.studyinturkiye.com/sit-program/phd-in-education-programs-and-training-english/
"Phd In Bioengineering (English)",https://search.studyinturkiye.com/sit-program/phd-in-bioengineering-english/
"Phd In Bioengineering (Turkish)",https://search.studyinturkiye.com/sit-program/phd-in-bioengineering-turkish/
"PhD in Sociology (English)",https://search.studyinturkiye.com/sit-program/phd-in-sociology-english/
"PhD in Sociology (Turkish)",https://search.studyinturkiye.com/sit-program/phd-in-sociology-turkish/
"PhD in Public Law (Turkish)",https://search.studyinturkiye.com/sit-program/phd-in-public-law-turkish/
"PhD in Private Law (Turkish)",https://search.studyinturkiye.com/sit-program/phd-in-private-law-turkish-4/
"PhD in Political Science and International Relations (English)",https://search.studyinturkiye.com/sit-program/phd-in-political-science-and-international-relations-english-2/
"PhD in Physiotherapy and Rehabilitation (Turkish)",https://search.studyinturkiye.com/sit-program/phd-in-physiotherapy-and-rehabilitation-turkish-2/
"PhD in Nursing (English)",https://search.studyinturkiye.com/sit-program/phd-in-nursing-english/
"PhD in Nursing (Turkish)",https://search.studyinturkiye.com/sit-program/phd-in-nursing-turkish-2/
"PhD in Neuroscience (Turkish)",https://search.studyinturkiye.com/sit-program/phd-in-neuroscience-turkish-3/
"PhD in Neuroscience (English)",https://search.studyinturkiye.com/sit-program/phd-in-neuroscience-english-3/
"PhD in Music (Turkish)",https://search.studyinturkiye.com/sit-program/phd-in-music-turkish/
"PhD in Mathematics (Turkish)",https://search.studyinturkiye.com/sit-program/phd-in-mathematics-turkish/
"PhD in Management Engineering (Turkish)",https://search.studyinturkiye.com/sit-program/phd-in-management-engineering-turkish/
"PhD in Industrial Engineering (English)",https://search.studyinturkiye.com/sit-program/phd-in-industrial-engineering-english-3/
"PhD in History, Theory, and Criticism in Design (English)",https://search.studyinturkiye.com/sit-program/phd-in-history-theory-and-criticism-in-design-english/
"PhD in Guidance and Psychological Counseling (Turkish)",https://search.studyinturkiye.com/sit-program/phd-in-guidance-and-psychological-counseling-turkish-2/
"PhD in English Language Education (English)",https://search.studyinturkiye.com/sit-program/phd-in-english-language-education-english-2/
"PhD in Electrical and Electronics Engineering (English)",https://search.studyinturkiye.com/sit-program/phd-in-electrical-and-electronics-engineering-english-4/
"PhD in Educational Technology (Turkish)",https://search.studyinturkiye.com/sit-program/phd-in-educational-technology-turkish/
"PhD in Educational Technology (English)",https://search.studyinturkiye.com/sit-program/phd-in-educational-technology-english/
"PhD in Economics and Finance (English)",https://search.studyinturkiye.com/sit-program/phd-in-economics-and-finance-english-2/
"PhD in Computer Engineering (English)",https://search.studyinturkiye.com/sit-program/phd-in-computer-engineering-english-6/
"PhD in Cinema and Media Research (Turkish)",https://search.studyinturkiye.com/sit-program/phd-in-cinema-and-media-research-turkish/
"PhD in Cinema and Media Research (English)",https://search.studyinturkiye.com/sit-program/phd-in-cinema-and-media-research-english/
"PhD in Business Engineering (Turkish)",https://search.studyinturkiye.com/sit-program/phd-in-business-engineering-turkish/
"PhD in Business Administration (English)",https://search.studyinturkiye.com/sit-program/phd-in-business-administration-english-8/
"PhD in Architecture and Design (English)",https://search.studyinturkiye.com/sit-program/phd-in-architecture-and-design-english/
"PhD in Advertising and Public Relations (Turkish)",https://search.studyinturkiye.com/sit-program/phd-in-advertising-and-public-relations-turkish/
"MASTER OF MECHATRONICCS ENGINEERING (AKINROBOTICS AI & ROBOTIC TECHNOLOGIES) (THESIS) (English)",https://search.studyinturkiye.com/sit-program/master-of-mechatroniccs-engineering-akinrobotics-ai-robotic-technologies-thesis-english/
"Master of music (Thesis) (Turkish)",https://search.studyinturkiye.com/sit-program/master-of-music-thesis-turkish/
"Master Of Capital Markets and Commercial Law (Non thesis) (Turkish)",https://search.studyinturkiye.com/sit-program/master-of-capital-markets-and-commercial-law-non-thesis-turkish/
"Master Of Music (Non -thesis) (Turkish)",https://search.studyinturkiye.com/sit-program/master-of-music-non-thesis-turkish/
"Master of healthy life consultancy ( thesis) (Turkish)",https://search.studyinturkiye.com/sit-program/master-of-healthy-life-consultancy-thesis-turkish/
"Master of healthy life consultancy (non thesis) (Turkish)",https://search.studyinturkiye.com/sit-program/master-of-healthy-life-consultancy-non-thesis-turkish/
"Master of cultural policy and art management (thesis ) (Turkish)",https://search.studyinturkiye.com/sit-program/master-of-cultural-policy-and-art-management-thesis-turkish/
"Master of cultural policy and art management (non thesis ) (Turkish)",https://search.studyinturkiye.com/sit-program/master-of-cultural-policy-and-art-management-non-thesis-turkish/
"Master Of Sports Nutrition (Non-thesis) (Turkish)",https://search.studyinturkiye.com/sit-program/master-of-sports-nutrition-non-thesis-turkish/
"Master of sports physiotherapy ( thesis) (Turkish)",https://search.studyinturkiye.com/sit-program/master-of-sports-physiotherapy-thesis-turkish-2/
"Master Of English Language Education ( Thesis ) (English)",https://search.studyinturkiye.com/sit-program/master-of-english-language-education-thesis-english/
"Master Of Electric-Electronic Engineering( Digital Microchip Design and Verification) (non thesis) (English)",https://search.studyinturkiye.com/sit-program/master-of-electric-electronic-engineering-digital-microchip-design-and-verification-non-thesis-english/
"Master Of Sustainable Food Systems (Non-Thesis) (Turkish)",https://search.studyinturkiye.com/sit-program/master-of-sustainable-food-systems-non-thesis-turkish/
"Master Of Sustainable Food Systems (Thesis) (Turkish)",https://search.studyinturkiye.com/sit-program/master-of-sustainable-food-systems-thesis-turkish/
"Master Of Marketing (Non-Thesis) (Distance Learning) (Turkish)",https://search.studyinturkiye.com/sit-program/master-of-marketing-non-thesis-distance-learning-turkish/
"Master Of Digital Media Management (Thesis) (Turkish)",https://search.studyinturkiye.com/sit-program/master-of-digital-media-management-thesis-turkish/
"Master Of Digital Media Management (Non-Thesis) (Turkish)",https://search.studyinturkiye.com/sit-program/master-of-digital-media-management-non-thesis-turkish/
"Master Of Game Development Technologies (Non-Thesis) (Turkish)",https://search.studyinturkiye.com/sit-program/master-of-game-development-technologies-non-thesis-turkish/
"MASTER OF PUBLIC ADMINISTRATION (Thesis) (Turkish)",https://search.studyinturkiye.com/sit-program/master-of-public-administration-thesis-turkish/
"Master Of Digital Microchip Design & Verification (Non-Thesis) (English)",https://search.studyinturkiye.com/sit-program/master-of-digital-microchip-design-verification-non-thesis-english/
"Master of Games Development (Turkish)",https://search.studyinturkiye.com/sit-program/master-of-games-development-turkish/
"Master of International Commercial Law ( Thesis ) (Turkish)",https://search.studyinturkiye.com/sit-program/master-of-international-commercial-law-thesis-turkish/
"Master of Artificial Intelligence (Thesis) (English)",https://search.studyinturkiye.com/sit-program/master-of-artificial-intelligence-thesis-english/
"Master of Artificial Intelligence (Non-Thesis) (English)",https://search.studyinturkiye.com/sit-program/master-of-artificial-intelligence-non-thesis-english/
"Master of Speech and Language Therapy (Non-Thesis) (Turkish)",https://search.studyinturkiye.com/sit-program/master-of-speech-and-language-therapy-non-thesis-turkish/
"Master of Speech and Language Therapy (Thesis) (Turkish)",https://search.studyinturkiye.com/sit-program/master-of-speech-and-language-therapy-thesis-turkish-3/
"Master of Media Management (Thesis) (Turkish)",https://search.studyinturkiye.com/sit-program/master-of-media-management-thesis-turkish/
"Master of Marketing and Brand Management (Non-Thesis) (Distance Learning) (Turkish)",https://search.studyinturkiye.com/sit-program/master-of-marketing-and-brand-management-non-thesis-distance-learning-turkish/
"Master of Executive Business Administration (Non-Thesis) (Distance Education) (English)",https://search.studyinturkiye.com/sit-program/master-of-executive-business-administration-non-thesis-distance-education-english/
"Master of Human Resources Management (Non-Thesis) (Distance Learning) (Turkish)",https://search.studyinturkiye.com/sit-program/master-of-human-resources-management-non-thesis-distance-learning-turkish/
"Master of Urban Systems and Transportation Management (Thesis) (Turkish)",https://search.studyinturkiye.com/sit-program/master-of-urban-systems-and-transportation-management-thesis-turkish/
"Master of Urban Systems and Transportation Management (Non-Thesis) (Turkish)",https://search.studyinturkiye.com/sit-program/master-of-urban-systems-and-transportation-management-non-thesis-turkish/
"Master of Tourism and Hospitality Management (Thesis) (Turkish)",https://search.studyinturkiye.com/sit-program/master-of-tourism-and-hospitality-management-thesis-turkish/
"Master of Tissue Engineering and Regenerative (Thesis) (Turkish)",https://search.studyinturkiye.com/sit-program/master-of-tissue-engineering-and-regenerative-thesis-turkish/
"Master of Technical Textile (Non-Thesis) (English)",https://search.studyinturkiye.com/sit-program/master-of-technical-textile-non-thesis-english/
"Master Of Surgical Diseases Nursing (Thesis) (Turkish)",https://search.studyinturkiye.com/sit-program/master-of-surgical-diseases-nursing-thesis-turkish-2/
"Master of Supply Chain and Logistic Management (Thesis) (Turkish)",https://search.studyinturkiye.com/sit-program/master-of-supply-chain-and-logistic-management-thesis-turkish/
"Master of Supply Chain and Logistic Management (Non-Thesis) (Turkish)",https://search.studyinturkiye.com/sit-program/master-of-supply-chain-and-logistic-management-non-thesis-turkish/
"Master of Strategic Marketing and Brand Management (Thesis) (Turkish)",https://search.studyinturkiye.com/sit-program/master-of-strategic-marketing-and-brand-management-thesis-turkish/
"Master of Strategic Marketing and Brand Management (Non-Thesis) (Turkish)",https://search.studyinturkiye.com/sit-program/master-of-strategic-marketing-and-brand-management-non-thesis-turkish/
"Master of Strategic Design and Management (Non-Thesis) (English)",https://search.studyinturkiye.com/sit-program/master-of-strategic-design-and-management-non-thesis-english/
"Master of Sports Management (Thesis) (Turkish)",https://search.studyinturkiye.com/sit-program/master-of-sports-management-thesis-turkish-2/
"Master of Sports Management (Non-Thesis) (Turkish)",https://search.studyinturkiye.com/sit-program/master-of-sports-management-non-thesis-turkish-2/
"Master of Sound Technologies (Thesis) (Turkish)",https://search.studyinturkiye.com/sit-program/master-of-sound-technologies-thesis-turkish/
"Master of Sound Technologies (Non-Thesis) (Turkish)",https://search.studyinturkiye.com/sit-program/master-of-sound-technologies-non-thesis-turkish/
"Master of Social Work (Non-Thesis) (Turkish)",https://search.studyinturkiye.com/sit-program/master-of-social-work-non-thesis-turkish-2/
"Master of Risk Engineering and Management (Non-Thesis) (English)",https://search.studyinturkiye.com/sit-program/master-of-risk-engineering-and-management-non-thesis-english/
"Master of Public Law (Thesis) (Turkish)",https://search.studyinturkiye.com/sit-program/master-of-public-law-thesis-turkish-6/
"Master of Private Law (Thesis) (Turkish)",https://search.studyinturkiye.com/sit-program/master-of-private-law-thesis-turkish-5/
"Master of Pre-School Education (Thesis) (Turkish)",https://search.studyinturkiye.com/sit-program/master-of-pre-school-education-thesis-turkish-3/
"Master of Pre-School Education (Non-Thesis) (Turkish)",https://search.studyinturkiye.com/sit-program/master-of-pre-school-education-non-thesis-turkish-2/
"Master of Physiotherapy and Rehabilitation (Thesis) (English)",https://search.studyinturkiye.com/sit-program/master-of-physiotherapy-and-rehabilitation-thesis-english-3/
"Master of Physiotherapy and Rehabilitation (Thesis) (Turkish)",https://search.studyinturkiye.com/sit-program/master-of-physiotherapy-and-rehabilitation-thesis-turkish-6/
"Master of Philosophy (Thesis) (Turkish)",https://search.studyinturkiye.com/sit-program/master-of-philosophy-thesis-turkish-2/
"Master of Pharmaceutical Medicine (Thesis) (Turkish)",https://search.studyinturkiye.com/sit-program/master-of-pharmaceutical-medicine-thesis-turkish/
"Master of Nutrition and Dietetics (Thesis) (Turkish)",https://search.studyinturkiye.com/sit-program/master-of-nutrition-and-dietetics-thesis-turkish-5/
"Master of Nutrition and Dietetics (Non-Thesis) (Turkish)",https://search.studyinturkiye.com/sit-program/master-of-nutrition-and-dietetics-non-thesis-turkish-5/
"Master of Nursing (Thesis) (Turkish)",https://search.studyinturkiye.com/sit-program/master-of-nursing-thesis-turkish-3/
"Master of NeuroScience (Thesis) (English)",https://search.studyinturkiye.com/sit-program/master-of-neuroscience-thesis-english-2/
"Master of NeuroScience (Thesis) (Turkish)",https://search.studyinturkiye.com/sit-program/master-of-neuroscience-thesis-turkish-3/
"Master of Medical Psychology (Thesis) (English)",https://search.studyinturkiye.com/sit-program/master-of-medical-psychology-thesis-english/
"Master of Mechatronics Engineering (Thesis) (English)",https://search.studyinturkiye.com/sit-program/master-of-mechatronics-engineering-thesis-english-2/
"Master of Mechatronics Engineering (Non-Thesis) (English)",https://search.studyinturkiye.com/sit-program/master-of-mechatronics-engineering-non-thesis-english-2/
"Master of Marketing Communications and Public Relations (Thesis) (Turkish)",https://search.studyinturkiye.com/sit-program/master-of-marketing-communications-and-public-relations-thesis-turkish/
"Master of Marketing Communication and Public Relations (Non-Thesis) (Turkish)",https://search.studyinturkiye.com/sit-program/master-of-marketing-communication-and-public-relations-non-thesis-turkish/
"Master of Marketing (Thesis) (Turkish)",https://search.studyinturkiye.com/sit-program/master-of-marketing-thesis-turkish/
"Master of Marketing (Thesis) (English)",https://search.studyinturkiye.com/sit-program/master-of-marketing-thesis-english-2/
"Master of Marketing (Non-Thesis) (Turkish)",https://search.studyinturkiye.com/sit-program/master-of-marketing-non-thesis-turkish/
"Master of Marketing (Non-Thesis) (English)",https://search.studyinturkiye.com/sit-program/master-of-marketing-non-thesis-english/
"Master of Management Information Systems (Non-Thesis) (Turkish)",https://search.studyinturkiye.com/sit-program/master-of-management-information-systems-non-thesis-turkish/
"Master of Interior Design (Thesis) (Turkish)",https://search.studyinturkiye.com/sit-program/master-of-interior-design-thesis-turkish/
"Master of Instructional Technologies (Non-Thesis) (Distance Education) (Turkish)",https://search.studyinturkiye.com/sit-program/master-of-instructional-technologies-non-thesis-distance-education-turkish/
"Master of Instructional Technologies (Non-Thesis) (Turkish)",https://search.studyinturkiye.com/sit-program/master-of-instructional-technologies-non-thesis-turkish/
"Master of Information Technology Law (Thesis) (Turkish)",https://search.studyinturkiye.com/sit-program/master-of-information-technology-law-thesis-turkish/
"Master of Information Technology Law (Non-Thesis) (Turkish)",https://search.studyinturkiye.com/sit-program/master-of-information-technology-law-non-thesis-turkish/
"Master of Information Technology (Thesis) (Turkish)",https://search.studyinturkiye.com/sit-program/master-of-information-technology-thesis-turkish/
"Master of Information Technology (Thesis) (English)",https://search.studyinturkiye.com/sit-program/master-of-information-technology-thesis-english-4/
"Master of Information Technology (Non-Thesis) (Turkish)",https://search.studyinturkiye.com/sit-program/master-of-information-technology-non-thesis-turkish/
"Master of Information Technology (Non-Thesis) (English)",https://search.studyinturkiye.com/sit-program/master-of-information-technology-non-thesis-english-2/
"Master of Information Law (Thesis) (Turkish)",https://search.studyinturkiye.com/sit-program/master-of-information-law-thesis-turkish/
"Master of Information Law (Non-Thesis) (Turkish)",https://search.studyinturkiye.com/sit-program/master-of-information-law-non-thesis-turkish/
"Master of Industry Digital Transformation (Thesis) (Turkish)",https://search.studyinturkiye.com/sit-program/master-of-industry-digital-transformation-thesis-turkish/
"Master of Industry (Thesis) (English)",https://search.studyinturkiye.com/sit-program/master-of-industry-thesis-english/
"Master of Industry (Non-Thesis) (English)",https://search.studyinturkiye.com/sit-program/master-of-industry-non-thesis-english/
"Master of Industrial Engineering (Thesis) (English)",https://search.studyinturkiye.com/sit-program/master-of-industrial-engineering-thesis-english-5/
"Master of Industrial Design and Innovation Management (Thesis) (English)",https://search.studyinturkiye.com/sit-program/master-of-industrial-design-and-innovation-management-thesis-english/
"Master of Immigration Studies (Thesis) (Turkish)",https://search.studyinturkiye.com/sit-program/master-of-immigration-studies-thesis-turkish/
"Master of Human Resources (Thesis) (Turkish)",https://search.studyinturkiye.com/sit-program/master-of-human-resources-thesis-turkish/
"Master Of Human Resources Management (Non-Thesis) (Turkish)",https://search.studyinturkiye.com/sit-program/master-of-human-resources-management-non-thesis-turkish/
"Master of History (Thesis) (English)",https://search.studyinturkiye.com/sit-program/master-of-history-thesis-english-3/
"Master of History (Thesis) (Turkish)",https://search.studyinturkiye.com/sit-program/master-of-history-thesis-turkish/
"Master of History (Non-Thesis) (Turkish)",https://search.studyinturkiye.com/sit-program/master-of-history-non-thesis-turkish-2/
"Master of Higher Education Administration Leadership (Thesis) (English)",https://search.studyinturkiye.com/sit-program/master-of-higher-education-administration-leadership-thesis-english/
"Master of Higher Education Administration (Thesis) (Turkish)",https://search.studyinturkiye.com/sit-program/master-of-higher-education-administration-thesis-turkish/
"Master of Healthcare Management (Thesis) (Turkish)",https://search.studyinturkiye.com/sit-program/master-of-healthcare-management-thesis-turkish-4/
"Master of Healthcare Management (Non-Thesis) (Turkish)",https://search.studyinturkiye.com/sit-program/master-of-healthcare-management-non-thesis-turkish-4/
"Master of Health Informatics (Thesis) (Turkish)",https://search.studyinturkiye.com/sit-program/master-of-health-informatics-thesis-turkish-2/
"Master of Health Informatics (Non-Thesis) (Turkish)",https://search.studyinturkiye.com/sit-program/master-of-health-informatics-non-thesis-turkish-2/
"Master of Guidance and Counseling (Thesis) (Turkish)",https://search.studyinturkiye.com/sit-program/master-of-guidance-and-counseling-thesis-turkish/
"Master of Guidance and Counseling (Thesis) (English)",https://search.studyinturkiye.com/sit-program/master-of-guidance-and-counseling-thesis-english-2/
"Master of Guidance and Counseling (Non-Thesis) (Turkish)",https://search.studyinturkiye.com/sit-program/master-of-guidance-and-counseling-non-thesis-turkish/
"Master of Global Politics and International Relations (Thesis) (Turkish)",https://search.studyinturkiye.com/sit-program/master-of-global-politics-and-international-relations-thesis-turkish/
"Master of Global Politics and International Relations (Non-Thesis) (Distance Education) (Turkish)",https://search.studyinturkiye.com/sit-program/master-of-global-politics-and-international-relations-non-thesis-distance-education-turkish/
"Master of Global Politics and International Relations (Non-Thesis) (Turkish)",https://search.studyinturkiye.com/sit-program/master-of-global-politics-and-international-relations-non-thesis-turkish-2/
"Master of Global Business and Marketing (Non-Thesis) (Turkish)",https://search.studyinturkiye.com/sit-program/master-of-global-business-and-marketing-non-thesis-turkish/
"Master of Global Affairs (Thesis) (English)",https://search.studyinturkiye.com/sit-program/master-of-global-affairs-thesis-english/
"Master of Global Affairs (Non-Thesis) (English)",https://search.studyinturkiye.com/sit-program/master-of-global-affairs-non-thesis-english/
"Master of Gifted and Talented Education (Thesis) (Turkish)",https://search.studyinturkiye.com/sit-program/master-of-gifted-and-talented-education-thesis-turkish/
"Master of Gifted and Talented Education (Thesis) (English)",https://search.studyinturkiye.com/sit-program/master-of-gifted-and-talented-education-thesis-english/
"Master of Game Design (Thesis) (Turkish)",https://search.studyinturkiye.com/sit-program/master-of-game-design-thesis-turkish/
"Master of Game Design (Thesis) (English)",https://search.studyinturkiye.com/sit-program/master-of-game-design-thesis-english/
"Master of Financial Technology (Thesis) (English)",https://search.studyinturkiye.com/sit-program/master-of-financial-technology-thesis-english/
"Master of Financial Technology (Non-Thesis) (Turkish)",https://search.studyinturkiye.com/sit-program/master-of-financial-technology-non-thesis-turkish/
"Master of Financial Technology (Non-Thesis) (English)",https://search.studyinturkiye.com/sit-program/master-of-financial-technology-non-thesis-english/
"Master of Financial Economics (Non-Thesis) (English)",https://search.studyinturkiye.com/sit-program/master-of-financial-economics-non-thesis-english-2/
"Master of Film and TV (Thesis) (English)",https://search.studyinturkiye.com/sit-program/master-of-film-and-tv-thesis-english/
"Master of Family Counseling (Thesis) (Turkish)",https://search.studyinturkiye.com/sit-program/master-of-family-counseling-thesis-turkish-2/
"Master of Family Counseling (Non-Thesis) (Turkish)",https://search.studyinturkiye.com/sit-program/master-of-family-counseling-non-thesis-turkish-2/
"Master of Executive Business Administration (Thesis) (Turkish)",https://search.studyinturkiye.com/sit-program/master-of-executive-business-administration-thesis-turkish/
"Master of Executive Business Administration (Non-Thesis) (Turkish)",https://search.studyinturkiye.com/sit-program/master-of-executive-business-administration-non-thesis-turkish/
"Master of Executive Business Administration (Non-Thesis) (English)",https://search.studyinturkiye.com/sit-program/master-of-executive-business-administration-non-thesis-english-3/
"Master of Entrepreneurship and Innovation Management (Thesis) (English)",https://search.studyinturkiye.com/sit-program/master-of-entrepreneurship-and-innovation-management-thesis-english-2/
"Master of Entrepreneurship and Innovation Management (Non-Thesis) (English)",https://search.studyinturkiye.com/sit-program/master-of-entrepreneurship-and-innovation-management-non-thesis-english/
"Master of English Language Education (Non-Thesis) (English)",https://search.studyinturkiye.com/sit-program/master-of-english-language-education-non-thesis-english-2/
"Master of English Language Education (Non-Thesis) (Distance Learning) (English)",https://search.studyinturkiye.com/sit-program/master-of-english-language-education-non-thesis-distance-learning-english/
"Master of Engineering Management (Thesis) (Turkish)",https://search.studyinturkiye.com/sit-program/master-of-engineering-management-thesis-turkish-3/
"Master of Engineering Management (Non-Thesis) (Turkish)",https://search.studyinturkiye.com/sit-program/master-of-engineering-management-non-thesis-turkish-2/
"Master of Engineering Management (Non-Thesis) (English)",https://search.studyinturkiye.com/sit-program/master-of-engineering-management-non-thesis-english-2/
"Master of Energy Systems Operation and Technologies (Thesis) (English)",https://search.studyinturkiye.com/sit-program/master-of-energy-systems-operation-and-technologies-thesis-english/
"Master of Energy Systems Operation and Technologies (Non-Thesis) (English)",https://search.studyinturkiye.com/sit-program/master-of-energy-systems-operation-and-technologies-non-thesis-english/
"Master of Energy and Environment Management (Thesis) (Turkish)",https://search.studyinturkiye.com/sit-program/master-of-energy-and-environment-management-thesis-turkish/
"Master of Energy and Environment Management (Non-Thesis) (Turkish)",https://search.studyinturkiye.com/sit-program/master-of-energy-and-environment-management-non-thesis-turkish/
"Master of Electrical and Electronics Engineering (Thesis) (English)",https://search.studyinturkiye.com/sit-program/master-of-electrical-and-electronics-engineering-thesis-english-7/
"Master of Electrical and Electronics Engineering(Non-Thesis) (English)",https://search.studyinturkiye.com/sit-program/master-of-electrical-and-electronics-engineeringnon-thesis-english-3/
"Master of Educational Technology (Thesis) (English)",https://search.studyinturkiye.com/sit-program/master-of-educational-technology-thesis-english/
"Master of Educational Technology (Thesis) (Turkish)",https://search.studyinturkiye.com/sit-program/master-of-educational-technology-thesis-turkish/
"Master of Educational Technology (Non-Thesis) (English)",https://search.studyinturkiye.com/sit-program/master-of-educational-technology-non-thesis-english/
"Master of Educational Technology (Non-Thesis) (Turkish)",https://search.studyinturkiye.com/sit-program/master-of-educational-technology-non-thesis-turkish/
"Master of Educational Design and Evaluation (Thesis) (English)",https://search.studyinturkiye.com/sit-program/master-of-educational-design-and-evaluation-thesis-english/
"Master of Educational Design and Evaluation (Thesis) (Turkish)",https://search.studyinturkiye.com/sit-program/master-of-educational-design-and-evaluation-thesis-turkish/
"Master of Educational Design and Evaluation (Non-Thesis) (English)",https://search.studyinturkiye.com/sit-program/master-of-educational-design-and-evaluation-non-thesis-english/
"Master of Educational Design and Evaluation (Non-Thesis) (Turkish)",https://search.studyinturkiye.com/sit-program/master-of-educational-design-and-evaluation-non-thesis-turkish/
"Master of Educational Administration and Planning (Thesis) (Turkish)",https://search.studyinturkiye.com/sit-program/master-of-educational-administration-and-planning-thesis-turkish/
"Master of Educational Administration and Planning (Non-Thesis) (Turkish)",https://search.studyinturkiye.com/sit-program/master-of-educational-administration-and-planning-non-thesis-turkish/
"Master of Early Childhood Education (Thesis) (English)",https://search.studyinturkiye.com/sit-program/master-of-early-childhood-education-thesis-english/
"Master of Early Childhood Education (Thesis) (Turkish)",https://search.studyinturkiye.com/sit-program/master-of-early-childhood-education-thesis-turkish/
"Master of Early Childhood Education (Non-Thesis) (Turkish)",https://search.studyinturkiye.com/sit-program/master-of-early-childhood-education-non-thesis-turkish/
"Master of Digital Media and Film (Thesis) (Turkish)",https://search.studyinturkiye.com/sit-program/master-of-digital-media-and-film-thesis-turkish/
"Master of Digital Media and Film (Non-Thesis) (Turkish)",https://search.studyinturkiye.com/sit-program/master-of-digital-media-and-film-non-thesis-turkish/
"Master of Cyber Security (Thesis) (English)",https://search.studyinturkiye.com/sit-program/master-of-cyber-security-thesis-english-5/
"Master of Cyber Security (Non-Thesis) (English)",https://search.studyinturkiye.com/sit-program/master-of-cyber-security-non-thesis-english-4/
"Master of Construction Management (Thesis) (Turkish)",https://search.studyinturkiye.com/sit-program/master-of-construction-management-thesis-turkish/
"Master of Construction Management (Non-Thesis) (Turkish)",https://search.studyinturkiye.com/sit-program/master-of-construction-management-non-thesis-turkish/
"Master of Computer Engineering (Thesis) (English)",https://search.studyinturkiye.com/sit-program/master-of-computer-engineering-thesis-english-9/
"Master of Computer Engineering (Non-Thesis) (English)",https://search.studyinturkiye.com/sit-program/master-of-computer-engineering-non-thesis-english-5/
"Master of Communication Design (Thesis) (Turkish)",https://search.studyinturkiye.com/sit-program/master-of-communication-design-thesis-turkish/
"Master of Communication Design (Non-Thesis) (Turkish)",https://search.studyinturkiye.com/sit-program/master-of-communication-design-non-thesis-turkish/
"Master of Cognitive NeuroPsychology (Thesis) (English)",https://search.studyinturkiye.com/sit-program/master-of-cognitive-neuropsychology-thesis-english/
"Master of Clinical Psychology (Thesis) (Turkish)",https://search.studyinturkiye.com/sit-program/master-of-clinical-psychology-thesis-turkish-4/
"Master of Clinical Psychology (Thesis) (English)",https://search.studyinturkiye.com/sit-program/master-of-clinical-psychology-thesis-english/
"Master of Chiropractic (Thesis) (Turkish)",https://search.studyinturkiye.com/sit-program/master-of-chiropractic-thesis-turkish/
"Master of Chiropractic (Non-Thesis) (Turkish)",https://search.studyinturkiye.com/sit-program/master-of-chiropractic-non-thesis-turkish/
"Master of Capital Markets and Finance (Thesis) (English)",https://search.studyinturkiye.com/sit-program/master-of-capital-markets-and-finance-thesis-english/
"Master of Capital Markets and Finance (Non-Thesis) (English)",https://search.studyinturkiye.com/sit-program/master-of-capital-markets-and-finance-non-thesis-english/
"Master of Capital Markets and Commercial Law (Thesis) (Turkish)",https://search.studyinturkiye.com/sit-program/master-of-capital-markets-and-commercial-law-thesis-turkish/
"Master of Business Management for Business Manager (Thesis) (Turkish)",https://search.studyinturkiye.com/sit-program/master-of-business-management-for-business-manager-thesis-turkish/
"Master of Business Management for Business Manager (Non-Thesis) (English)",https://search.studyinturkiye.com/sit-program/master-of-business-management-for-business-manager-non-thesis-english/
"Master of Business Management for Business Manager (Non-Thesis) (Turkish)",https://search.studyinturkiye.com/sit-program/master-of-business-management-for-business-manager-non-thesis-turkish/
"Master of Business Administration (Thesis) (Turkish)",https://search.studyinturkiye.com/sit-program/master-of-business-administration-thesis-turkish-8/
"Master of Business Administration (Thesis) (English)",https://search.studyinturkiye.com/sit-program/master-of-business-administration-thesis-english-11/
"Master of Business Administration (Non-Thesis) (Turkish)",https://search.studyinturkiye.com/sit-program/master-of-business-administration-non-thesis-turkish-8/
"Master of Business Administration (Non-Thesis) (English)",https://search.studyinturkiye.com/sit-program/master-of-business-administration-non-thesis-english-12/
"Master of Business Administration (Thesis) (Distance Learning) (English)",https://search.studyinturkiye.com/sit-program/master-of-business-administration-thesis-distance-learning-english/
"Master of Business Administration (Non-Thesis) (Distance Learning) (Turkish)",https://search.studyinturkiye.com/sit-program/master-of-business-administration-non-thesis-distance-learning-turkish-2/
"Master of Business Administration (Non-Thesis) (Distance Learning) (English)",https://search.studyinturkiye.com/sit-program/master-of-business-administration-non-thesis-distance-learning-english-3/
"Master of Business (Thesis) (Turkish)",https://search.studyinturkiye.com/sit-program/master-of-business-thesis-turkish/
"Master of Business (Non-Thesis) (Turkish)",https://search.studyinturkiye.com/sit-program/master-of-business-non-thesis-turkish/
"Master of Business (Distance Education) (Non-Thesis) (Turkish)",https://search.studyinturkiye.com/sit-program/master-of-business-distance-education-non-thesis-turkish-2/
"Master of Biomedical Engineering (Thesis) (English)",https://search.studyinturkiye.com/sit-program/master-of-biomedical-engineering-thesis-english-2/
"Master of BioEngineering (Thesis) (Turkish)",https://search.studyinturkiye.com/sit-program/master-of-bioengineering-thesis-turkish-2/
"Master of BioEngineering (Thesis) (English)",https://search.studyinturkiye.com/sit-program/master-of-bioengineering-thesis-english-2/
"Master of Big Data Analytics and Management (Thesis) (English)",https://search.studyinturkiye.com/sit-program/master-of-big-data-analytics-and-management-thesis-english/
"Master of Big Data Analytics and Management (Non-Thesis) (English)",https://search.studyinturkiye.com/sit-program/master-of-big-data-analytics-and-management-non-thesis-english/
"Master of Banking and Finance (Thesis) (Turkish)",https://search.studyinturkiye.com/sit-program/master-of-banking-and-finance-thesis-turkish/
"Master of Banking and Finance (Non-Thesis) (Turkish)",https://search.studyinturkiye.com/sit-program/master-of-banking-and-finance-non-thesis-turkish/
"Master of Aviation Management (Thesis) (English)",https://search.studyinturkiye.com/sit-program/master-of-aviation-management-thesis-english/
"Master of Aviation Management (Non-Thesis) (English)",https://search.studyinturkiye.com/sit-program/master-of-aviation-management-non-thesis-english/
"Master of Arts in Music (Thesis) (Turkish)",https://search.studyinturkiye.com/sit-program/master-of-arts-in-music-thesis-turkish/
"Master of Arts in Music (Non-Thesis) (Turkish)",https://search.studyinturkiye.com/sit-program/master-of-arts-in-music-non-thesis-turkish/
"Master Of Gastronomy and Culinary Arts (Thesis) (Turkish)",https://search.studyinturkiye.com/sit-program/master-of-gastronomy-and-culinary-arts-thesis-turkish-2/
"Master Of Gastronomy and Culinary Arts (Non-Thesis) (Turkish)",https://search.studyinturkiye.com/sit-program/master-of-gastronomy-and-culinary-arts-non-thesis-turkish-2/
"Master of Architecture (Thesis) (English)",https://search.studyinturkiye.com/sit-program/master-of-architecture-thesis-english-3/
"Master of Architecture (Non-Thesis) (Turkish)",https://search.studyinturkiye.com/sit-program/master-of-architecture-non-thesis-turkish-2/
"Master of Applied Mathematics (Thesis) (Turkish)",https://search.studyinturkiye.com/sit-program/master-of-applied-mathematics-thesis-turkish/
"Master of Applied Mathematics (Non-Thesis) (Turkish)",https://search.studyinturkiye.com/sit-program/master-of-applied-mathematics-non-thesis-turkish/
"Master of Advertising and Brand Communication Management (Thesis) (Turkish)",https://search.studyinturkiye.com/sit-program/master-of-advertising-and-brand-communication-management-thesis-turkish/
"Master of Advertising and Brand Communication Management (Non-Thesis) (Turkish)",https://search.studyinturkiye.com/sit-program/master-of-advertising-and-brand-communication-management-non-thesis-turkish/
"Master of Advanced Acting (Thesis) (Turkish)",https://search.studyinturkiye.com/sit-program/master-of-advanced-acting-thesis-turkish/
"Bachelor of Music Technology (Turkish)",https://search.studyinturkiye.com/sit-program/bachelor-of-music-technology-turkish/
"Bachelor of Public Relations and Publicity (English)",https://search.studyinturkiye.com/sit-program/bachelor-of-public-relations-and-publicity-english-2/
"Bachelor of Textile and Fashion Design (English)",https://search.studyinturkiye.com/sit-program/bachelor-of-textile-and-fashion-design-english-2/
"Bachelor of Speech and Language Therapy (Turkish)",https://search.studyinturkiye.com/sit-program/bachelor-of-speech-and-language-therapy-turkish-5/
"Bachelor of Software Engineering (English)",https://search.studyinturkiye.com/sit-program/bachelor-of-software-engineering-english-10/
"Bachelor of Sociology (English)",https://search.studyinturkiye.com/sit-program/bachelor-of-sociology-english-3/
"Bachelor of Psychology (English)",https://search.studyinturkiye.com/sit-program/bachelor-of-psychology-english-13/
"Bachelor of Psychological Counseling and Guidance (English)",https://search.studyinturkiye.com/sit-program/bachelor-of-psychological-counseling-and-guidance-english-2/
"Bachelor of Pre-School Teaching (English)",https://search.studyinturkiye.com/sit-program/bachelor-of-pre-school-teaching-english/
"Bachelor of Political Science and International Relations (English)",https://search.studyinturkiye.com/sit-program/bachelor-of-political-science-and-international-relations-english-7/
"Bachelor of Pilotage (English)",https://search.studyinturkiye.com/sit-program/bachelor-of-pilotage-english-2/
"Bachelor of Physiotherapy and Rehabilitation (Turkish)",https://search.studyinturkiye.com/sit-program/bachelor-of-physiotherapy-and-rehabilitation-turkish-7/
"Bachelor of Physiotherapy and Rehabilitation (English)",https://search.studyinturkiye.com/sit-program/bachelor-of-physiotherapy-and-rehabilitation-english-8/
"Bachelor of Pharmacy (English)",https://search.studyinturkiye.com/sit-program/bachelor-of-pharmacy-english-6/
"Bachelor of Performing Arts (Turkish)",https://search.studyinturkiye.com/sit-program/bachelor-of-performing-arts-turkish/
"Bachelor of Nutrition and Dietetics (English)",https://search.studyinturkiye.com/sit-program/bachelor-of-nutrition-and-dietetics-english-3/
"Bachelor of Nutrition and Dietetics (Turkish)",https://search.studyinturkiye.com/sit-program/bachelor-of-nutrition-and-dietetics-turkish-7/
"Bachelor of Nursing (English)",https://search.studyinturkiye.com/sit-program/bachelor-of-nursing-english-10/
"Bachelor of Nursing (Turkish)",https://search.studyinturkiye.com/sit-program/bachelor-of-nursing-turkish-11/
"Bachelor of New Media (English)",https://search.studyinturkiye.com/sit-program/bachelor-of-new-media-english-2/
"Bachelor of Music (Turkish)",https://search.studyinturkiye.com/sit-program/bachelor-of-music-turkish/
"Bachelor of Molecular Biology and Genetics (English)",https://search.studyinturkiye.com/sit-program/bachelor-of-molecular-biology-and-genetics-english-7/
"Bachelor of Medicine (English)",https://search.studyinturkiye.com/sit-program/bachelor-of-medicine-english-11/
"Bachelor of Mechatronics Engineering (English)",https://search.studyinturkiye.com/sit-program/bachelor-of-mechatronics-engineering-english-7/
"Bachelor of Management Engineering (English)",https://search.studyinturkiye.com/sit-program/bachelor-of-management-engineering-english/
"Bachelor of Logistics Management (English)",https://search.studyinturkiye.com/sit-program/bachelor-of-logistics-management-english-3/
"Bachelor of Law (Turkish)",https://search.studyinturkiye.com/sit-program/bachelor-of-law-turkish-8/
"Bachelor of International Trade and Business (English)",https://search.studyinturkiye.com/sit-program/bachelor-of-international-trade-and-business-english-2/
"Bachelor of International Finance (English)",https://search.studyinturkiye.com/sit-program/bachelor-of-international-finance-english-2/
"Bachelor of Interior Architecture and Environmental Design (English)",https://search.studyinturkiye.com/sit-program/bachelor-of-interior-architecture-and-environmental-design-english-6/
"Bachelor of Artificial Intelligence Engineering (English)",https://search.studyinturkiye.com/sit-program/bachelor-of-artificial-intelligence-engineering-english-3/
"Bachelor of Industrial Engineering (English)",https://search.studyinturkiye.com/sit-program/bachelor-of-industrial-engineering-english-12/
"Bachelor of Industrial Design (English)",https://search.studyinturkiye.com/sit-program/bachelor-of-industrial-design-english-3/
"Bachelor of Gastronomy and Culinary Arts (English)",https://search.studyinturkiye.com/sit-program/bachelor-of-gastronomy-and-culinary-arts-english-6/
"Bachelor of English Translation and Interpretation (Turkish)",https://search.studyinturkiye.com/sit-program/bachelor-of-english-translation-and-interpretation-turkish/
"Bachelor of English Language Teaching (English)",https://search.studyinturkiye.com/sit-program/bachelor-of-english-language-teaching-english-4/
"Bachelor of Energy Systems Engineering (English)",https://search.studyinturkiye.com/sit-program/bachelor-of-energy-systems-engineering-english-2/
"Bachelor of Electrical and Electronics Engineering (English)",https://search.studyinturkiye.com/sit-program/bachelor-of-electrical-and-electronics-engineering-english-15/
"Bachelor of Economics and Finance (English)",https://search.studyinturkiye.com/sit-program/bachelor-of-economics-and-finance-english-2/
"Bachelor of Economics (English)",https://search.studyinturkiye.com/sit-program/bachelor-of-economics-english-12/
"Bachelor of Digital Game Design (English)",https://search.studyinturkiye.com/sit-program/bachelor-of-digital-game-design-english-2/
"Bachelor of Dentistry (English)",https://search.studyinturkiye.com/sit-program/bachelor-of-dentistry-english-12/
"Bachelor of Computer Engineering (English)",https://search.studyinturkiye.com/sit-program/bachelor-of-computer-engineering-english-19/
"Bachelor of Visual Communication Design (English)",https://search.studyinturkiye.com/sit-program/bachelor-of-visual-communication-design-english-3/
"Bachelor of Civil Engineering (English)",https://search.studyinturkiye.com/sit-program/bachelor-of-civil-engineering-english-11/
"Bachelor of Cartoon and Animation (English)",https://search.studyinturkiye.com/sit-program/bachelor-of-cartoon-and-animation-english/
"Bachelor of Business Administration (English)",https://search.studyinturkiye.com/sit-program/bachelor-of-business-administration-english-12/
"Bachelor of Biomedical Engineering (English)",https://search.studyinturkiye.com/sit-program/bachelor-of-biomedical-engineering-english-8/
"Bachelor of Audiology (Turkish)",https://search.studyinturkiye.com/sit-program/bachelor-of-audiology-turkish-7/
"Bachelor of Architecture (English)",https://search.studyinturkiye.com/sit-program/bachelor-of-architecture-english-11/
"Bachelor of Advertising (English)",https://search.studyinturkiye.com/sit-program/bachelor-of-advertising-english-3/
"Associate of E-Commerce and Marketing (Turkish)",https://search.studyinturkiye.com/sit-program/associate-of-e-commerce-and-marketing-turkish-2/
"Associate of Opticianry (Turkish)",https://search.studyinturkiye.com/sit-program/associate-of-opticianry-turkish-9/
"Associate of Tourism and Hotel Management (Turkish)",https://search.studyinturkiye.com/sit-program/associate-of-tourism-and-hotel-management-turkish-2/
"Associate of Public Relations and Publicity (Turkish)",https://search.studyinturkiye.com/sit-program/associate-of-public-relations-and-publicity-turkish-3/
"Associate of Medical Documentation and Secretarial (Turkish)",https://search.studyinturkiye.com/sit-program/associate-of-medical-documentation-and-secretarial-turkish-4/
"Associate of Logistics (Turkish)",https://search.studyinturkiye.com/sit-program/associate-of-logistics-turkish-5/
"Associate of Justice (Turkish)",https://search.studyinturkiye.com/sit-program/associate-of-justice-turkish-4/
"Associate of Graphic Design (Turkish)",https://search.studyinturkiye.com/sit-program/associate-of-graphic-design-turkish-4/
"Associate of Foreign Trade (Turkish)",https://search.studyinturkiye.com/sit-program/associate-of-foreign-trade-turkish-4/
"Bachelor of Interior Architecture (English)",https://search.studyinturkiye.com/sit-program/bachelor-of-interior-architecture-english-4/
"Bachelor of Interior Architecture (Turkish)",https://search.studyinturkiye.com/sit-program/bachelor-of-interior-architecture-turkish-4/
"Bachelor of Industrial Engineering (Turkish)",https://search.studyinturkiye.com/sit-program/bachelor-of-industrial-engineering-turkish-3/
"Bachelor of Industrial Design (Turkish)",https://search.studyinturkiye.com/sit-program/bachelor-of-industrial-design-turkish-5/
"Bachelor of History (Turkish)",https://search.studyinturkiye.com/sit-program/bachelor-of-history-turkish-3/
"Bachelor of Healthcare Management (Turkish)",https://search.studyinturkiye.com/sit-program/bachelor-of-healthcare-management-turkish-3/
"Bachelor of Graphic Design (Turkish)",https://search.studyinturkiye.com/sit-program/bachelor-of-graphic-design-turkish-3/
"Bachelor of Genetics and BioEngineering (Turkish)",https://search.studyinturkiye.com/sit-program/bachelor-of-genetics-and-bioengineering-turkish/
"Bachelor of Gastronomy and Culinary Arts (Turkish)",https://search.studyinturkiye.com/sit-program/bachelor-of-gastronomy-and-culinary-arts-turkish-6/
"Bachelor of Flight Training (English)",https://search.studyinturkiye.com/sit-program/bachelor-of-flight-training-english/
"Bachelor of Financial Markets and Portfolio Management (Turkish)",https://search.studyinturkiye.com/sit-program/bachelor-of-financial-markets-and-portfolio-management-turkish/
"Bachelor of Exercise and Sport Sciences (Turkish)",https://search.studyinturkiye.com/sit-program/bachelor-of-exercise-and-sport-sciences-turkish/
"Bachelor of English Translation and Interpretation (English)",https://search.studyinturkiye.com/sit-program/bachelor-of-english-translation-and-interpretation-english-2/
"Bachelor of English Language and Literature (English)",https://search.studyinturkiye.com/sit-program/bachelor-of-english-language-and-literature-english-8/
"Bachelor of Electrical and Electronics Engineering (English)",https://search.studyinturkiye.com/sit-program/bachelor-of-electrical-and-electronics-engineering-english-16/
"Bachelor of Electrical and Electronics Engineering (Turkish)",https://search.studyinturkiye.com/sit-program/bachelor-of-electrical-and-electronics-engineering-turkish-4/
"Bachelor of Economics and Finance (Turkish)",https://search.studyinturkiye.com/sit-program/bachelor-of-economics-and-finance-turkish/
"Bachelor of Economics (Turkish)",https://search.studyinturkiye.com/sit-program/bachelor-of-economics-turkish-3/
"Bachelor of Digital Game Design (Turkish)",https://search.studyinturkiye.com/sit-program/bachelor-of-digital-game-design-turkish-3/
"Bachelor of Dentistry (English)",https://search.studyinturkiye.com/sit-program/bachelor-of-dentistry-english-13/
"Bachelor of Dentistry (Turkish)",https://search.studyinturkiye.com/sit-program/bachelor-of-dentistry-turkish-10/
"Bachelor of Computer Engineering (Turkish)",https://search.studyinturkiye.com/sit-program/bachelor-of-computer-engineering-turkish-5/
"Bachelor of Communication Design (Turkish)",https://search.studyinturkiye.com/sit-program/bachelor-of-communication-design-turkish-2/
"Bachelor of Coaching Training (Turkish)",https://search.studyinturkiye.com/sit-program/bachelor-of-coaching-training-turkish-3/
"Bachelor of Civil Engineering (English)",https://search.studyinturkiye.com/sit-program/bachelor-of-civil-engineering-english-12/
"Bachelor of Civil Engineering (Turkish)",https://search.studyinturkiye.com/sit-program/bachelor-of-civil-engineering-turkish-5/
"Bachelor of Business Administration (English)",https://search.studyinturkiye.com/sit-program/bachelor-of-business-administration-english-13/
"Bachelor ofBusiness Administration (Turkish)",https://search.studyinturkiye.com/sit-program/bachelor-ofbusiness-administration-turkish-2/
"Bachelor of Banking and Finance (Turkish)",https://search.studyinturkiye.com/sit-program/bachelor-of-banking-and-finance-turkish-2/
"Bachelor ofAvionics (Turkish)",https://search.studyinturkiye.com/sit-program/bachelor-ofavionics-turkish/
"Bachelor of Aviation Management (English)",https://search.studyinturkiye.com/sit-program/bachelor-of-aviation-management-english-3/
"Bachelor of Aviation Management (Turkish)",https://search.studyinturkiye.com/sit-program/bachelor-of-aviation-management-turkish-2/
"Bachelor of Architecture (Turkish)",https://search.studyinturkiye.com/sit-program/bachelor-of-architecture-turkish-7/
"Bachelor of Architecture (English)",https://search.studyinturkiye.com/sit-program/bachelor-of-architecture-english-12/
"Bachelor of Airframe and Powerplant Maintenance (Turkish)",https://search.studyinturkiye.com/sit-program/bachelor-of-airframe-and-powerplant-maintenance-turkish/
"Bachelor of Air Traffic Control (Turkish)",https://search.studyinturkiye.com/sit-program/bachelor-of-air-traffic-control-turkish/
"Associate of Business management (English)",https://search.studyinturkiye.com/sit-program/associate-of-business-management-english/
"Associate of Perfusion Techniques (Turkish)",https://search.studyinturkiye.com/sit-program/associate-of-perfusion-techniques-turkish/
"Associate of Medical Documentation and Secretarial Services (Turkish)",https://search.studyinturkiye.com/sit-program/associate-of-medical-documentation-and-secretarial-services-turkish-2/
"Associate of Justice (Turkish)",https://search.studyinturkiye.com/sit-program/associate-of-justice-turkish-5/
"Associate of First Aid and Emergency (Turkish)",https://search.studyinturkiye.com/sit-program/associate-of-first-aid-and-emergency-turkish-10/
"Associate of First Aid and Emergency (English)",https://search.studyinturkiye.com/sit-program/associate-of-first-aid-and-emergency-english/
"Associate of Computer Programming (English)",https://search.studyinturkiye.com/sit-program/associate-of-computer-programming-english-2/
"Associate of Civil Aviation Cabin Services (English)",https://search.studyinturkiye.com/sit-program/associate-of-civil-aviation-cabin-services-english-2/
"Associate of Audiometry (Turkish)",https://search.studyinturkiye.com/sit-program/associate-of-audiometry-turkish-7/
"Associate of Anesthesia (Turkish)",https://search.studyinturkiye.com/sit-program/associate-of-anesthesia-turkish-14/
"PHD IN PUBLIC ADMINISTRATION (BRIDGING) (Turkish)",https://search.studyinturkiye.com/sit-program/phd-in-public-administration-bridging-turkish/
"PhD in Management Information Systems (BRIDGING) (English)",https://search.studyinturkiye.com/sit-program/phd-in-management-information-systems-bridging-english/
"Phd in POLITICAL SCIENCE AND INTERNATIONAL RELATION BRIDGING (English)",https://search.studyinturkiye.com/sit-program/phd-in-political-science-and-international-relation-bridging-english/
"PHD in INTARNATIONAL AND COMPARATIVE LAW (English)",https://search.studyinturkiye.com/sit-program/phd-in-intarnational-and-comparative-law-english/
"Phd In BUSINESS ADMINISTRATION BRIDGING (English)",https://search.studyinturkiye.com/sit-program/phd-in-business-administration-bridging-english/
"Phd In Public Administration (Turkish)",https://search.studyinturkiye.com/sit-program/phd-in-public-administration-turkish/
"Phd POLITICAL SCIENCE AND INTERNATIONAL RELATION PHD BRIDGING (Turkish)",https://search.studyinturkiye.com/sit-program/phd-political-science-and-international-relation-phd-bridging-turkish/
"PHD BUSINESS ADMINISTRATION PHD BRIDGING (Turkish)",https://search.studyinturkiye.com/sit-program/phd-business-administration-phd-bridging-turkish/
"PhD in Political Science and International Relations (English)",https://search.studyinturkiye.com/sit-program/phd-in-political-science-and-international-relations-english-3/
"PhD in Political Science and International Relations (Turkish)",https://search.studyinturkiye.com/sit-program/phd-in-political-science-and-international-relations-turkish-2/
"PhD in Management Information Systems (English)",https://search.studyinturkiye.com/sit-program/phd-in-management-information-systems-english-2/
"PhD in Computer Engineering (Turkish)",https://search.studyinturkiye.com/sit-program/phd-in-computer-engineering-turkish/
"PhD in Business Administration (English)",https://search.studyinturkiye.com/sit-program/phd-in-business-administration-english-9/
"PhD in Business Administration (Turkish)",https://search.studyinturkiye.com/sit-program/phd-in-business-administration-turkish-7/
"PhD in Architecture (English)",https://search.studyinturkiye.com/sit-program/phd-in-architecture-english-2/
"Master of Healthcare Management WITH BRIDGING (English)",https://search.studyinturkiye.com/sit-program/master-of-healthcare-management-with-bridging-english/
"Master Of BLOCKCHAIN TECHNOLOGIES (THESIS) (English)",https://search.studyinturkiye.com/sit-program/master-of-blockchain-technologies-thesis-english/
"Master Of BLOCKCHAIN TECHNOLOGIES (NON-THESIS) (English)",https://search.studyinturkiye.com/sit-program/master-of-blockchain-technologies-non-thesis-english/
"Master Of COMPUTER ENGINEERING WITH BRIDGING COURSES (English)",https://search.studyinturkiye.com/sit-program/master-of-computer-engineering-with-bridging-courses-english/
"Master Of ARCHITECTURE WITH BRIDGING COURCES (English)",https://search.studyinturkiye.com/sit-program/master-of-architecture-with-bridging-cources-english/
"Master Of MASTER OF BUSINESS ADMINISTRATION WITHOUT THESIS &#8211; SPECIAL (English)",https://search.studyinturkiye.com/sit-program/master-of-master-of-business-administration-without-thesis-special-english/
"Master Of POLITICAL SCIENCE AND INTERNATIONAL RELATION WITH BRIDGING COURSES (English)",https://search.studyinturkiye.com/sit-program/master-of-political-science-and-international-relation-with-bridging-courses-english/
"Master OF INTERNATIONAL AND COMPARATIVE LAW MASTER WITH BRIDGING COURSES (English)",https://search.studyinturkiye.com/sit-program/master-of-international-and-comparative-law-master-with-bridging-courses-english/
"MASTER OF BUSINESS ADMINISTRATION WITH BRIDGING COURSES (English)",https://search.studyinturkiye.com/sit-program/master-of-business-administration-with-bridging-courses-english/
"MASTER OF PUBLIC ADMINISTRATION (Non-Thesis) (English)",https://search.studyinturkiye.com/sit-program/master-of-public-administration-non-thesis-english/
"MASTER OF PUBLIC ADMINISTRATION (Non-Thesis) (Turkish)",https://search.studyinturkiye.com/sit-program/master-of-public-administration-non-thesis-turkish/
"MASTER OF PUBLIC ADMINISTRATION (Thesis) (English)",https://search.studyinturkiye.com/sit-program/master-of-public-administration-thesis-english/
"MASTER OF PUBLIC ADMINISTRATION (Thesis) (Turkish)",https://search.studyinturkiye.com/sit-program/master-of-public-administration-thesis-turkish-2/
"Master of International and Comperative Law (Non-Thesis) (English)",https://search.studyinturkiye.com/sit-program/master-of-international-and-comperative-law-non-thesis-english/
"Master of International and Comperative Law (Thesis) (English)",https://search.studyinturkiye.com/sit-program/master-of-international-and-comperative-law-thesis-english/
"Master of English Language Teaching (Non-Thesis) (English)",https://search.studyinturkiye.com/sit-program/master-of-english-language-teaching-non-thesis-english/
"Master of Psychology (Thesis) (English)",https://search.studyinturkiye.com/sit-program/master-of-psychology-thesis-english-3/
"Master of Political Science and International Relations (Thesis) (English)",https://search.studyinturkiye.com/sit-program/master-of-political-science-and-international-relations-thesis-english-3/
"Master of Political Science and International Relations (Non-Thesis) (English)",https://search.studyinturkiye.com/sit-program/master-of-political-science-and-international-relations-non-thesis-english-4/
"Master of Marketing (Thesis) (English)",https://search.studyinturkiye.com/sit-program/master-of-marketing-thesis-english-3/
"Master of Management Information Systems (Thesis) (English)",https://search.studyinturkiye.com/sit-program/master-of-management-information-systems-thesis-english-4/
"Master of Management Information Systems (Non-Thesis) (English)",https://search.studyinturkiye.com/sit-program/master-of-management-information-systems-non-thesis-english-4/
"Master of Healthcare Management (Thesis) (English)",https://search.studyinturkiye.com/sit-program/master-of-healthcare-management-thesis-english-2/
"Master of Healthcare Management (Non-Thesis) (English)",https://search.studyinturkiye.com/sit-program/master-of-healthcare-management-non-thesis-english-2/
"Master of English Language Teaching (Thesis) (English)",https://search.studyinturkiye.com/sit-program/master-of-english-language-teaching-thesis-english-2/
"Master of Computer Engineering (Thesis) (English)",https://search.studyinturkiye.com/sit-program/master-of-computer-engineering-thesis-english-10/
"Master of Computer Engineering (Non-Thesis) (English)",https://search.studyinturkiye.com/sit-program/master-of-computer-engineering-non-thesis-english-6/
"Master of Business Administration (Thesis) (English)",https://search.studyinturkiye.com/sit-program/master-of-business-administration-thesis-english-12/
"Master of Business Administration (Non-Thesis) (English)",https://search.studyinturkiye.com/sit-program/master-of-business-administration-non-thesis-english-13/
"Master of Business (Thesis) (English)",https://search.studyinturkiye.com/sit-program/master-of-business-thesis-english/
"Master of Architecture (Thesis) (English)",https://search.studyinturkiye.com/sit-program/master-of-architecture-thesis-english-4/
"Master of Architecture (Non-Thesis) (English)",https://search.studyinturkiye.com/sit-program/master-of-architecture-non-thesis-english-5/
"Bachelor of Pedagogic formation (English)",https://search.studyinturkiye.com/sit-program/bachelor-of-pedagogic-formation-english/
"Bachelor Of COMPUTER ENGINEERING (AREA OF CONCENTRATION CYBER SECURITY) (English)",https://search.studyinturkiye.com/sit-program/bachelor-of-computer-engineering-area-of-concentration-cyber-security-english/
"Bachelor Of COMPUTER ENGINEERING (AREA OF CONCENTRATION ARTIFICIAL INTELLIGENCE) (English)",https://search.studyinturkiye.com/sit-program/bachelor-of-computer-engineering-area-of-concentration-artificial-intelligence-english/
"Bachelor Of CIVIL AVIATION CABIN SERVICES (English)",https://search.studyinturkiye.com/sit-program/bachelor-of-civil-aviation-cabin-services-english/
"Bachelor ofTourism and Hotel Management (English)",https://search.studyinturkiye.com/sit-program/bachelor-oftourism-and-hotel-management-english-2/
"Bachelor of Software Engineering (English)",https://search.studyinturkiye.com/sit-program/bachelor-of-software-engineering-english-11/
"Bachelor of Social Work (English)",https://search.studyinturkiye.com/sit-program/bachelor-of-social-work-english/
"Bachelor of Psychology (English)",https://search.studyinturkiye.com/sit-program/bachelor-of-psychology-english-14/
"Bachelor of Political Science and International Relations (English)",https://search.studyinturkiye.com/sit-program/bachelor-of-political-science-and-international-relations-english-8/
"Bachelor of Physiotherapy and Rehabilitation (English)",https://search.studyinturkiye.com/sit-program/bachelor-of-physiotherapy-and-rehabilitation-english-9/
"Bachelor of Pharmacy (English)",https://search.studyinturkiye.com/sit-program/bachelor-of-pharmacy-english-7/
"Bachelor of Nursing (English)",https://search.studyinturkiye.com/sit-program/bachelor-of-nursing-english-11/
"Bachelor of Nursing (Turkish)",https://search.studyinturkiye.com/sit-program/bachelor-of-nursing-turkish-12/
"Bachelor of Management Information Systems (English)",https://search.studyinturkiye.com/sit-program/bachelor-of-management-information-systems-english-7/
"Bachelor of Law (English)",https://search.studyinturkiye.com/sit-program/bachelor-of-law-english-2/
"Bachelor of Interior Design and Environmental Design (English)",https://search.studyinturkiye.com/sit-program/bachelor-of-interior-design-and-environmental-design-english-2/
"Bachelor of Industrial and System Engineering (English)",https://search.studyinturkiye.com/sit-program/bachelor-of-industrial-and-system-engineering-english-2/
"Bachelor of Gastronomy and Culinary Arts (English)",https://search.studyinturkiye.com/sit-program/bachelor-of-gastronomy-and-culinary-arts-english-7/
"Bachelor of Gastronomy and Culinary Arts (Turkish)",https://search.studyinturkiye.com/sit-program/bachelor-of-gastronomy-and-culinary-arts-turkish-7/
"Bachelor of English Language Teaching (English)",https://search.studyinturkiye.com/sit-program/bachelor-of-english-language-teaching-english-5/
"Bachelor of Electrical and Electronics Engineering (English)",https://search.studyinturkiye.com/sit-program/bachelor-of-electrical-and-electronics-engineering-english-17/
"Bachelor of Economics (English)",https://search.studyinturkiye.com/sit-program/bachelor-of-economics-english-13/
"Bachelor of Computer Engineering (English)",https://search.studyinturkiye.com/sit-program/bachelor-of-computer-engineering-english-20/
"Bachelor of Civil Engineering (English)",https://search.studyinturkiye.com/sit-program/bachelor-of-civil-engineering-english-13/
"Bachelor of Business Administration and Management (English)",https://search.studyinturkiye.com/sit-program/bachelor-of-business-administration-and-management-english/
"Bachelor of Business Administration (English)",https://search.studyinturkiye.com/sit-program/bachelor-of-business-administration-english-14/
"Bachelor of Banking and Finance (English)",https://search.studyinturkiye.com/sit-program/bachelor-of-banking-and-finance-english-3/
"Bachelor of Architecture (English)",https://search.studyinturkiye.com/sit-program/bachelor-of-architecture-english-13/
"Bachelor ofTurkish Language Teaching (Turkish)",https://search.studyinturkiye.com/sit-program/bachelor-ofturkish-language-teaching-turkish/
"Bachelor ofTourism and Hotel Management (English)",https://search.studyinturkiye.com/sit-program/bachelor-oftourism-and-hotel-management-english-3/
"Bachelor of Special Education Teaching (Turkish)",https://search.studyinturkiye.com/sit-program/bachelor-of-special-education-teaching-turkish-3/
"Bachelor of Social Work (Combined EN/TR)",https://search.studyinturkiye.com/sit-program/bachelor-of-social-work-combined-en-tr/
"Bachelor of Physiotherapy and Rehabilitation (English)",https://search.studyinturkiye.com/sit-program/bachelor-of-physiotherapy-and-rehabilitation-english-10/
"Bachelor of Nursing (English)",https://search.studyinturkiye.com/sit-program/bachelor-of-nursing-english-12/
"Bachelor of Medicine (Turkish)",https://search.studyinturkiye.com/sit-program/bachelor-of-medicine-turkish-7/
"Bachelor of Mechanical Engineering (English)",https://search.studyinturkiye.com/sit-program/bachelor-of-mechanical-engineering-english-11/
"Bachelor of Maritime Transportation Management Engineering (English)",https://search.studyinturkiye.com/sit-program/bachelor-of-maritime-transportation-management-engineering-english/
"Bachelor of Marine Engineering (English)",https://search.studyinturkiye.com/sit-program/bachelor-of-marine-engineering-english/
"Bachelor of Law (Turkish)",https://search.studyinturkiye.com/sit-program/bachelor-of-law-turkish-9/
"Bachelor of Interior Design (English)",https://search.studyinturkiye.com/sit-program/bachelor-of-interior-design-english-2/
"Bachelor of Fisheries Technology Engineering (English)",https://search.studyinturkiye.com/sit-program/bachelor-of-fisheries-technology-engineering-english/
"Bachelor of English Language Teaching (Turkish)",https://search.studyinturkiye.com/sit-program/bachelor-of-english-language-teaching-turkish-2/
"Bachelor of Electrical and Electronics Engineering (English)",https://search.studyinturkiye.com/sit-program/bachelor-of-electrical-and-electronics-engineering-english-18/
"Bachelor of Dentistry (English)",https://search.studyinturkiye.com/sit-program/bachelor-of-dentistry-english-14/
"Bachelor of Computer Engineering (English)",https://search.studyinturkiye.com/sit-program/bachelor-of-computer-engineering-english-21/
"Bachelor of Civil Engineering (English)",https://search.studyinturkiye.com/sit-program/bachelor-of-civil-engineering-english-14/
"Bachelor of Civil Aviation Management (English)",https://search.studyinturkiye.com/sit-program/bachelor-of-civil-aviation-management-english-2/
"Bachelor of Business Administration (English)",https://search.studyinturkiye.com/sit-program/bachelor-of-business-administration-english-15/
"Bachelor of Banking and Finance (English)",https://search.studyinturkiye.com/sit-program/bachelor-of-banking-and-finance-english-4/
"Bachelor of Architecture (English)",https://search.studyinturkiye.com/sit-program/bachelor-of-architecture-english-14/
"Bachelor of Aeronautical Engineering (English)",https://search.studyinturkiye.com/sit-program/bachelor-of-aeronautical-engineering-english/
"Associate Of Public Relations and Communications (Turkish)",https://search.studyinturkiye.com/sit-program/associate-of-public-relations-and-communications-turkish/
"Associate of Textile Technology (Turkish)",https://search.studyinturkiye.com/sit-program/associate-of-textile-technology-turkish/
"Associate of Multidimensional Modelling and Animation (Turkish)",https://search.studyinturkiye.com/sit-program/associate-of-multidimensional-modelling-and-animation-turkish/
"Associate of Mechanics (Turkish)",https://search.studyinturkiye.com/sit-program/associate-of-mechanics-turkish/
"Associate of Opticianry (Turkish)",https://search.studyinturkiye.com/sit-program/associate-of-opticianry-turkish-10/
"Associate of Medical Laboratory Techniques (Turkish)",https://search.studyinturkiye.com/sit-program/associate-of-medical-laboratory-techniques-turkish-7/
"Associate of Tourism and Travel Services (Turkish)",https://search.studyinturkiye.com/sit-program/associate-of-tourism-and-travel-services-turkish/
"Associate of Radiotherapy (Turkish)",https://search.studyinturkiye.com/sit-program/associate-of-radiotherapy-turkish-5/
"Associate of Physiotherapy (Turkish)",https://search.studyinturkiye.com/sit-program/associate-of-physiotherapy-turkish-11/
"Associate of Pharmacy Services (Turkish)",https://search.studyinturkiye.com/sit-program/associate-of-pharmacy-services-turkish-5/
"Associate of Pathology Laboratory Techniques (Turkish)",https://search.studyinturkiye.com/sit-program/associate-of-pathology-laboratory-techniques-turkish-4/
"Associate of Orthopaedic Prosthetics and Orthotics (Turkish)",https://search.studyinturkiye.com/sit-program/associate-of-orthopaedic-prosthetics-and-orthotics-turkish/
"Associate of Oral and Dental Health (Turkish)",https://search.studyinturkiye.com/sit-program/associate-of-oral-and-dental-health-turkish-10/
"Associate of Operating Room Services (Turkish)",https://search.studyinturkiye.com/sit-program/associate-of-operating-room-services-turkish-6/
"Associate of Occupational Health and Safety (Turkish)",https://search.studyinturkiye.com/sit-program/associate-of-occupational-health-and-safety-turkish-6/
"Associate of Medical Imaging Techniques (Turkish)",https://search.studyinturkiye.com/sit-program/associate-of-medical-imaging-techniques-turkish-12/
"Associate of Medical Documentation and Secretarial Services (Turkish)",https://search.studyinturkiye.com/sit-program/associate-of-medical-documentation-and-secretarial-services-turkish-3/
"Associate of Logistics (Turkish)",https://search.studyinturkiye.com/sit-program/associate-of-logistics-turkish-6/
"Associate of Interior Design (Turkish)",https://search.studyinturkiye.com/sit-program/associate-of-interior-design-turkish-7/
"Associate of Human Resources Management (Turkish)",https://search.studyinturkiye.com/sit-program/associate-of-human-resources-management-turkish-4/
"Associate of Graphic Design (Turkish)",https://search.studyinturkiye.com/sit-program/associate-of-graphic-design-turkish-5/
"Associate of Foreign Trade (Turkish)",https://search.studyinturkiye.com/sit-program/associate-of-foreign-trade-turkish-5/
"Associate of First Aid and Emergency Medical Services (Turkish)",https://search.studyinturkiye.com/sit-program/associate-of-first-aid-and-emergency-medical-services-turkish/
"Associate of Fashion Design (Turkish)",https://search.studyinturkiye.com/sit-program/associate-of-fashion-design-turkish-3/
"Associate of Electroneurophysiology (Turkish)",https://search.studyinturkiye.com/sit-program/associate-of-electroneurophysiology-turkish-5/
"Associate of Electric (Turkish)",https://search.studyinturkiye.com/sit-program/associate-of-electric-turkish-6/
"Associate of Dialysis (Turkish)",https://search.studyinturkiye.com/sit-program/associate-of-dialysis-turkish-8/
"Associate of Dental Prosthetics Technology (Turkish)",https://search.studyinturkiye.com/sit-program/associate-of-dental-prosthetics-technology-turkish-2/
"Associate of Cooking (Turkish)",https://search.studyinturkiye.com/sit-program/associate-of-cooking-turkish-2/
"Associate of Construction Technology (Turkish)",https://search.studyinturkiye.com/sit-program/associate-of-construction-technology-turkish-6/
"Associate of Computer Programming (Turkish)",https://search.studyinturkiye.com/sit-program/associate-of-computer-programming-turkish-8/
"Associate of Civil Aviation Cabin Services (Turkish)",https://search.studyinturkiye.com/sit-program/associate-of-civil-aviation-cabin-services-turkish-5/
"Associate of Civil Air Transport Management (Turkish)",https://search.studyinturkiye.com/sit-program/associate-of-civil-air-transport-management-turkish/
"Associate of Child Development (Turkish)",https://search.studyinturkiye.com/sit-program/associate-of-child-development-turkish-7/
"Associate of Business Management(Turkish)",https://search.studyinturkiye.com/sit-program/associate-of-business-managementturkish/
"Associate of Banking and Insurance (Turkish)",https://search.studyinturkiye.com/sit-program/associate-of-banking-and-insurance-turkish-3/
"Associate of Audiometry (Turkish)",https://search.studyinturkiye.com/sit-program/associate-of-audiometry-turkish-8/
"Associate of Architectural Restoration (Turkish)",https://search.studyinturkiye.com/sit-program/associate-of-architectural-restoration-turkish-3/
"Associate of Applied English and Translation ( Turkish )",https://search.studyinturkiye.com/sit-program/associate-of-applied-english-and-translation-turkish-2/
"Associate of Anaesthesia (Turkish)",https://search.studyinturkiye.com/sit-program/associate-of-anaesthesia-turkish/
"PHD in Media and Communication (Turkish)",https://search.studyinturkiye.com/sit-program/phd-in-media-and-communication-turkish/
"PhD In Political Sciences And International Relations (Turkish)",https://search.studyinturkiye.com/sit-program/phd-in-political-sciences-and-international-relations-turkish/
"PhD in Sociology (Turkish)",https://search.studyinturkiye.com/sit-program/phd-in-sociology-turkish-2/
"PhD in Computer Engineering (Turkish)",https://search.studyinturkiye.com/sit-program/phd-in-computer-engineering-turkish-2/
"PhD in Cinema and TV (Turkish)",https://search.studyinturkiye.com/sit-program/phd-in-cinema-and-tv-turkish/
"PhD in Business Administration (Turkish)",https://search.studyinturkiye.com/sit-program/phd-in-business-administration-turkish-8/
"PhD in Architecture (Turkish)",https://search.studyinturkiye.com/sit-program/phd-in-architecture-turkish-3/
"Master of Human Resources and Organizational Change (distance learning) (Turkish)",https://search.studyinturkiye.com/sit-program/master-of-human-resources-and-organizational-change-distance-learning-turkish/
"Master of Healthcare Organizations Management (DISTANCE LEARNING) (Non-Thesis) (English)",https://search.studyinturkiye.com/sit-program/master-of-healthcare-organizations-management-distance-learning-non-thesis-english/
"Master of Healthcare Organizations Management (DISTANCE LEARNING) (Non-Thesis) (Turkish)",https://search.studyinturkiye.com/sit-program/master-of-healthcare-organizations-management-distance-learning-non-thesis-turkish/
"Master of Management Information Systems (Distance Learning) (Turkish)",https://search.studyinturkiye.com/sit-program/master-of-management-information-systems-distance-learning-turkish/
"Master of Human Resources Management (Non-Thesis) (Distance Learning) (Turkish)",https://search.studyinturkiye.com/sit-program/master-of-human-resources-management-non-thesis-distance-learning-turkish-2/
"Master of Urban Renewal (Thesis) (Turkish)",https://search.studyinturkiye.com/sit-program/master-of-urban-renewal-thesis-turkish/
"Master of Turkish Language and Literature (Thesis) (Turkish)",https://search.studyinturkiye.com/sit-program/master-of-turkish-language-and-literature-thesis-turkish-3/
"Master of Textile and Fashion Design (Thesis) (Turkish)",https://search.studyinturkiye.com/sit-program/master-of-textile-and-fashion-design-thesis-turkish-2/
"Master of Sociology (Thesis) (Turkish)",https://search.studyinturkiye.com/sit-program/master-of-sociology-thesis-turkish-3/
"Master of Sociology (Non-Thesis) (Turkish)",https://search.studyinturkiye.com/sit-program/master-of-sociology-non-thesis-turkish-2/
"Master of Public Law (Thesis) (Turkish)",https://search.studyinturkiye.com/sit-program/master-of-public-law-thesis-turkish-7/
"Master of Private Law (Thesis) (Turkish)",https://search.studyinturkiye.com/sit-program/master-of-private-law-thesis-turkish-6/
"Master of Political Economy (Thesis) (Turkish)",https://search.studyinturkiye.com/sit-program/master-of-political-economy-thesis-turkish/
"Master of Occupational Health and Safety (Interdisciplinary) (Non-Thesis) (Turkish)",https://search.studyinturkiye.com/sit-program/master-of-occupational-health-and-safety-interdisciplinary-non-thesis-turkish/
"Master of Media and Communication Systems (Thesis) (Turkish)",https://search.studyinturkiye.com/sit-program/master-of-media-and-communication-systems-thesis-turkish/
"Master of Mechanical Engineering (Thesis) (Turkish)",https://search.studyinturkiye.com/sit-program/master-of-mechanical-engineering-thesis-turkish-2/
"Master of Marketing (Thesis) (Turkish)",https://search.studyinturkiye.com/sit-program/master-of-marketing-thesis-turkish-2/
"Master of Marketing (Non-Thesis) (Turkish)",https://search.studyinturkiye.com/sit-program/master-of-marketing-non-thesis-turkish-2/
"Master of Management and Organization (Thesis) (Turkish)",https://search.studyinturkiye.com/sit-program/master-of-management-and-organization-thesis-turkish/
"Master of Management and Organization (Non-Thesis) (Turkish)",https://search.studyinturkiye.com/sit-program/master-of-management-and-organization-non-thesis-turkish/
"Master of International Relations (Thesis) (Turkish)",https://search.studyinturkiye.com/sit-program/master-of-international-relations-thesis-turkish-2/
"Master of International Relations (Non-Thesis) (Turkish)",https://search.studyinturkiye.com/sit-program/master-of-international-relations-non-thesis-turkish/
"Master of Interior Architecture (Thesis) (Turkish)",https://search.studyinturkiye.com/sit-program/master-of-interior-architecture-thesis-turkish-2/
"Master of Industrial Engineering (Thesis) (Turkish)",https://search.studyinturkiye.com/sit-program/master-of-industrial-engineering-thesis-turkish/
"Master of Human Resources Management (Non-Thesis) (Turkish)",https://search.studyinturkiye.com/sit-program/master-of-human-resources-management-non-thesis-turkish-2/
"Master of Human Resources and Organizational Change (Thesis) (Turkish)",https://search.studyinturkiye.com/sit-program/master-of-human-resources-and-organizational-change-thesis-turkish/
"Master of Human Resources and Organizational Change (Non-Thesis) (Turkish)",https://search.studyinturkiye.com/sit-program/master-of-human-resources-and-organizational-change-non-thesis-turkish/
"Master of Hospital and Health Institutions Management (Thesis) (Turkish)",https://search.studyinturkiye.com/sit-program/master-of-hospital-and-health-institutions-management-thesis-turkish/
"Master of Hospital and Health Institutions Management (Non-Thesis) (Turkish)",https://search.studyinturkiye.com/sit-program/master-of-hospital-and-health-institutions-management-non-thesis-turkish/
"Master of History (Thesis) (Turkish)",https://search.studyinturkiye.com/sit-program/master-of-history-thesis-turkish-2/
"Master of Healthcare Organizations Management (Thesis) (Turkish)",https://search.studyinturkiye.com/sit-program/master-of-healthcare-organizations-management-thesis-turkish-2/
"Master of Healthcare Organizations Management (Non-Thesis) (Turkish)",https://search.studyinturkiye.com/sit-program/master-of-healthcare-organizations-management-non-thesis-turkish-2/
"Master of Finance (Thesis) (Turkish)",https://search.studyinturkiye.com/sit-program/master-of-finance-thesis-turkish-2/
"Master of Finance (Non-Thesis) (Turkish)",https://search.studyinturkiye.com/sit-program/master-of-finance-non-thesis-turkish-2/
"Master of English Language and Literature (Thesis) (English)",https://search.studyinturkiye.com/sit-program/master-of-english-language-and-literature-thesis-english-3/
"Master of Economics and Finance (Thesis) (Turkish)",https://search.studyinturkiye.com/sit-program/master-of-economics-and-finance-thesis-turkish/
"Master of Economics and Finance (Non-Thesis) (Turkish)",https://search.studyinturkiye.com/sit-program/master-of-economics-and-finance-non-thesis-turkish/
"Master of Earthquake Risky Structures and Urban Trans (Thesis) (Turkish)",https://search.studyinturkiye.com/sit-program/master-of-earthquake-risky-structures-and-urban-trans-thesis-turkish/
"Master of Construction Design and Management (Thesis) (Turkish)",https://search.studyinturkiye.com/sit-program/master-of-construction-design-and-management-thesis-turkish/
"Master of Computer Engineering (Thesis) (Turkish)",https://search.studyinturkiye.com/sit-program/master-of-computer-engineering-thesis-turkish-3/
"Master of Computer Engineering (Non-Thesis) (Turkish)",https://search.studyinturkiye.com/sit-program/master-of-computer-engineering-non-thesis-turkish-3/
"Master of Communication Arts and Design (Thesis) (Turkish)",https://search.studyinturkiye.com/sit-program/master-of-communication-arts-and-design-thesis-turkish/
"Master of Clinical Psychology (Thesis) (Turkish)",https://search.studyinturkiye.com/sit-program/master-of-clinical-psychology-thesis-turkish-5/
"Master of Cinema and TV (Thesis) (Turkish)",https://search.studyinturkiye.com/sit-program/master-of-cinema-and-tv-thesis-turkish-2/
"Master of Business Management (Thesis) (Turkish)",https://search.studyinturkiye.com/sit-program/master-of-business-management-thesis-turkish/
"Master of Business Management (Non-Thesis) (Turkish)",https://search.studyinturkiye.com/sit-program/master-of-business-management-non-thesis-turkish/
"Master of Business Management (Non-Thesis) (English)",https://search.studyinturkiye.com/sit-program/master-of-business-management-non-thesis-english/
"Master of Business Administration (Thesis) (English)",https://search.studyinturkiye.com/sit-program/master-of-business-administration-thesis-english-13/
"Master of Business Administration (Thesis) (Turkish)",https://search.studyinturkiye.com/sit-program/master-of-business-administration-thesis-turkish-9/
"Master of Business Administration (Non-Thesis) (Turkish)",https://search.studyinturkiye.com/sit-program/master-of-business-administration-non-thesis-turkish-9/
"Master of Business Administration (Non-Thesis) (Distance Learning) (Turkish)",https://search.studyinturkiye.com/sit-program/master-of-business-administration-non-thesis-distance-learning-turkish-3/
"Master of Business (Non-Thesis) (English)",https://search.studyinturkiye.com/sit-program/master-of-business-non-thesis-english-2/
"Master of Banking and Finance (Non-Thesis) (Online) (Turkish)",https://search.studyinturkiye.com/sit-program/master-of-banking-and-finance-non-thesis-online-turkish/
"Master of Architecture (Thesis) (Turkish)",https://search.studyinturkiye.com/sit-program/master-of-architecture-thesis-turkish-5/
"Master of Architectural Design (Non-Thesis) (Turkish)",https://search.studyinturkiye.com/sit-program/master-of-architectural-design-non-thesis-turkish/
"Master of Applied Mathematics (Thesis) (Turkish)",https://search.studyinturkiye.com/sit-program/master-of-applied-mathematics-thesis-turkish-2/
"Bachelor of Capital Markets (Turkish)",https://search.studyinturkiye.com/sit-program/bachelor-of-capital-markets-turkish/
"Bachelor of Health Management (Turkish)",https://search.studyinturkiye.com/sit-program/bachelor-of-health-management-turkish-3/
"Bachelor of Visual Communication and Design (Turkish)",https://search.studyinturkiye.com/sit-program/bachelor-of-visual-communication-and-design-turkish/
"Bachelor of Turkish Language and Literature (Turkish)",https://search.studyinturkiye.com/sit-program/bachelor-of-turkish-language-and-literature-turkish-5/
"Bachelor of Translation and Interpretation (Russian)",https://search.studyinturkiye.com/sit-program/bachelor-of-translation-and-interpretation-russian-2/
"Bachelor of Translation and Interpretation (English)",https://search.studyinturkiye.com/sit-program/bachelor-of-translation-and-interpretation-english-4/
"Bachelor of Tourism Management (Turkish)",https://search.studyinturkiye.com/sit-program/bachelor-of-tourism-management-turkish/
"Bachelor of Textile and Fashion Design (Turkish)",https://search.studyinturkiye.com/sit-program/bachelor-of-textile-and-fashion-design-turkish-2/
"Bachelor of Software Engineering (Turkish)",https://search.studyinturkiye.com/sit-program/bachelor-of-software-engineering-turkish-5/
"Bachelor of Sociology (Turkish)",https://search.studyinturkiye.com/sit-program/bachelor-of-sociology-turkish-4/
"Bachelor of Radio, Cinema and TV (English)",https://search.studyinturkiye.com/sit-program/bachelor-of-radio-cinema-and-tv-english-3/
"Bachelor of Radio, Cinema and TV (Turkish)",https://search.studyinturkiye.com/sit-program/bachelor-of-radio-cinema-and-tv-turkish-5/
"Bachelor of Public Relations and Advertising (Turkish)",https://search.studyinturkiye.com/sit-program/bachelor-of-public-relations-and-advertising-turkish-4/
"Bachelor of Psychology (Turkish)",https://search.studyinturkiye.com/sit-program/bachelor-of-psychology-turkish-8/
"Bachelor of Political Science and Public Administration (Turkish)",https://search.studyinturkiye.com/sit-program/bachelor-of-political-science-and-public-administration-turkish-4/
"Bachelor of Political Science and Public Administration (English)",https://search.studyinturkiye.com/sit-program/bachelor-of-political-science-and-public-administration-english-6/
"Bachelor of Physiotherapy and Rehabilitation (Turkish)",https://search.studyinturkiye.com/sit-program/bachelor-of-physiotherapy-and-rehabilitation-turkish-8/
"Bachelor of Nutrition and Dietetics (Turkish)",https://search.studyinturkiye.com/sit-program/bachelor-of-nutrition-and-dietetics-turkish-8/
"Bachelor of Nursing (Turkish)",https://search.studyinturkiye.com/sit-program/bachelor-of-nursing-turkish-13/
"Bachelor of New Media (English)",https://search.studyinturkiye.com/sit-program/bachelor-of-new-media-english-3/
"Bachelor of New Media (Turkish)",https://search.studyinturkiye.com/sit-program/bachelor-of-new-media-turkish/
"Bachelor of Media and Communication (Turkish)",https://search.studyinturkiye.com/sit-program/bachelor-of-media-and-communication-turkish-2/
"Bachelor of Mechanical Engineering (English)",https://search.studyinturkiye.com/sit-program/bachelor-of-mechanical-engineering-english-12/
"Bachelor of Mathematics (Turkish)",https://search.studyinturkiye.com/sit-program/bachelor-of-mathematics-turkish-2/
"Bachelor of Management Information Systems (Turkish)",https://search.studyinturkiye.com/sit-program/bachelor-of-management-information-systems-turkish-9/
"Bachelor of Logistics Management ( English)",https://search.studyinturkiye.com/sit-program/bachelor-of-logistics-management-english-4/
"Bachelor of Law (Turkish)",https://search.studyinturkiye.com/sit-program/bachelor-of-law-turkish-10/
"Bachelor of International Trade and Finance (English)",https://search.studyinturkiye.com/sit-program/bachelor-of-international-trade-and-finance-english-6/
"Bachelor of International Trade and Finance (Turkish)",https://search.studyinturkiye.com/sit-program/bachelor-of-international-trade-and-finance-turkish-3/
"Bachelor of International Relations (English)",https://search.studyinturkiye.com/sit-program/bachelor-of-international-relations-english-8/
"Bachelor of Interior Architecture (Turkish)",https://search.studyinturkiye.com/sit-program/bachelor-of-interior-architecture-turkish-5/
"Bachelor of Interior Architecture (English)",https://search.studyinturkiye.com/sit-program/bachelor-of-interior-architecture-english-5/
"Bachelor of Industrial Engineering (Turkish)",https://search.studyinturkiye.com/sit-program/bachelor-of-industrial-engineering-turkish-4/
"Bachelor of Industrial Engineering (English)",https://search.studyinturkiye.com/sit-program/bachelor-of-industrial-engineering-english-13/
"Bachelor of Industrial Design (Turkish)",https://search.studyinturkiye.com/sit-program/bachelor-of-industrial-design-turkish-6/
"Bachelor of Industrial Design (English)",https://search.studyinturkiye.com/sit-program/bachelor-of-industrial-design-english-4/
"Bachelor of History (Turkish)",https://search.studyinturkiye.com/sit-program/bachelor-of-history-turkish-4/
"Bachelor of Graphic Design (Turkish)",https://search.studyinturkiye.com/sit-program/bachelor-of-graphic-design-turkish-4/
"Bachelor of Gastronomy and Culinary Arts (Turkish)",https://search.studyinturkiye.com/sit-program/bachelor-of-gastronomy-and-culinary-arts-turkish-8/
"Bachelor of English Language and Literature (English)",https://search.studyinturkiye.com/sit-program/bachelor-of-english-language-and-literature-english-9/
"Bachelor of Electrical and Electronics Engineering (Turkish)",https://search.studyinturkiye.com/sit-program/bachelor-of-electrical-and-electronics-engineering-turkish-5/
"Bachelor of Economics (Turkish)",https://search.studyinturkiye.com/sit-program/bachelor-of-economics-turkish-4/
"Bachelor of Economics (English)",https://search.studyinturkiye.com/sit-program/bachelor-of-economics-english-14/
"Bachelor of Digital Game Design (Turkish)",https://search.studyinturkiye.com/sit-program/bachelor-of-digital-game-design-turkish-4/
"Bachelor of Dentistry (Turkish)",https://search.studyinturkiye.com/sit-program/bachelor-of-dentistry-turkish-11/
"Bachelor of Computer Engineering (Turkish)",https://search.studyinturkiye.com/sit-program/bachelor-of-computer-engineering-turkish-6/
"Bachelor of Computer Engineering (English)",https://search.studyinturkiye.com/sit-program/bachelor-of-computer-engineering-english-22/
"Bachelor of Communication and Design (Turkish)",https://search.studyinturkiye.com/sit-program/bachelor-of-communication-and-design-turkish/
"Bachelor of Child Development (Turkish)",https://search.studyinturkiye.com/sit-program/bachelor-of-child-development-turkish-5/
"Bachelor of Chemical Engineering (Turkish)",https://search.studyinturkiye.com/sit-program/bachelor-of-chemical-engineering-turkish/
"Bachelor of Business Administration (Turkish)",https://search.studyinturkiye.com/sit-program/bachelor-of-business-administration-turkish-7/
"Bachelor of Business Administration (English)",https://search.studyinturkiye.com/sit-program/bachelor-of-business-administration-english-16/
"Bachelor of Banking and Finance (English)",https://search.studyinturkiye.com/sit-program/bachelor-of-banking-and-finance-english-5/
"Bachelor of Banking and Finance (Turkish)",https://search.studyinturkiye.com/sit-program/bachelor-of-banking-and-finance-turkish-3/
"Bachelor of Architecture (Turkish)",https://search.studyinturkiye.com/sit-program/bachelor-of-architecture-turkish-8/
"Bachelor of Architecture (English)",https://search.studyinturkiye.com/sit-program/bachelor-of-architecture-english-15/
"Bachelor of Acting (Turkish)",https://search.studyinturkiye.com/sit-program/bachelor-of-acting-turkish-3/
"Associate of Dental Pros Technology (Evening ) (Turkish)",https://search.studyinturkiye.com/sit-program/associate-of-dental-pros-technology-evening-turkish/
"Associate of Dental Prosthesis Technology (EP) (Turkish)",https://search.studyinturkiye.com/sit-program/associate-of-dental-prosthesis-technology-ep-turkish/
"ASSOCIATE OF INTERNET AND NETWORK TECHNOLOGY (English)",https://search.studyinturkiye.com/sit-program/associate-of-internet-and-network-technology-english/
"Associate of Medical and Business Documentation (Turkish)",https://search.studyinturkiye.com/sit-program/associate-of-medical-and-business-documentation-turkish/
"Associate of Business management (Turkish)",https://search.studyinturkiye.com/sit-program/associate-of-business-management-turkish/
"Associate of Business management (English)",https://search.studyinturkiye.com/sit-program/associate-of-business-management-english-2/
"Associate of Office Services and Executive Assistant (Turkish)",https://search.studyinturkiye.com/sit-program/associate-of-office-services-and-executive-assistant-turkish/
"Associate of Architectural drafting (Turkish)",https://search.studyinturkiye.com/sit-program/associate-of-architectural-drafting-turkish/
"Associate of Construction Inspection (Turkish)",https://search.studyinturkiye.com/sit-program/associate-of-construction-inspection-turkish/
"Associate of Music Teaching (Turkish)",https://search.studyinturkiye.com/sit-program/associate-of-music-teaching-turkish/
"Associate of Marketing (Turkish)",https://search.studyinturkiye.com/sit-program/associate-of-marketing-turkish-2/
"Associate of Printing and Publication Technologies (Turkish)",https://search.studyinturkiye.com/sit-program/associate-of-printing-and-publication-technologies-turkish/
"Associate of Public Relations and Presentation (Turkish)",https://search.studyinturkiye.com/sit-program/associate-of-public-relations-and-presentation-turkish/
"Associate of Dental Prosthesis Technology (Turkish)",https://search.studyinturkiye.com/sit-program/associate-of-dental-prosthesis-technology-turkish-5/
"Associate of Work Health and Safety (Turkish)",https://search.studyinturkiye.com/sit-program/associate-of-work-health-and-safety-turkish/
"Associate of Shoe Design and Production (Turkish)",https://search.studyinturkiye.com/sit-program/associate-of-shoe-design-and-production-turkish/
"Associate of Disabled Care and Rehabilitation (Turkish)",https://search.studyinturkiye.com/sit-program/associate-of-disabled-care-and-rehabilitation-turkish/
"Associate of Aviation Technology (Turkish)",https://search.studyinturkiye.com/sit-program/associate-of-aviation-technology-turkish/
"Associate of Applied Spanish to Turkish Translation (Turkish)",https://search.studyinturkiye.com/sit-program/associate-of-applied-spanish-to-turkish-translation-turkish/
"Associate of Applied Russian to Turkish Translation (Russian)",https://search.studyinturkiye.com/sit-program/associate-of-applied-russian-to-turkish-translation-russian/
"Associate of Office Management and Executive Assistant (Turkish)",https://search.studyinturkiye.com/sit-program/associate-of-office-management-and-executive-assistant-turkish/
"Associate of Medical Laboratory Techniques (Turkish)",https://search.studyinturkiye.com/sit-program/associate-of-medical-laboratory-techniques-turkish-8/
"Associate of Tourist Guidance (Turkish)",https://search.studyinturkiye.com/sit-program/associate-of-tourist-guidance-turkish/
"Associate of Tourism and Hotel Management (Turkish)",https://search.studyinturkiye.com/sit-program/associate-of-tourism-and-hotel-management-turkish-3/
"Associate of Surgery Services (Turkish)",https://search.studyinturkiye.com/sit-program/associate-of-surgery-services-turkish-2/
"Associate of Social Service Worker (Turkish)",https://search.studyinturkiye.com/sit-program/associate-of-social-service-worker-turkish/
"Associate of Radiotherapy (Turkish)",https://search.studyinturkiye.com/sit-program/associate-of-radiotherapy-turkish-6/
"Associate of Radio and TV Programming (Turkish)",https://search.studyinturkiye.com/sit-program/associate-of-radio-and-tv-programming-turkish-3/
"Associate of Public Relations and Publicity (Turkish)",https://search.studyinturkiye.com/sit-program/associate-of-public-relations-and-publicity-turkish-4/
"Associate of Public Relations and Advertising (Turkish)",https://search.studyinturkiye.com/sit-program/associate-of-public-relations-and-advertising-turkish-2/
"Associate of Physiotherapy (Turkish)",https://search.studyinturkiye.com/sit-program/associate-of-physiotherapy-turkish-12/
"Associate of Photography and Cameramanship (Turkish)",https://search.studyinturkiye.com/sit-program/associate-of-photography-and-cameramanship-turkish/
"Associate of Pharmacy Services (Turkish)",https://search.studyinturkiye.com/sit-program/associate-of-pharmacy-services-turkish-6/
"Associate of Perfusion Techniques (Turkish)",https://search.studyinturkiye.com/sit-program/associate-of-perfusion-techniques-turkish-2/
"Associate of Pathology Laboratory Techniques (Turkish)",https://search.studyinturkiye.com/sit-program/associate-of-pathology-laboratory-techniques-turkish-5/
"Associate of Orthopedic Prosthetics and Orthotics (Turkish)",https://search.studyinturkiye.com/sit-program/associate-of-orthopedic-prosthetics-and-orthotics-turkish-3/
"Associate of Oral and Dental Health (Turkish)",https://search.studyinturkiye.com/sit-program/associate-of-oral-and-dental-health-turkish-11/
"Associate of Optometry (Turkish)",https://search.studyinturkiye.com/sit-program/associate-of-optometry-turkish-3/
"Associate of Operation Room Services (Turkish)",https://search.studyinturkiye.com/sit-program/associate-of-operation-room-services-turkish-3/
"Associate of Occupational Health and Safety (Turkish)",https://search.studyinturkiye.com/sit-program/associate-of-occupational-health-and-safety-turkish-7/
"Associate of Medical Imaging Technologies (Turkish)",https://search.studyinturkiye.com/sit-program/associate-of-medical-imaging-technologies-turkish/
"Associate of Machinery (Turkish)",https://search.studyinturkiye.com/sit-program/associate-of-machinery-turkish-5/
"Associate of Logistics (Turkish)",https://search.studyinturkiye.com/sit-program/associate-of-logistics-turkish-7/
"Associate of Local Administrations (Turkish)",https://search.studyinturkiye.com/sit-program/associate-of-local-administrations-turkish-2/
"Associate of Justice (Turkish)",https://search.studyinturkiye.com/sit-program/associate-of-justice-turkish-6/
"Associate of Jewelry Design (Turkish)",https://search.studyinturkiye.com/sit-program/associate-of-jewelry-design-turkish/
"Associate of Human Resources Management (Turkish)",https://search.studyinturkiye.com/sit-program/associate-of-human-resources-management-turkish-5/
"Associate of Health Institutions Management (Turkish)",https://search.studyinturkiye.com/sit-program/associate-of-health-institutions-management-turkish/
"Associate of Hair Care and Beauty Services (Turkish)",https://search.studyinturkiye.com/sit-program/associate-of-hair-care-and-beauty-services-turkish-3/
"Associate of Graphic Design (Turkish)",https://search.studyinturkiye.com/sit-program/associate-of-graphic-design-turkish-6/
"Associate of Foreign Trade (Turkish)",https://search.studyinturkiye.com/sit-program/associate-of-foreign-trade-turkish-6/
"Associate of Foreign Trade (English)",https://search.studyinturkiye.com/sit-program/associate-of-foreign-trade-english-2/
"Associate of Food Technology (Turkish)",https://search.studyinturkiye.com/sit-program/associate-of-food-technology-turkish-3/
"Associate of Food Quality Control and Analysis (Turkish)",https://search.studyinturkiye.com/sit-program/associate-of-food-quality-control-and-analysis-turkish-2/
"Associate of First Aid and Emergency (Turkish)",https://search.studyinturkiye.com/sit-program/associate-of-first-aid-and-emergency-turkish-11/
"Associate of Fashion Design (Turkish)",https://search.studyinturkiye.com/sit-program/associate-of-fashion-design-turkish-4/
"Associate of Electronic Technologies (Turkish)",https://search.studyinturkiye.com/sit-program/associate-of-electronic-technologies-turkish-2/
"Associate of Electroneurophysiology (Turkish)",https://search.studyinturkiye.com/sit-program/associate-of-electroneurophysiology-turkish-6/
"Associate of Electric (Turkish)",https://search.studyinturkiye.com/sit-program/associate-of-electric-turkish-7/
"Associate of Dialysis (Turkish)",https://search.studyinturkiye.com/sit-program/associate-of-dialysis-turkish-9/
"Associate of Cookery (Turkish)",https://search.studyinturkiye.com/sit-program/associate-of-cookery-turkish-4/
"Associate of Construction Technology (Turkish)",https://search.studyinturkiye.com/sit-program/associate-of-construction-technology-turkish-7/
"Associate of Computer Technologies (English)",https://search.studyinturkiye.com/sit-program/associate-of-computer-technologies-english/
"Associate of Computer Programming (Turkish)",https://search.studyinturkiye.com/sit-program/associate-of-computer-programming-turkish-9/
"Associate of Computer Programming (English)",https://search.studyinturkiye.com/sit-program/associate-of-computer-programming-english-3/
"Associate of Civil Aviation Management (English)",https://search.studyinturkiye.com/sit-program/associate-of-civil-aviation-management-english/
"Associate of Civil Aviation Cabin Services (Turkish)",https://search.studyinturkiye.com/sit-program/associate-of-civil-aviation-cabin-services-turkish-6/
"Associate of Civil Air Transportation Management (Turkish)",https://search.studyinturkiye.com/sit-program/associate-of-civil-air-transportation-management-turkish-2/
"Associate of Child Development (Turkish)",https://search.studyinturkiye.com/sit-program/associate-of-child-development-turkish-8/
"Associate of Business Administration (English)",https://search.studyinturkiye.com/sit-program/associate-of-business-administration-english-2/
"Associate of Business Administration (Turkish)",https://search.studyinturkiye.com/sit-program/associate-of-business-administration-turkish-2/
"Associate of Biomedical Device Technology (Turkish)",https://search.studyinturkiye.com/sit-program/associate-of-biomedical-device-technology-turkish-6/
"Associate of Banking and Insurance (Turkish)",https://search.studyinturkiye.com/sit-program/associate-of-banking-and-insurance-turkish-4/
"Associate of Automotive Technology (Turkish)",https://search.studyinturkiye.com/sit-program/associate-of-automotive-technology-turkish-2/
"Associate of Audiometry (Turkish)",https://search.studyinturkiye.com/sit-program/associate-of-audiometry-turkish-9/
"Associate of Architectural Restoration (Turkish)",https://search.studyinturkiye.com/sit-program/associate-of-architectural-restoration-turkish-4/
"Associate of Applied English to Turkish Translation (English)",https://search.studyinturkiye.com/sit-program/associate-of-applied-english-to-turkish-translation-english/
"Associate of Anesthesia (Turkish)",https://search.studyinturkiye.com/sit-program/associate-of-anesthesia-turkish-15/
"Associate of Aircraft Technology (Turkish)",https://search.studyinturkiye.com/sit-program/associate-of-aircraft-technology-turkish-2/
"Associate of Accounting and Taxation (Turkish)",https://search.studyinturkiye.com/sit-program/associate-of-accounting-and-taxation-turkish-2/
"PHD TURKISH LANGUAGE AND LITERATURE (COMBINED PhD) (Turkish)",https://search.studyinturkiye.com/sit-program/phd-turkish-language-and-literature-combined-phd-turkish/
"PHD ELECTRICAL AND ELECTRONIC ENGINEERING (COMBINED PhD) (English)",https://search.studyinturkiye.com/sit-program/phd-electrical-and-electronic-engineering-combined-phd-english/
"phd in TELEVISION AND CINEMA (COMBINED PhD) (Turkish)",https://search.studyinturkiye.com/sit-program/phd-in-television-and-cinema-combined-phd-turkish/
"phd in PUBLIC RELATIONS AND PUBLICITY (COMBINED) (Turkish)",https://search.studyinturkiye.com/sit-program/phd-in-public-relations-and-publicity-combined-turkish/
"phd in PUBLIC LAW (COMBINED PhD) (Turkish)",https://search.studyinturkiye.com/sit-program/phd-in-public-law-combined-phd-turkish/
"phd in PRIVATE LAW (COMBINED PhD) (Turkish)",https://search.studyinturkiye.com/sit-program/phd-in-private-law-combined-phd-turkish/
"phd in PRESCHOOL EDUCATION (COMBINED PhD) (Turkish)",https://search.studyinturkiye.com/sit-program/phd-in-preschool-education-combined-phd-turkish/
"PHD IN POLITICAL SCIENCE AND INTERNATIONAL RELATIONS (COMBINED) (English)",https://search.studyinturkiye.com/sit-program/phd-in-political-science-and-international-relations-combined-english/
"phd in PHYSIOTHERAPY AND REHABILITATION (COMBINED PhD) (Turkish)",https://search.studyinturkiye.com/sit-program/phd-in-physiotherapy-and-rehabilitation-combined-phd-turkish/
"phd in PHYSICAL EDUCATION & SPORTS (COMBINED PhD) (Turkish)",https://search.studyinturkiye.com/sit-program/phd-in-physical-education-sports-combined-phd-turkish/
"Phd in OCCUPATIONAL HEALTH AND SAFETY (COMBINED PhD) (Turkish)",https://search.studyinturkiye.com/sit-program/phd-in-occupational-health-and-safety-combined-phd-turkish/
"phd in MEDICAL MICROBIOLOGY (COMBINED PhD) (Turkish)",https://search.studyinturkiye.com/sit-program/phd-in-medical-microbiology-combined-phd-turkish/
"phd in MECHANICAL ENGINEERING (COMBINED PhD) (English)",https://search.studyinturkiye.com/sit-program/phd-in-mechanical-engineering-combined-phd-english/
"phd in MECHANICAL ENGINEERING (COMBINED PhD) (Turkish)",https://search.studyinturkiye.com/sit-program/phd-in-mechanical-engineering-combined-phd-turkish/
"Phd in GRAPHIC DESIGN ART QUALIFICATION (COMBINED PhD) (Turkish)",https://search.studyinturkiye.com/sit-program/phd-in-graphic-design-art-qualification-combined-phd-turkish/
"Phd in FOOD SAFETY (COMBINED PhD) (Turkish)",https://search.studyinturkiye.com/sit-program/phd-in-food-safety-combined-phd-turkish/
"phd in FOOD ENGINEERING (COMBINED PhD) (Turkish)",https://search.studyinturkiye.com/sit-program/phd-in-food-engineering-combined-phd-turkish/
"Phd in ENGLISH LANGUAGE AND LITERATURE (COMBINED PhD) (English)",https://search.studyinturkiye.com/sit-program/phd-in-english-language-and-literature-combined-phd-english/
"Phd in COMPUTER ENGINEERING (COMBINED PhD) (Turkish)",https://search.studyinturkiye.com/sit-program/phd-in-computer-engineering-combined-phd-turkish/
"Phd in CLINICAL PSYCHOLOGY (COMBINED PhD) (Turkish)",https://search.studyinturkiye.com/sit-program/phd-in-clinical-psychology-combined-phd-turkish/
"Phd in CIVIL ENGINEERING (COMBINED PhD) (Turkish)",https://search.studyinturkiye.com/sit-program/phd-in-civil-engineering-combined-phd-turkish/
"Phd in CHILD DEVELOPMENT (COMBINED PhD) (Turkish)",https://search.studyinturkiye.com/sit-program/phd-in-child-development-combined-phd-turkish/
"Phd in BUSINESS MANAGEMENT (COMBINED PhD) (English)",https://search.studyinturkiye.com/sit-program/phd-in-business-management-combined-phd-english/
"Phd in BUSINESS MANAGEMENT (COMBINED PhD) (Turkish)",https://search.studyinturkiye.com/sit-program/phd-in-business-management-combined-phd-turkish/
"Phd in AUDIOLOGY (COMBINED PhD) (Turkish)",https://search.studyinturkiye.com/sit-program/phd-in-audiology-combined-phd-turkish/
"Phd in ARCHITECTURE (COMBINED PhD) (Turkish)",https://search.studyinturkiye.com/sit-program/phd-in-architecture-combined-phd-turkish/
"Phd in APPLIED PSYCHOLOGY (COMBINED PhD) (Turkish)",https://search.studyinturkiye.com/sit-program/phd-in-applied-psychology-combined-phd-turkish/
"Phd in ACCOUNTING AND AUDITING (COMBINED PhD) (Turkish)",https://search.studyinturkiye.com/sit-program/phd-in-accounting-and-auditing-combined-phd-turkish/
"PHD BUSINESS ADMINISTRATION PHD BRIDGING (Turkish)",https://search.studyinturkiye.com/sit-program/phd-business-administration-phd-bridging-turkish-2/
"Phd in CHILD DEVELOPMENT (Turkish)",https://search.studyinturkiye.com/sit-program/phd-in-child-development-turkish/
"Phd in Medical Pharmacolog (Non-Thesis) (Turkish)",https://search.studyinturkiye.com/sit-program/phd-in-medical-pharmacolog-non-thesis-turkish/
"Phd in Medical Pharmacolog (Thesis) (Turkish)",https://search.studyinturkiye.com/sit-program/phd-in-medical-pharmacolog-thesis-turkish/
"PhD in Pre-School Education (Turkish)",https://search.studyinturkiye.com/sit-program/phd-in-pre-school-education-turkish/
"PhD in Medical Microbiology (Turkish)",https://search.studyinturkiye.com/sit-program/phd-in-medical-microbiology-turkish-2/
"PhD in Clinical Psychology (Turkish)",https://search.studyinturkiye.com/sit-program/phd-in-clinical-psychology-turkish/
"PhD in Prosthodontics (Turkish)",https://search.studyinturkiye.com/sit-program/phd-in-prosthodontics-turkish/
"PhD in Mechanical Engineering (English)",https://search.studyinturkiye.com/sit-program/phd-in-mechanical-engineering-english-4/
"PhD in Mechanical Engineering (Turkish)",https://search.studyinturkiye.com/sit-program/phd-in-mechanical-engineering-turkish/
"PhD in Turkish Language and Literature (Turkish)",https://search.studyinturkiye.com/sit-program/phd-in-turkish-language-and-literature-turkish/
"PhD in Public Relations and Publicity (Turkish)",https://search.studyinturkiye.com/sit-program/phd-in-public-relations-and-publicity-turkish/
"PhD in Public Law (Turkish)",https://search.studyinturkiye.com/sit-program/phd-in-public-law-turkish-2/
"PhD in Prosthetic Dentistry (Turkish)",https://search.studyinturkiye.com/sit-program/phd-in-prosthetic-dentistry-turkish/
"PhD in Private Law (Turkish)",https://search.studyinturkiye.com/sit-program/phd-in-private-law-turkish-5/
"PhD in Political Science and International Relations (English)",https://search.studyinturkiye.com/sit-program/phd-in-political-science-and-international-relations-english-4/
"PhD in Physiotherapy and Rehabilitation (Turkish)",https://search.studyinturkiye.com/sit-program/phd-in-physiotherapy-and-rehabilitation-turkish-3/
"PhD in Physical Education and Sports (Turkish)",https://search.studyinturkiye.com/sit-program/phd-in-physical-education-and-sports-turkish-2/
"PhD in Periodontology (Turkish)",https://search.studyinturkiye.com/sit-program/phd-in-periodontology-turkish/
"PhD in Pediatric Dentistry (Turkish)",https://search.studyinturkiye.com/sit-program/phd-in-pediatric-dentistry-turkish/
"PhD in Orthodontics (Turkish)",https://search.studyinturkiye.com/sit-program/phd-in-orthodontics-turkish/
"PhD in Oral and Maxillofacial Surgery (Turkish)",https://search.studyinturkiye.com/sit-program/phd-in-oral-and-maxillofacial-surgery-turkish/
"PhD in Occupational Health and Safety (Turkish)",https://search.studyinturkiye.com/sit-program/phd-in-occupational-health-and-safety-turkish-2/
"PhD in Nutrition and Dietetics (Turkish)",https://search.studyinturkiye.com/sit-program/phd-in-nutrition-and-dietetics-turkish-3/
"PhD in GRAPHIC DESIGN ART QUALIFICATIO (Turkish)",https://search.studyinturkiye.com/sit-program/phd-in-graphic-design-art-qualificatio-turkish/
"PhD in Food Safety (Turkish)",https://search.studyinturkiye.com/sit-program/phd-in-food-safety-turkish/
"PhD in Food Engineering (Turkish)",https://search.studyinturkiye.com/sit-program/phd-in-food-engineering-turkish/
"PhD in English Language Teaching (English)",https://search.studyinturkiye.com/sit-program/phd-in-english-language-teaching-english/
"PhD in English Language and Literature (English)",https://search.studyinturkiye.com/sit-program/phd-in-english-language-and-literature-english-2/
"PhD in Endodontics (Turkish)",https://search.studyinturkiye.com/sit-program/phd-in-endodontics-turkish/
"PhD in Electrical and Electronics Engineering (English)",https://search.studyinturkiye.com/sit-program/phd-in-electrical-and-electronics-engineering-english-5/
"PhD in Computer Engineering (Turkish)",https://search.studyinturkiye.com/sit-program/phd-in-computer-engineering-turkish-3/
"PhD in Civil Engineering (Turkish)",https://search.studyinturkiye.com/sit-program/phd-in-civil-engineering-turkish-2/
"PhD in Cinema and TV (Turkish)",https://search.studyinturkiye.com/sit-program/phd-in-cinema-and-tv-turkish-2/
"PhD in Business Management (English)",https://search.studyinturkiye.com/sit-program/phd-in-business-management-english/
"PhD in Business Management (Turkish)",https://search.studyinturkiye.com/sit-program/phd-in-business-management-turkish/
"PhD in Audiology (Turkish)",https://search.studyinturkiye.com/sit-program/phd-in-audiology-turkish/
"PhD in Architecture (Turkish)",https://search.studyinturkiye.com/sit-program/phd-in-architecture-turkish-4/
"PhD in Applied Psychology (Turkish)",https://search.studyinturkiye.com/sit-program/phd-in-applied-psychology-turkish/
"PhD in Accounting and Auditing (Turkish)",https://search.studyinturkiye.com/sit-program/phd-in-accounting-and-auditing-turkish/
"Master of Business (Distance Education)) (Non-Thesis) (English)",https://search.studyinturkiye.com/sit-program/master-of-business-distance-education-non-thesis-english/
"MASTER OF EVALUATION AND ASSESSMENT IN EDUCATION (With Thesis) (Turkish)",https://search.studyinturkiye.com/sit-program/master-of-evaluation-and-assessment-in-education-with-thesis-turkish/
"MASTER OF EVALUATION AND ASSESSMENT IN EDUCATION (Non-Thesis) (Turkish)",https://search.studyinturkiye.com/sit-program/master-of-evaluation-and-assessment-in-education-non-thesis-turkish/
"Master of LOCAL GOVERMENTS AND DECENTRALIZATION (WithOutThesis)(DE (Turkish)",https://search.studyinturkiye.com/sit-program/master-of-local-goverments-and-decentralization-withoutthesisde-turkish/
"Master of Psychological Counseling and Guidance (With Thesis) (Turkish)",https://search.studyinturkiye.com/sit-program/master-of-psychological-counseling-and-guidance-with-thesis-turkish/
"Master of EDUCATIONAL TECHNOLOGY AND EDUCATIONAL DESIGN (Without Thesis) (Turkish)",https://search.studyinturkiye.com/sit-program/master-of-educational-technology-and-educational-design-without-thesis-turkish/
"Master of Acting (With Thesis) (Turkish)",https://search.studyinturkiye.com/sit-program/master-of-acting-with-thesis-turkish/
"Master of Energy Technologies (Non-Thesis) (English)",https://search.studyinturkiye.com/sit-program/master-of-energy-technologies-non-thesis-english/
"Master of Energy Technologies (Thesis) (English)",https://search.studyinturkiye.com/sit-program/master-of-energy-technologies-thesis-english/
"Master of International Relations and Terrorism Researches (Thesis) (Turkish)",https://search.studyinturkiye.com/sit-program/master-of-international-relations-and-terrorism-researches-thesis-turkish/
"Master of Journalism (Non-Thesis) (Turkish)",https://search.studyinturkiye.com/sit-program/master-of-journalism-non-thesis-turkish/
"Master of Journalism (Thesis) (Turkish)",https://search.studyinturkiye.com/sit-program/master-of-journalism-thesis-turkish/
"Master of Prothetic Dental Treatment (Non-Thesis) (Turkish)",https://search.studyinturkiye.com/sit-program/master-of-prothetic-dental-treatment-non-thesis-turkish/
"Master of Theater (Thesis) (Turkish)",https://search.studyinturkiye.com/sit-program/master-of-theater-thesis-turkish/
"Master of English Language Teaching (Non-Thesis) (English)",https://search.studyinturkiye.com/sit-program/master-of-english-language-teaching-non-thesis-english-2/
"Master of Health Care Management (Non-Thesis) (Turkish)",https://search.studyinturkiye.com/sit-program/master-of-health-care-management-non-thesis-turkish/
"Master of Civil Engineering Construction and Project Management (Non-Thesis) (Turkish)",https://search.studyinturkiye.com/sit-program/master-of-civil-engineering-construction-and-project-management-non-thesis-turkish/
"Master of Visual Arts (Thesis) (Turkish)",https://search.studyinturkiye.com/sit-program/master-of-visual-arts-thesis-turkish/
"Master of Urban Renewal (Thesis) (Turkish)",https://search.studyinturkiye.com/sit-program/master-of-urban-renewal-thesis-turkish-2/
"Master of Urban Design (Non-Thesis) (Turkish)",https://search.studyinturkiye.com/sit-program/master-of-urban-design-non-thesis-turkish/
"Master of TV and Film (Thesis) (Turkish)",https://search.studyinturkiye.com/sit-program/master-of-tv-and-film-thesis-turkish/
"Master of TV and Film (Non-Thesis) (Turkish)",https://search.studyinturkiye.com/sit-program/master-of-tv-and-film-non-thesis-turkish/
"Master of Turkish Language Education (Thesis) (Turkish)",https://search.studyinturkiye.com/sit-program/master-of-turkish-language-education-thesis-turkish/
"Master of Turkish Language and Literature (Thesis) (Turkish)",https://search.studyinturkiye.com/sit-program/master-of-turkish-language-and-literature-thesis-turkish-4/
"Master of Translation and Interpretation (Thesis) (Turkish)",https://search.studyinturkiye.com/sit-program/master-of-translation-and-interpretation-thesis-turkish/
"Master of Translation and Interpretation (Thesis) (Russian)",https://search.studyinturkiye.com/sit-program/master-of-translation-and-interpretation-thesis-russian/
"Master of Surgical Nursing(Thesis) (Turkish)",https://search.studyinturkiye.com/sit-program/master-of-surgical-nursingthesis-turkish/
"Master of Surgical Nursing(Non-Thesis) (Turkish)",https://search.studyinturkiye.com/sit-program/master-of-surgical-nursingnon-thesis-turkish/
"Master of Structural and Earthquake Engineering (Thesis) (Turkish)",https://search.studyinturkiye.com/sit-program/master-of-structural-and-earthquake-engineering-thesis-turkish/
"Master of Structural and Earthquake Engineering (Non-Thesis) (Turkish)",https://search.studyinturkiye.com/sit-program/master-of-structural-and-earthquake-engineering-non-thesis-turkish/
"Master of Strategic Marketing and Brand Management (Non-Thesis) (Turkish)",https://search.studyinturkiye.com/sit-program/master-of-strategic-marketing-and-brand-management-non-thesis-turkish-2/
"Master of Sociology (Thesis) (Turkish)",https://search.studyinturkiye.com/sit-program/master-of-sociology-thesis-turkish-4/
"Master of Social Work (Non-Thesis) (Turkish)",https://search.studyinturkiye.com/sit-program/master-of-social-work-non-thesis-turkish-3/
"Master of Social Services (Thesis) (Turkish)",https://search.studyinturkiye.com/sit-program/master-of-social-services-thesis-turkish/
"Master of Social Services (Non-Thesis) (Turkish)",https://search.studyinturkiye.com/sit-program/master-of-social-services-non-thesis-turkish/
"Master of Quality Management and Quality Assurance Systems (Thesis) (Turkish)",https://search.studyinturkiye.com/sit-program/master-of-quality-management-and-quality-assurance-systems-thesis-turkish/
"Master of Quality Management and Quality Assurance Systems (Non-Thesis) (Turkish)",https://search.studyinturkiye.com/sit-program/master-of-quality-management-and-quality-assurance-systems-non-thesis-turkish/
"Master of Public Relations and Publicity (Thesis) (Turkish)",https://search.studyinturkiye.com/sit-program/master-of-public-relations-and-publicity-thesis-turkish-2/
"Master of Public Relations and Publicity (Non-Thesis) (Turkish)",https://search.studyinturkiye.com/sit-program/master-of-public-relations-and-publicity-non-thesis-turkish-2/
"Master of Public Law (Thesis) (Turkish)",https://search.studyinturkiye.com/sit-program/master-of-public-law-thesis-turkish-8/
"Master of Public Law (Non-Thesis) (Turkish)",https://search.studyinturkiye.com/sit-program/master-of-public-law-non-thesis-turkish-5/
"Master of Psychology (Thesis) (English)",https://search.studyinturkiye.com/sit-program/master-of-psychology-thesis-english-4/
"Master of Psychology (Thesis) (Turkish)",https://search.studyinturkiye.com/sit-program/master-of-psychology-thesis-turkish-4/
"Master of Psychology (Non-Thesis) (English)",https://search.studyinturkiye.com/sit-program/master-of-psychology-non-thesis-english-2/
"Master of Psychology (Non-Thesis) (Turkish)",https://search.studyinturkiye.com/sit-program/master-of-psychology-non-thesis-turkish-3/
"Master of Private Law (Thesis) (Turkish)",https://search.studyinturkiye.com/sit-program/master-of-private-law-thesis-turkish-7/
"Master of Private Law (Non-Thesis) (Turkish)",https://search.studyinturkiye.com/sit-program/master-of-private-law-non-thesis-turkish-4/
"Master of Pre-School Education (Thesis) (Turkish)",https://search.studyinturkiye.com/sit-program/master-of-pre-school-education-thesis-turkish-4/
"Master of Pre-School Education (Non-Thesis) (Turkish)",https://search.studyinturkiye.com/sit-program/master-of-pre-school-education-non-thesis-turkish-3/
"Master of Political Science and International Relations (Thesis) (English)",https://search.studyinturkiye.com/sit-program/master-of-political-science-and-international-relations-thesis-english-4/
"Master of Political Science and International Relations (Non-Thesis) (English)",https://search.studyinturkiye.com/sit-program/master-of-political-science-and-international-relations-non-thesis-english-5/
"Master of Physiotherapy and Rehabilitation (Thesis) (Turkish)",https://search.studyinturkiye.com/sit-program/master-of-physiotherapy-and-rehabilitation-thesis-turkish-7/
"Master of Physiotherapy and Rehabilitation (Non-Thesis) (Turkish)",https://search.studyinturkiye.com/sit-program/master-of-physiotherapy-and-rehabilitation-non-thesis-turkish-4/
"Master of Physical Education and Sport (Thesis) (Turkish)",https://search.studyinturkiye.com/sit-program/master-of-physical-education-and-sport-thesis-turkish/
"Master of Philosophy (Thesis) (Turkish)",https://search.studyinturkiye.com/sit-program/master-of-philosophy-thesis-turkish-3/
"Master of Philosophy (Non-Thesis) (Turkish)",https://search.studyinturkiye.com/sit-program/master-of-philosophy-non-thesis-turkish/
"Master of Medical Pharmacology (Thesis) (Turkish)",https://search.studyinturkiye.com/sit-program/master-of-medical-pharmacology-thesis-turkish/
"Master of Medical Pharmacology (Non-Thesis) (Turkish)",https://search.studyinturkiye.com/sit-program/master-of-medical-pharmacology-non-thesis-turkish/
"Master of Periodontology(Thesis) (Turkish)",https://search.studyinturkiye.com/sit-program/master-of-periodontologythesis-turkish/
"Master of Performing Arts (Thesis) (Turkish)",https://search.studyinturkiye.com/sit-program/master-of-performing-arts-thesis-turkish/
"Master of Orthodontics (Thesis) (Turkish)",https://search.studyinturkiye.com/sit-program/master-of-orthodontics-thesis-turkish/
"Master of Orthodontics (Non-Thesis) (Turkish)",https://search.studyinturkiye.com/sit-program/master-of-orthodontics-non-thesis-turkish/
"Master of Occupational Health and Safety (Thesis) (Turkish)",https://search.studyinturkiye.com/sit-program/master-of-occupational-health-and-safety-thesis-turkish-3/
"Master of Occupational Health and Safety (Non-Thesis) (Turkish)",https://search.studyinturkiye.com/sit-program/master-of-occupational-health-and-safety-non-thesis-turkish-5/
"Master of Nutrition and Dietetics (Thesis) (Turkish)",https://search.studyinturkiye.com/sit-program/master-of-nutrition-and-dietetics-thesis-turkish-6/
"Master of New Media (Thesis) (Turkish)",https://search.studyinturkiye.com/sit-program/master-of-new-media-thesis-turkish/
"Master of New Media (Non-Thesis) (Turkish)",https://search.studyinturkiye.com/sit-program/master-of-new-media-non-thesis-turkish/
"Master of Mouth, Teeth and Jaw Surgery (Thesis) (Turkish)",https://search.studyinturkiye.com/sit-program/master-of-mouth-teeth-and-jaw-surgery-thesis-turkish/
"Master of Molecular Medicine (Thesis) (Turkish)",https://search.studyinturkiye.com/sit-program/master-of-molecular-medicine-thesis-turkish/
"Master of Molecular Medicine (Non-Thesis) (Turkish)",https://search.studyinturkiye.com/sit-program/master-of-molecular-medicine-non-thesis-turkish/
"Master of Medical Microbiology (Thesis) (Turkish)",https://search.studyinturkiye.com/sit-program/master-of-medical-microbiology-thesis-turkish-2/
"Master of Mechatronics Engineering (Thesis) (Turkish)",https://search.studyinturkiye.com/sit-program/master-of-mechatronics-engineering-thesis-turkish-2/
"Master of Mechanical Engineering (Thesis) (English)",https://search.studyinturkiye.com/sit-program/master-of-mechanical-engineering-thesis-english-5/
"Master of Mechanical Engineering (Thesis) (Turkish)",https://search.studyinturkiye.com/sit-program/master-of-mechanical-engineering-thesis-turkish-3/
"Master of Local Protective Tooth Treatment (Thesis) (Turkish)",https://search.studyinturkiye.com/sit-program/master-of-local-protective-tooth-treatment-thesis-turkish/
"Master of Local Protective Tooth Treatment (Non-Thesis) (Turkish)",https://search.studyinturkiye.com/sit-program/master-of-local-protective-tooth-treatment-non-thesis-turkish/
"Master of Local Government and Decentralization (Thesis) (Turkish)",https://search.studyinturkiye.com/sit-program/master-of-local-government-and-decentralization-thesis-turkish/
"Master of Local Government and Decentralization (Non-Thesis) (Turkish)",https://search.studyinturkiye.com/sit-program/master-of-local-government-and-decentralization-non-thesis-turkish/
"Master of IT Based Teaching Technologies (Non-Thesis) (Turkish)",https://search.studyinturkiye.com/sit-program/master-of-it-based-teaching-technologies-non-thesis-turkish/
"Master of International Relations and Intelligence Studies (Thesis) (Turkish)",https://search.studyinturkiye.com/sit-program/master-of-international-relations-and-intelligence-studies-thesis-turkish/
"Master of International Economics (Thesis) (Turkish)",https://search.studyinturkiye.com/sit-program/master-of-international-economics-thesis-turkish/
"Master of International Economics (Non-Thesis) (Turkish)",https://search.studyinturkiye.com/sit-program/master-of-international-economics-non-thesis-turkish/
"Master of Interior Design (Thesis) (Turkish)",https://search.studyinturkiye.com/sit-program/master-of-interior-design-thesis-turkish-2/
"Master of Interior Design (Non-Thesis) (Turkish)",https://search.studyinturkiye.com/sit-program/master-of-interior-design-non-thesis-turkish/
"Master of Information Technology Law (Thesis) (Turkish)",https://search.studyinturkiye.com/sit-program/master-of-information-technology-law-thesis-turkish-2/
"Master of Information Technology (Non-Thesis) (Turkish)",https://search.studyinturkiye.com/sit-program/master-of-information-technology-non-thesis-turkish-2/
"Master of Industrial Engineering (Thesis) (English)",https://search.studyinturkiye.com/sit-program/master-of-industrial-engineering-thesis-english-6/
"Master of Industrial Engineering (Non-Thesis) (English)",https://search.studyinturkiye.com/sit-program/master-of-industrial-engineering-non-thesis-english-3/
"Master of Human Resources Management (Thesis) (Turkish)",https://search.studyinturkiye.com/sit-program/master-of-human-resources-management-thesis-turkish/
"Master of Human Resources Management (Non-Thesis) (Turkish)",https://search.studyinturkiye.com/sit-program/master-of-human-resources-management-non-thesis-turkish-3/
"Master of History (Thesis) (Turkish)",https://search.studyinturkiye.com/sit-program/master-of-history-thesis-turkish-3/
"Master of Higher Education Administration (Thesis) (Turkish)",https://search.studyinturkiye.com/sit-program/master-of-higher-education-administration-thesis-turkish-2/
"Master of Health Management (Thesis) (Turkish)",https://search.studyinturkiye.com/sit-program/master-of-health-management-thesis-turkish-2/
"Master of Health Management (Non-Thesis) (Turkish)",https://search.studyinturkiye.com/sit-program/master-of-health-management-non-thesis-turkish-2/
"Master of Health Physics (Thesis) (Turkish)",https://search.studyinturkiye.com/sit-program/master-of-health-physics-thesis-turkish/
"Master of Guidance and Psychological Counseling (Non-Thesis) (Turkish)",https://search.studyinturkiye.com/sit-program/master-of-guidance-and-psychological-counseling-non-thesis-turkish-2/
"Master of Graphic Design (Thesis) (Turkish)",https://search.studyinturkiye.com/sit-program/master-of-graphic-design-thesis-turkish/
"Master of Food Safety (Thesis) (Turkish)",https://search.studyinturkiye.com/sit-program/master-of-food-safety-thesis-turkish/
"Master of Food Engineering (Thesis) (Turkish)",https://search.studyinturkiye.com/sit-program/master-of-food-engineering-thesis-turkish/
"Master of Family Counseling (Thesis) (Turkish)",https://search.studyinturkiye.com/sit-program/master-of-family-counseling-thesis-turkish-3/
"Master of Family Counseling (Non-Thesis) (Turkish)",https://search.studyinturkiye.com/sit-program/master-of-family-counseling-non-thesis-turkish-3/
"Master of English Language Teaching (Thesis) (English)",https://search.studyinturkiye.com/sit-program/master-of-english-language-teaching-thesis-english-3/
"Master of English Language and Literature (Thesis) (English)",https://search.studyinturkiye.com/sit-program/master-of-english-language-and-literature-thesis-english-4/
"Master of Elementary Education (Thesis) (Turkish)",https://search.studyinturkiye.com/sit-program/master-of-elementary-education-thesis-turkish/
"Master of Elementary Education (Non-Thesis) (Turkish)",https://search.studyinturkiye.com/sit-program/master-of-elementary-education-non-thesis-turkish/
"Master of Electrical and Electronics Engineering(Thesis) (Turkish)",https://search.studyinturkiye.com/sit-program/master-of-electrical-and-electronics-engineeringthesis-turkish-4/
"Master of Electrical and Electronics Engineering (Thesis) (English)",https://search.studyinturkiye.com/sit-program/master-of-electrical-and-electronics-engineering-thesis-english-8/
"Master of Electrical and Electronics Engineering(Non-Thesis) (English)",https://search.studyinturkiye.com/sit-program/master-of-electrical-and-electronics-engineeringnon-thesis-english-4/
"Master of Educational Administration (Thesis) (Turkish)",https://search.studyinturkiye.com/sit-program/master-of-educational-administration-thesis-turkish/
"Master of Educational Administration (Non-Thesis) (Turkish)",https://search.studyinturkiye.com/sit-program/master-of-educational-administration-non-thesis-turkish/
"Master of Education Program and Instruction (Thesis) (Turkish)",https://search.studyinturkiye.com/sit-program/master-of-education-program-and-instruction-thesis-turkish/
"Master of Education Program and Instruction (Non-Thesis) (Turkish)",https://search.studyinturkiye.com/sit-program/master-of-education-program-and-instruction-non-thesis-turkish/
"Master of E-Business Management (Non-Thesis) (Distance Education) (Turkish)",https://search.studyinturkiye.com/sit-program/master-of-e-business-management-non-thesis-distance-education-turkish/
"Master of Digital Marketing (Non-Thesis) (Turkish)",https://search.studyinturkiye.com/sit-program/master-of-digital-marketing-non-thesis-turkish/
"Master of Cyber Security (Non-Thesis) (English)",https://search.studyinturkiye.com/sit-program/master-of-cyber-security-non-thesis-english-5/
"Master of Computer Engineering (Thesis) (English)",https://search.studyinturkiye.com/sit-program/master-of-computer-engineering-thesis-english-11/
"Master of Computer Engineering (Thesis) (Turkish)",https://search.studyinturkiye.com/sit-program/master-of-computer-engineering-thesis-turkish-4/
"Master of Computer Engineering (Non-Thesis) (English)",https://search.studyinturkiye.com/sit-program/master-of-computer-engineering-non-thesis-english-7/
"Master of Clinical Psychology (Thesis) (Turkish)",https://search.studyinturkiye.com/sit-program/master-of-clinical-psychology-thesis-turkish-6/
"Master of Clinical Psychology (Non-Thesis) (Turkish)",https://search.studyinturkiye.com/sit-program/master-of-clinical-psychology-non-thesis-turkish-4/
"Master of Civil Engineering (Thesis) (Turkish)",https://search.studyinturkiye.com/sit-program/master-of-civil-engineering-thesis-turkish-3/
"Master of Child Development (Thesis) (Turkish)",https://search.studyinturkiye.com/sit-program/master-of-child-development-thesis-turkish-3/
"Master of Child Development (Non-Thesis) (Turkish)",https://search.studyinturkiye.com/sit-program/master-of-child-development-non-thesis-turkish-3/
"Master of Business Management for Business Manager (Non-Thesis) (English)",https://search.studyinturkiye.com/sit-program/master-of-business-management-for-business-manager-non-thesis-english-2/
"Master of Business Management for Business Manager (Non-Thesis) (Turkish)",https://search.studyinturkiye.com/sit-program/master-of-business-management-for-business-manager-non-thesis-turkish-2/
"Master of Business Administration (Thesis) (English)",https://search.studyinturkiye.com/sit-program/master-of-business-administration-thesis-english-14/
"Master of Business Administration (Thesis) (Turkish)",https://search.studyinturkiye.com/sit-program/master-of-business-administration-thesis-turkish-10/
"Master of Banking and Insurance (Thesis) (Turkish)",https://search.studyinturkiye.com/sit-program/master-of-banking-and-insurance-thesis-turkish/
"Master of Banking and Insurance (Non-Thesis) (Turkish)",https://search.studyinturkiye.com/sit-program/master-of-banking-and-insurance-non-thesis-turkish/
"Master of Banking and Finance (Non-Thesis) (Online) (Turkish)",https://search.studyinturkiye.com/sit-program/master-of-banking-and-finance-non-thesis-online-turkish-2/
"Master of Audiology (Thesis) (Turkish)",https://search.studyinturkiye.com/sit-program/master-of-audiology-thesis-turkish-2/
"Master of Arts in Gastronomy (Thesis) (Turkish)",https://search.studyinturkiye.com/sit-program/master-of-arts-in-gastronomy-thesis-turkish/
"Master of Arts in Gastronomy (Non-Thesis) (Turkish)",https://search.studyinturkiye.com/sit-program/master-of-arts-in-gastronomy-non-thesis-turkish/
"Master of Artificial Intelligence and Data Science (Thesis) (English)",https://search.studyinturkiye.com/sit-program/master-of-artificial-intelligence-and-data-science-thesis-english/
"Master of Architecture (Thesis) (Turkish)",https://search.studyinturkiye.com/sit-program/master-of-architecture-thesis-turkish-6/
"Master of Architecture (Non-Thesis) (Turkish)",https://search.studyinturkiye.com/sit-program/master-of-architecture-non-thesis-turkish-3/
"Master of Architectural Design (Thesis) (Turkish)",https://search.studyinturkiye.com/sit-program/master-of-architectural-design-thesis-turkish-2/
"Master of Architectural Design (Non-Thesis) (Turkish)",https://search.studyinturkiye.com/sit-program/master-of-architectural-design-non-thesis-turkish-2/
"Master of Arabic Language and Training (Thesis) (Turkish)",https://search.studyinturkiye.com/sit-program/master-of-arabic-language-and-training-thesis-turkish/
"Master of Arabic Language and Training (Non-Thesis) (Turkish)",https://search.studyinturkiye.com/sit-program/master-of-arabic-language-and-training-non-thesis-turkish/
"Master of Aerospace Engineering (Thesis) (English)",https://search.studyinturkiye.com/sit-program/master-of-aerospace-engineering-thesis-english/
"Master of Accounting and Auditing (Thesis) (English)",https://search.studyinturkiye.com/sit-program/master-of-accounting-and-auditing-thesis-english/
"Master of Accounting and Auditing (Thesis) (Turkish)",https://search.studyinturkiye.com/sit-program/master-of-accounting-and-auditing-thesis-turkish-2/
"Master of Accounting and Auditing (Non-Thesis) (English)",https://search.studyinturkiye.com/sit-program/master-of-accounting-and-auditing-non-thesis-english/
"Master of Accounting and Auditing (Non-Thesis) (Turkish)",https://search.studyinturkiye.com/sit-program/master-of-accounting-and-auditing-non-thesis-turkish/
"Bachelor of Russian Translator and translation (Turkish)",https://search.studyinturkiye.com/sit-program/bachelor-of-russian-translator-and-translation-turkish/
"Bachelor of English Translator and Translator (English)",https://search.studyinturkiye.com/sit-program/bachelor-of-english-translator-and-translator-english/
"Bachelor Of Coaching Education (Turkish)",https://search.studyinturkiye.com/sit-program/bachelor-of-coaching-education-turkish/
"Bachelor of Sport Administration (Turkish)",https://search.studyinturkiye.com/sit-program/bachelor-of-sport-administration-turkish/
"Bachelor of Software Development (English)",https://search.studyinturkiye.com/sit-program/bachelor-of-software-development-english/
"Bachelor of Physical Education and Sports Teaching (Turkish)",https://search.studyinturkiye.com/sit-program/bachelor-of-physical-education-and-sports-teaching-turkish-2/
"Bachelor of Public Relations (Turkish)",https://search.studyinturkiye.com/sit-program/bachelor-of-public-relations-turkish/
"Bachelor of Pharmacy (Turkish)",https://search.studyinturkiye.com/sit-program/bachelor-of-pharmacy-turkish-5/
"Bachelor of Visual Communication Design (Turkish)",https://search.studyinturkiye.com/sit-program/bachelor-of-visual-communication-design-turkish-6/
"Bachelor of TV News and TV Program Making (Turkish)",https://search.studyinturkiye.com/sit-program/bachelor-of-tv-news-and-tv-program-making-turkish/
"Bachelor of Turkish Language Education (Turkish)",https://search.studyinturkiye.com/sit-program/bachelor-of-turkish-language-education-turkish/
"Bachelor of Turkish Language and Literature (Turkish)",https://search.studyinturkiye.com/sit-program/bachelor-of-turkish-language-and-literature-turkish-6/
"Bachelor of Translation and Interpretation (Turkish)",https://search.studyinturkiye.com/sit-program/bachelor-of-translation-and-interpretation-turkish-2/
"Bachelor of Translation and Interpretation (Arabic)",https://search.studyinturkiye.com/sit-program/bachelor-of-translation-and-interpretation-arabic/
"Bachelor of Theater Studies (Turkish)",https://search.studyinturkiye.com/sit-program/bachelor-of-theater-studies-turkish/
"Bachelor of Special Education Teaching (Turkish)",https://search.studyinturkiye.com/sit-program/bachelor-of-special-education-teaching-turkish-4/
"Bachelor of Software Engineering (English)",https://search.studyinturkiye.com/sit-program/bachelor-of-software-engineering-english-12/
"Bachelor of Sociology (Turkish)",https://search.studyinturkiye.com/sit-program/bachelor-of-sociology-turkish-5/
"Bachelor of Social Services (Turkish)",https://search.studyinturkiye.com/sit-program/bachelor-of-social-services-turkish-2/
"Bachelor of Recreation (Turkish)",https://search.studyinturkiye.com/sit-program/bachelor-of-recreation-turkish-2/
"Bachelor of Radio, Cinema and TV (Turkish)",https://search.studyinturkiye.com/sit-program/bachelor-of-radio-cinema-and-tv-turkish-6/
"Bachelor of Public Administration (Turkish)",https://search.studyinturkiye.com/sit-program/bachelor-of-public-administration-turkish/
"Bachelor of Psychology (Turkish)",https://search.studyinturkiye.com/sit-program/bachelor-of-psychology-turkish-9/
"Bachelor of Psychological Counseling and Guidance (Turkish)",https://search.studyinturkiye.com/sit-program/bachelor-of-psychological-counseling-and-guidance-turkish-2/
"Bachelor of Pre-School Teaching (Turkish)",https://search.studyinturkiye.com/sit-program/bachelor-of-pre-school-teaching-turkish-3/
"Bachelor of Political Science and International Relations (English)",https://search.studyinturkiye.com/sit-program/bachelor-of-political-science-and-international-relations-english-9/
"Bachelor of Physiotherapy and Rehabilitation (Turkish)",https://search.studyinturkiye.com/sit-program/bachelor-of-physiotherapy-and-rehabilitation-turkish-9/
"Bachelor of Nutrition and Dietetics (English)",https://search.studyinturkiye.com/sit-program/bachelor-of-nutrition-and-dietetics-english-4/
"Bachelor of Nutrition and Dietetics (Turkish)",https://search.studyinturkiye.com/sit-program/bachelor-of-nutrition-and-dietetics-turkish-9/
"Bachelor of Nursing (Turkish)",https://search.studyinturkiye.com/sit-program/bachelor-of-nursing-turkish-14/
"Bachelor of New Media and Communication (Turkish)",https://search.studyinturkiye.com/sit-program/bachelor-of-new-media-and-communication-turkish-2/
"Bachelor of Music Education (Turkish)",https://search.studyinturkiye.com/sit-program/bachelor-of-music-education-turkish-2/
"Bachelor of Medicine (English)",https://search.studyinturkiye.com/sit-program/bachelor-of-medicine-english-12/
"Bachelor of Medicine (Turkish)",https://search.studyinturkiye.com/sit-program/bachelor-of-medicine-turkish-8/
"Bachelor of Mechanical Engineering (English)",https://search.studyinturkiye.com/sit-program/bachelor-of-mechanical-engineering-english-13/
"Bachelor of Mechanical Engineering (Turkish)",https://search.studyinturkiye.com/sit-program/bachelor-of-mechanical-engineering-turkish-4/
"Bachelor of Mathematics Teaching for Primary Schools (Turkish)",https://search.studyinturkiye.com/sit-program/bachelor-of-mathematics-teaching-for-primary-schools-turkish/
"Bachelor of Management Information Systems (English)",https://search.studyinturkiye.com/sit-program/bachelor-of-management-information-systems-english-8/
"Bachelor of Management Information Systems (Turkish)",https://search.studyinturkiye.com/sit-program/bachelor-of-management-information-systems-turkish-10/
"Bachelor of Business Management (Turkish)",https://search.studyinturkiye.com/sit-program/bachelor-of-business-management-turkish/
"Bachelor of Law (Turkish)",https://search.studyinturkiye.com/sit-program/bachelor-of-law-turkish-11/
"Bachelor of Journalism (Turkish)",https://search.studyinturkiye.com/sit-program/bachelor-of-journalism-turkish-4/
"Bachelor of International Trade (English)",https://search.studyinturkiye.com/sit-program/bachelor-of-international-trade-english/
"Bachelor of Interior Architecture (Turkish)",https://search.studyinturkiye.com/sit-program/bachelor-of-interior-architecture-turkish-6/
"Bachelor of Industrial Product Design (Turkish)",https://search.studyinturkiye.com/sit-program/bachelor-of-industrial-product-design-turkish-2/
"Bachelor of Industrial Engineering (English)",https://search.studyinturkiye.com/sit-program/bachelor-of-industrial-engineering-english-14/
"Bachelor of History (Turkish)",https://search.studyinturkiye.com/sit-program/bachelor-of-history-turkish-5/
"Bachelor of Health Management (Turkish)",https://search.studyinturkiye.com/sit-program/bachelor-of-health-management-turkish-4/
"Bachelor of Graphic Design (Turkish)",https://search.studyinturkiye.com/sit-program/bachelor-of-graphic-design-turkish-5/
"Bachelor of Gastronomy and Culinary Arts (Turkish)",https://search.studyinturkiye.com/sit-program/bachelor-of-gastronomy-and-culinary-arts-turkish-9/
"Bachelor of Food Engineering (Turkish)",https://search.studyinturkiye.com/sit-program/bachelor-of-food-engineering-turkish-2/
"Bachelor of Fashion and Textile Design (Turkish)",https://search.studyinturkiye.com/sit-program/bachelor-of-fashion-and-textile-design-turkish-3/
"Bachelor of English Language Teacher Education (English)",https://search.studyinturkiye.com/sit-program/bachelor-of-english-language-teacher-education-english-2/
"Bachelor of English Language and Literature (English)",https://search.studyinturkiye.com/sit-program/bachelor-of-english-language-and-literature-english-10/
"Bachelor of Elementary School Education (Turkish)",https://search.studyinturkiye.com/sit-program/bachelor-of-elementary-school-education-turkish/
"Bachelor of Electrical and Electronics Engineering (English)",https://search.studyinturkiye.com/sit-program/bachelor-of-electrical-and-electronics-engineering-english-19/
"Bachelor of Economics and Finance (English)",https://search.studyinturkiye.com/sit-program/bachelor-of-economics-and-finance-english-3/
"Bachelor of Economics and Finance (Turkish)",https://search.studyinturkiye.com/sit-program/bachelor-of-economics-and-finance-turkish-2/
"Bachelor of Drama and Acting (Turkish)",https://search.studyinturkiye.com/sit-program/bachelor-of-drama-and-acting-turkish/
"Bachelor of Digital Game Design (Turkish)",https://search.studyinturkiye.com/sit-program/bachelor-of-digital-game-design-turkish-5/
"Bachelor of Dentistry (English)",https://search.studyinturkiye.com/sit-program/bachelor-of-dentistry-english-15/
"Bachelor of Dentistry (Turkish)",https://search.studyinturkiye.com/sit-program/bachelor-of-dentistry-turkish-12/
"Bachelor of Computer Engineering (English)",https://search.studyinturkiye.com/sit-program/bachelor-of-computer-engineering-english-23/
"Bachelor of Civil Engineering (English)",https://search.studyinturkiye.com/sit-program/bachelor-of-civil-engineering-english-15/
"Bachelor of Civil Engineering (Turkish)",https://search.studyinturkiye.com/sit-program/bachelor-of-civil-engineering-turkish-6/
"Bachelor of Child Development (Turkish)",https://search.studyinturkiye.com/sit-program/bachelor-of-child-development-turkish-6/
"Bachelor of Cartoon and Animation (Turkish)",https://search.studyinturkiye.com/sit-program/bachelor-of-cartoon-and-animation-turkish-4/
"Bachelor of Business Administration (Turkish)",https://search.studyinturkiye.com/sit-program/bachelor-of-business-administration-turkish-8/
"Bachelor of Business Administration (English)",https://search.studyinturkiye.com/sit-program/bachelor-of-business-administration-english-17/
"Bachelor of Aviation Management (English)",https://search.studyinturkiye.com/sit-program/bachelor-of-aviation-management-english-4/
"Bachelor of Audiology (Turkish)",https://search.studyinturkiye.com/sit-program/bachelor-of-audiology-turkish-8/
"Bachelor of Arts Management (Turkish)",https://search.studyinturkiye.com/sit-program/bachelor-of-arts-management-turkish/
"Bachelor of Architecture (English)",https://search.studyinturkiye.com/sit-program/bachelor-of-architecture-english-16/
"Bachelor of Architecture (Turkish)",https://search.studyinturkiye.com/sit-program/bachelor-of-architecture-turkish-9/
"Bachelor of Arabic Language Teaching (Turkish)",https://search.studyinturkiye.com/sit-program/bachelor-of-arabic-language-teaching-turkish/
"Bachelor of Aerospace Engineering (English)",https://search.studyinturkiye.com/sit-program/bachelor-of-aerospace-engineering-english/
"Bachelor of Advertising (Turkish)",https://search.studyinturkiye.com/sit-program/bachelor-of-advertising-turkish-2/
"Bachelor of Accounting and Finance Management (Turkish)",https://search.studyinturkiye.com/sit-program/bachelor-of-accounting-and-finance-management-turkish/
"Associate of Laboratorian and Vet Health (Turkish)",https://search.studyinturkiye.com/sit-program/associate-of-laboratorian-and-vet-health-turkish/
"Associate of Electrical and Electronic Technologies (Turkish)",https://search.studyinturkiye.com/sit-program/associate-of-electrical-and-electronic-technologies-turkish/
"Associate of Construction and Technical Drawing Technologies (Turkish)",https://search.studyinturkiye.com/sit-program/associate-of-construction-and-technical-drawing-technologies-turkish/
"Associate of Occupational and Safety (Turkish)",https://search.studyinturkiye.com/sit-program/associate-of-occupational-and-safety-turkish/
"Associate of Midwifery (Turkish)",https://search.studyinturkiye.com/sit-program/associate-of-midwifery-turkish/
"Associate of Cinematography (English)",https://search.studyinturkiye.com/sit-program/associate-of-cinematography-english/
"Associate of Electronic Technology (English)",https://search.studyinturkiye.com/sit-program/associate-of-electronic-technology-english/
"Associate of Electronic Technology (Turkish)",https://search.studyinturkiye.com/sit-program/associate-of-electronic-technology-turkish-2/
"Associate of Gastronomy and Culinary Arts (Turkish)",https://search.studyinturkiye.com/sit-program/associate-of-gastronomy-and-culinary-arts-turkish/
"Associate of Opticianry (Turkish)",https://search.studyinturkiye.com/sit-program/associate-of-opticianry-turkish-11/
"Associate of Medical Laboratory Techniques (Turkish)",https://search.studyinturkiye.com/sit-program/associate-of-medical-laboratory-techniques-turkish-9/
"Associate of Visual Communication (Turkish)",https://search.studyinturkiye.com/sit-program/associate-of-visual-communication-turkish/
"Associate of Tourism and Hotel Management (English)",https://search.studyinturkiye.com/sit-program/associate-of-tourism-and-hotel-management-english/
"Associate of Sports Management (English)",https://search.studyinturkiye.com/sit-program/associate-of-sports-management-english/
"Associate of Radiotherapy (Turkish)",https://search.studyinturkiye.com/sit-program/associate-of-radiotherapy-turkish-7/
"Associate of Radio and TV (Turkish)",https://search.studyinturkiye.com/sit-program/associate-of-radio-and-tv-turkish/
"Associate of Physiotherapy (English)",https://search.studyinturkiye.com/sit-program/associate-of-physiotherapy-english-3/
"Associate of Physiotherapy (Turkish)",https://search.studyinturkiye.com/sit-program/associate-of-physiotherapy-turkish-13/
"Associate of Photography and Cameramanship (Turkish)",https://search.studyinturkiye.com/sit-program/associate-of-photography-and-cameramanship-turkish-2/
"Associate of Pharmacy Services (English)",https://search.studyinturkiye.com/sit-program/associate-of-pharmacy-services-english-2/
"Associate of Perfusion Techniques (Turkish)",https://search.studyinturkiye.com/sit-program/associate-of-perfusion-techniques-turkish-3/
"Associate of Pathology Laboratory Techniques (Turkish)",https://search.studyinturkiye.com/sit-program/associate-of-pathology-laboratory-techniques-turkish-6/
"Associate of Orthopedic Prosthetics and Orthotics (Turkish)",https://search.studyinturkiye.com/sit-program/associate-of-orthopedic-prosthetics-and-orthotics-turkish-4/
"Associate of Oral and Dental Health (English)",https://search.studyinturkiye.com/sit-program/associate-of-oral-and-dental-health-english/
"Associate of Oral and Dental Health (Turkish)",https://search.studyinturkiye.com/sit-program/associate-of-oral-and-dental-health-turkish-12/
"Associate of Operation Room Services (English)",https://search.studyinturkiye.com/sit-program/associate-of-operation-room-services-english/
"Associate of Operation Room Services (Turkish)",https://search.studyinturkiye.com/sit-program/associate-of-operation-room-services-turkish-4/
"Associate of Medical Imaging Techniques (English)",https://search.studyinturkiye.com/sit-program/associate-of-medical-imaging-techniques-english/
"Associate of Medical Imaging Techniques (Turkish)",https://search.studyinturkiye.com/sit-program/associate-of-medical-imaging-techniques-turkish-13/
"Associate of Medical Documentation and Secretarial (Turkish)",https://search.studyinturkiye.com/sit-program/associate-of-medical-documentation-and-secretarial-turkish-5/
"Associate of Medical Documentation and Secretarial (English)",https://search.studyinturkiye.com/sit-program/associate-of-medical-documentation-and-secretarial-english/
"Associate of Justice (Turkish)",https://search.studyinturkiye.com/sit-program/associate-of-justice-turkish-7/
"Associate of International Trade (Turkish)",https://search.studyinturkiye.com/sit-program/associate-of-international-trade-turkish/
"Associate of Hair Care and Beauty Services (Turkish)",https://search.studyinturkiye.com/sit-program/associate-of-hair-care-and-beauty-services-turkish-4/
"Associate of Graphic Design (Turkish)",https://search.studyinturkiye.com/sit-program/associate-of-graphic-design-turkish-7/
"Associate of First Aid and Emergency (English)",https://search.studyinturkiye.com/sit-program/associate-of-first-aid-and-emergency-english-2/
"Associate of First Aid and Emergency (Turkish)",https://search.studyinturkiye.com/sit-program/associate-of-first-aid-and-emergency-turkish-12/
"Associate of Electroneurophysiology (Turkish)",https://search.studyinturkiye.com/sit-program/associate-of-electroneurophysiology-turkish-7/
"Associate of Elderly Care (Turkish)",https://search.studyinturkiye.com/sit-program/associate-of-elderly-care-turkish-3/
"Associate of Dialysis (English)",https://search.studyinturkiye.com/sit-program/associate-of-dialysis-english/
"Associate of Dialysis (Turkish)",https://search.studyinturkiye.com/sit-program/associate-of-dialysis-turkish-10/
"Associate of Construction Technology (Turkish)",https://search.studyinturkiye.com/sit-program/associate-of-construction-technology-turkish-8/
"Associate of Computer Technologies (Turkish)",https://search.studyinturkiye.com/sit-program/associate-of-computer-technologies-turkish-3/
"Associate of Computer Programming (Turkish)",https://search.studyinturkiye.com/sit-program/associate-of-computer-programming-turkish-10/
"Associate of Computer Programming (English)",https://search.studyinturkiye.com/sit-program/associate-of-computer-programming-english-4/
"Associate of Child Development (Turkish)",https://search.studyinturkiye.com/sit-program/associate-of-child-development-turkish-9/
"Associate of Biomedical Device Technology (Turkish)",https://search.studyinturkiye.com/sit-program/associate-of-biomedical-device-technology-turkish-7/
"Associate of Banking and Insurance (English)",https://search.studyinturkiye.com/sit-program/associate-of-banking-and-insurance-english/
"Associate of Banking and Insurance (Turkish)",https://search.studyinturkiye.com/sit-program/associate-of-banking-and-insurance-turkish-5/
"Associate of Automotive Technology (Turkish)",https://search.studyinturkiye.com/sit-program/associate-of-automotive-technology-turkish-3/
"Associate of Audiometry (Turkish)",https://search.studyinturkiye.com/sit-program/associate-of-audiometry-turkish-10/
"Associate of Architecture (Turkish)",https://search.studyinturkiye.com/sit-program/associate-of-architecture-turkish/
"Associate of Applied English and Translation (English)",https://search.studyinturkiye.com/sit-program/associate-of-applied-english-and-translation-english-2/
"Associate of Anesthesia (Turkish)",https://search.studyinturkiye.com/sit-program/associate-of-anesthesia-turkish-16/
"Associate of Alternative Energy Sources (Turkish)",https://search.studyinturkiye.com/sit-program/associate-of-alternative-energy-sources-turkish/
"Associate of Accounting and Taxation (Turkish)",https://search.studyinturkiye.com/sit-program/associate-of-accounting-and-taxation-turkish-3/
"Associate of Accounting and Taxation (English)",https://search.studyinturkiye.com/sit-program/associate-of-accounting-and-taxation-english-2/
"PhD in Prosthodontics (Turkish)",https://search.studyinturkiye.com/sit-program/phd-in-prosthodontics-turkish-2/
"PhD in Mechanical Engineering (English)",https://search.studyinturkiye.com/sit-program/phd-in-mechanical-engineering-english-5/
"PhD in Toxicology (Turkish)",https://search.studyinturkiye.com/sit-program/phd-in-toxicology-turkish/
"PhD in Toxicology (English)",https://search.studyinturkiye.com/sit-program/phd-in-toxicology-english/
"PhD in Tourism and Hotel Management (English)",https://search.studyinturkiye.com/sit-program/phd-in-tourism-and-hotel-management-english/
"PhD in Restorative Dentistry (Turkish)",https://search.studyinturkiye.com/sit-program/phd-in-restorative-dentistry-turkish/
"PhD in Public Law (Turkish)",https://search.studyinturkiye.com/sit-program/phd-in-public-law-turkish-3/
"PhD in Private Law (Turkish)",https://search.studyinturkiye.com/sit-program/phd-in-private-law-turkish-6/
"PhD in Political Science and International Relations (English)",https://search.studyinturkiye.com/sit-program/phd-in-political-science-and-international-relations-english-5/
"PhD in Phytotherapy (Turkish)",https://search.studyinturkiye.com/sit-program/phd-in-phytotherapy-turkish/
"PhD in Phytotherapy (English)",https://search.studyinturkiye.com/sit-program/phd-in-phytotherapy-english/
"PhD in Physical Education and Sports Education (Turkish)",https://search.studyinturkiye.com/sit-program/phd-in-physical-education-and-sports-education-turkish/
"PhD in Pharmacology (Turkish)",https://search.studyinturkiye.com/sit-program/phd-in-pharmacology-turkish/
"PhD in Pharmacology (English)",https://search.studyinturkiye.com/sit-program/phd-in-pharmacology-english/
"PhD in Pharmacognosy (English)",https://search.studyinturkiye.com/sit-program/phd-in-pharmacognosy-english-2/
"PhD in Pharmacognosy (Turkish)",https://search.studyinturkiye.com/sit-program/phd-in-pharmacognosy-turkish/
"PhD in Pharmaceutical Technology (Turkish)",https://search.studyinturkiye.com/sit-program/phd-in-pharmaceutical-technology-turkish/
"PhD in Pharmaceutical Technology (English)",https://search.studyinturkiye.com/sit-program/phd-in-pharmaceutical-technology-english/
"PhD in Pharmaceutical Chemistry (Turkish)",https://search.studyinturkiye.com/sit-program/phd-in-pharmaceutical-chemistry-turkish-2/
"PhD in Pharmaceutical Chemistry (English)",https://search.studyinturkiye.com/sit-program/phd-in-pharmaceutical-chemistry-english-2/
"PhD in Pharmaceutical Botany (English)",https://search.studyinturkiye.com/sit-program/phd-in-pharmaceutical-botany-english/
"PhD in Pharmaceutical Botany (Turkish)",https://search.studyinturkiye.com/sit-program/phd-in-pharmaceutical-botany-turkish/
"PhD in Pedodontics (Turkish)",https://search.studyinturkiye.com/sit-program/phd-in-pedodontics-turkish/
"PhD in Orthodontics (Turkish)",https://search.studyinturkiye.com/sit-program/phd-in-orthodontics-turkish-2/
"PhD in Oral and Maxillofacial Surgery (Turkish)",https://search.studyinturkiye.com/sit-program/phd-in-oral-and-maxillofacial-surgery-turkish-2/
"PhD in Nutrition and Dietetics (Turkish)",https://search.studyinturkiye.com/sit-program/phd-in-nutrition-and-dietetics-turkish-4/
"PhD in Nursing (English)",https://search.studyinturkiye.com/sit-program/phd-in-nursing-english-2/
"PhD in Nursing (Turkish)",https://search.studyinturkiye.com/sit-program/phd-in-nursing-turkish-3/
"PhD in Medical Biochemistry (English)",https://search.studyinturkiye.com/sit-program/phd-in-medical-biochemistry-english/
"PhD in Media and Communication Studies (English)",https://search.studyinturkiye.com/sit-program/phd-in-media-and-communication-studies-english/
"PhD in International Relations (English)",https://search.studyinturkiye.com/sit-program/phd-in-international-relations-english-3/
"PhD in Interior Design (English)",https://search.studyinturkiye.com/sit-program/phd-in-interior-design-english/
"PhD in Innovation and Knowledge Management (English)",https://search.studyinturkiye.com/sit-program/phd-in-innovation-and-knowledge-management-english/
"PhD in Gynecology and Obstetrics (Turkish)",https://search.studyinturkiye.com/sit-program/phd-in-gynecology-and-obstetrics-turkish/
"PhD in Gynecology and Obstetrics (English)",https://search.studyinturkiye.com/sit-program/phd-in-gynecology-and-obstetrics-english/
"PhD in General Psychology (English)",https://search.studyinturkiye.com/sit-program/phd-in-general-psychology-english/
"PhD in Food Hygiene and Technology (Turkish)",https://search.studyinturkiye.com/sit-program/phd-in-food-hygiene-and-technology-turkish/
"PhD in Endodontics (Turkish)",https://search.studyinturkiye.com/sit-program/phd-in-endodontics-turkish-2/
"PhD in Electrical and Electronics Engineering (English)",https://search.studyinturkiye.com/sit-program/phd-in-electrical-and-electronics-engineering-english-6/
"PhD in Economics (English)",https://search.studyinturkiye.com/sit-program/phd-in-economics-english-4/
"PhD in Dentomaxillofacial Radiology (Turkish)",https://search.studyinturkiye.com/sit-program/phd-in-dentomaxillofacial-radiology-turkish/
"PhD in Computer Information Systems (English)",https://search.studyinturkiye.com/sit-program/phd-in-computer-information-systems-english/
"PhD in Computer Engineering (English)",https://search.studyinturkiye.com/sit-program/phd-in-computer-engineering-english-7/
"PhD in Clinical Pharmacy (English)",https://search.studyinturkiye.com/sit-program/phd-in-clinical-pharmacy-english/
"PhD in Clinical Pharmacy (Turkish)",https://search.studyinturkiye.com/sit-program/phd-in-clinical-pharmacy-turkish/
"PhD in Civil Engineering (English)",https://search.studyinturkiye.com/sit-program/phd-in-civil-engineering-english-2/
"PhD in Business Administration (English)",https://search.studyinturkiye.com/sit-program/phd-in-business-administration-english-10/
"PhD in Biomedical Engineering (English)",https://search.studyinturkiye.com/sit-program/phd-in-biomedical-engineering-english/
"PhD in Biochemistry (Turkish)",https://search.studyinturkiye.com/sit-program/phd-in-biochemistry-turkish/
"PhD in Biochemistry (English)",https://search.studyinturkiye.com/sit-program/phd-in-biochemistry-english/
"PhD in Banking and Finance (English)",https://search.studyinturkiye.com/sit-program/phd-in-banking-and-finance-english-2/
"PhD in Art and Design (Turkish)",https://search.studyinturkiye.com/sit-program/phd-in-art-and-design-turkish/
"PhD in Applied Mathematics (English)",https://search.studyinturkiye.com/sit-program/phd-in-applied-mathematics-english/
"PhD in Animal Nutrition and Nutritional Diseases (Turkish)",https://search.studyinturkiye.com/sit-program/phd-in-animal-nutrition-and-nutritional-diseases-turkish/
"PhD in Animal Nutrition and Nutritional Diseases (English)",https://search.studyinturkiye.com/sit-program/phd-in-animal-nutrition-and-nutritional-diseases-english/
"PhD in Analytical Chemistry (Turkish)",https://search.studyinturkiye.com/sit-program/phd-in-analytical-chemistry-turkish/
"PhD in Analytical Chemistry (English)",https://search.studyinturkiye.com/sit-program/phd-in-analytical-chemistry-english/
"Master of Banking and Accounting (Non Thesis) (English)",https://search.studyinturkiye.com/sit-program/master-of-banking-and-accounting-non-thesis-english/
"Master of Banking and Accounting (Non Thesis) (Arabic)",https://search.studyinturkiye.com/sit-program/master-of-banking-and-accounting-non-thesis-arabic/
"Master of Banking and Accounting (Thesis) (English)",https://search.studyinturkiye.com/sit-program/master-of-banking-and-accounting-thesis-english/
"Master of Banking and Accounting (Thesis) (Arabic)",https://search.studyinturkiye.com/sit-program/master-of-banking-and-accounting-thesis-arabic/
"Master of Arabic Language and Literature (Thesis) (Turkish)",https://search.studyinturkiye.com/sit-program/master-of-arabic-language-and-literature-thesis-turkish/
"Master of Arabic Language and Literature (Thesis) (Arabic)",https://search.studyinturkiye.com/sit-program/master-of-arabic-language-and-literature-thesis-arabic/
"Master of Arabic Law (Thesis) (English)",https://search.studyinturkiye.com/sit-program/master-of-arabic-law-thesis-english/
"Master of Turkish Language and Literature (Thesis) (Turkish)",https://search.studyinturkiye.com/sit-program/master-of-turkish-language-and-literature-thesis-turkish-5/
"Master ofTurkish Education (Thesis) (Turkish)",https://search.studyinturkiye.com/sit-program/master-ofturkish-education-thesis-turkish/
"Master ofTurkish Education (Non-Thesis) (Turkish)",https://search.studyinturkiye.com/sit-program/master-ofturkish-education-non-thesis-turkish/
"Master of Toxicology (Thesis) (Turkish)",https://search.studyinturkiye.com/sit-program/master-of-toxicology-thesis-turkish/
"Master of Toxicology (Thesis) (English)",https://search.studyinturkiye.com/sit-program/master-of-toxicology-thesis-english/
"Master of Toxicology (Non-Thesis) (Turkish)",https://search.studyinturkiye.com/sit-program/master-of-toxicology-non-thesis-turkish/
"Master of Toxicology (Non-Thesis) (English)",https://search.studyinturkiye.com/sit-program/master-of-toxicology-non-thesis-english/
"Master of Tourism and Hotel Management (Thesis) (English)",https://search.studyinturkiye.com/sit-program/master-of-tourism-and-hotel-management-thesis-english/
"Master of Software Engineering (Thesis) (English)",https://search.studyinturkiye.com/sit-program/master-of-software-engineering-thesis-english-2/
"Master of Security Studies (Thesis) (Turkish)",https://search.studyinturkiye.com/sit-program/master-of-security-studies-thesis-turkish-2/
"Master of Security Studies (Thesis) (Arabic)",https://search.studyinturkiye.com/sit-program/master-of-security-studies-thesis-arabic/
"Master of Public Law (Thesis) (Arabic)",https://search.studyinturkiye.com/sit-program/master-of-public-law-thesis-arabic/
"Master of Public Law (Thesis) (Turkish)",https://search.studyinturkiye.com/sit-program/master-of-public-law-thesis-turkish-9/
"Master of Private Law (Thesis) (Arabic)",https://search.studyinturkiye.com/sit-program/master-of-private-law-thesis-arabic/
"Master of Private Law (Thesis) (Turkish)",https://search.studyinturkiye.com/sit-program/master-of-private-law-thesis-turkish-8/
"Master of Political Sciences (Thesis) (English)",https://search.studyinturkiye.com/sit-program/master-of-political-sciences-thesis-english/
"Master of Phytotherapy (Thesis) (Turkish)",https://search.studyinturkiye.com/sit-program/master-of-phytotherapy-thesis-turkish/
"Master of Phytotherapy (Thesis) (English)",https://search.studyinturkiye.com/sit-program/master-of-phytotherapy-thesis-english-2/
"Master of Phytotherapy (Non-Thesis) (Turkish)",https://search.studyinturkiye.com/sit-program/master-of-phytotherapy-non-thesis-turkish/
"Master of Phytotherapy (Non-Thesis) (English)",https://search.studyinturkiye.com/sit-program/master-of-phytotherapy-non-thesis-english-2/
"Master of Physiotherapy and Rehabilitation (Thesis) (Turkish)",https://search.studyinturkiye.com/sit-program/master-of-physiotherapy-and-rehabilitation-thesis-turkish-8/
"Master of Physiology (Thesis) (Turkish)",https://search.studyinturkiye.com/sit-program/master-of-physiology-thesis-turkish/
"Master of Physical Education and Sports Education (Thesis) (Turkish)",https://search.studyinturkiye.com/sit-program/master-of-physical-education-and-sports-education-thesis-turkish/
"Master of Physical Education and Sports Education (Non-Thesis) (Turkish)",https://search.studyinturkiye.com/sit-program/master-of-physical-education-and-sports-education-non-thesis-turkish/
"Master of Pharmacology (Thesis) (Turkish)",https://search.studyinturkiye.com/sit-program/master-of-pharmacology-thesis-turkish/
"Master of Pharmacology (Thesis) (English)",https://search.studyinturkiye.com/sit-program/master-of-pharmacology-thesis-english/
"Master of Pharmacology (Non-Thesis) (Turkish)",https://search.studyinturkiye.com/sit-program/master-of-pharmacology-non-thesis-turkish/
"Master of Pharmacology (Non-Thesis) (English)",https://search.studyinturkiye.com/sit-program/master-of-pharmacology-non-thesis-english/
"Master of Pharmacognosy (Thesis) (Turkish)",https://search.studyinturkiye.com/sit-program/master-of-pharmacognosy-thesis-turkish/
"Master of Pharmacognosy (Thesis) (English)",https://search.studyinturkiye.com/sit-program/master-of-pharmacognosy-thesis-english/
"Master of Pharmacognosy (Non-Thesis) (Turkish)",https://search.studyinturkiye.com/sit-program/master-of-pharmacognosy-non-thesis-turkish/
"Master of Pharmacognosy (Non-Thesis) (English)",https://search.studyinturkiye.com/sit-program/master-of-pharmacognosy-non-thesis-english-2/
"Master ofPharmaceutical Technology (Thesis) (Turkish)",https://search.studyinturkiye.com/sit-program/master-ofpharmaceutical-technology-thesis-turkish/
"Master ofPharmaceutical Technology (Thesis) (English)",https://search.studyinturkiye.com/sit-program/master-ofpharmaceutical-technology-thesis-english/
"Master of Pharmaceutical Technology (Non-Thesis) (Turkish)",https://search.studyinturkiye.com/sit-program/master-of-pharmaceutical-technology-non-thesis-turkish/
"Master of Pharmaceutical Technology (Non-Thesis) (English)",https://search.studyinturkiye.com/sit-program/master-of-pharmaceutical-technology-non-thesis-english/
"Master of Pharmaceutical Chemistry (Thesis) (Turkish)",https://search.studyinturkiye.com/sit-program/master-of-pharmaceutical-chemistry-thesis-turkish/
"Master of Pharmaceutical Chemistry (Non-Thesis) (Turkish)",https://search.studyinturkiye.com/sit-program/master-of-pharmaceutical-chemistry-non-thesis-turkish/
"Master of Pharmaceutical Botany (Thesis) (Turkish)",https://search.studyinturkiye.com/sit-program/master-of-pharmaceutical-botany-thesis-turkish/
"Master of Pharmaceutical Botany (Thesis) (English)",https://search.studyinturkiye.com/sit-program/master-of-pharmaceutical-botany-thesis-english/
"Master of Pharmaceutical Botany (Non-Thesis) (Turkish)",https://search.studyinturkiye.com/sit-program/master-of-pharmaceutical-botany-non-thesis-turkish/
"Master of Pharmaceutical Botany (Non-Thesis) (English)",https://search.studyinturkiye.com/sit-program/master-of-pharmaceutical-botany-non-thesis-english/
"Master of Petroleum and Natural Gas Engineering (Thesis) (English)",https://search.studyinturkiye.com/sit-program/master-of-petroleum-and-natural-gas-engineering-thesis-english/
"Master of Petroleum and Natural Gas Engineering (Non-Thesis) (English)",https://search.studyinturkiye.com/sit-program/master-of-petroleum-and-natural-gas-engineering-non-thesis-english/
"Master of Nutrition and Dietetics (Thesis) (Turkish)",https://search.studyinturkiye.com/sit-program/master-of-nutrition-and-dietetics-thesis-turkish-7/
"Master of Nutrition and Dietetics (Non-Thesis) (Turkish)",https://search.studyinturkiye.com/sit-program/master-of-nutrition-and-dietetics-non-thesis-turkish-6/
"Master of Nursing (Thesis) (Turkish)",https://search.studyinturkiye.com/sit-program/master-of-nursing-thesis-turkish-4/
"Master of Nursing (Thesis) (English)",https://search.studyinturkiye.com/sit-program/master-of-nursing-thesis-english-2/
"Master of Nursing (Non-Thesis) (Turkish)",https://search.studyinturkiye.com/sit-program/master-of-nursing-non-thesis-turkish-2/
"Master of Nursing (Non-Thesis) (English)",https://search.studyinturkiye.com/sit-program/master-of-nursing-non-thesis-english/
"Master of Molecular Medicine (Thesis) (English)",https://search.studyinturkiye.com/sit-program/master-of-molecular-medicine-thesis-english-2/
"Master of Medical Biochemistry (Thesis) (English)",https://search.studyinturkiye.com/sit-program/master-of-medical-biochemistry-thesis-english/
"Master of Medical Biochemistry (Non-Thesis) (English)",https://search.studyinturkiye.com/sit-program/master-of-medical-biochemistry-non-thesis-english/
"Master of Mechatronics Engineering (Thesis) (English)",https://search.studyinturkiye.com/sit-program/master-of-mechatronics-engineering-thesis-english-3/
"Master of Mechanical Engineering (Thesis) (English)",https://search.studyinturkiye.com/sit-program/master-of-mechanical-engineering-thesis-english-6/
"Master of Mathematics (Thesis) (English)",https://search.studyinturkiye.com/sit-program/master-of-mathematics-thesis-english-4/
"Master of Marketing (Thesis) (English)",https://search.studyinturkiye.com/sit-program/master-of-marketing-thesis-english-4/
"Master of Marketing (Non-Thesis) (English)",https://search.studyinturkiye.com/sit-program/master-of-marketing-non-thesis-english-2/
"Master ofLandscape Architecture (Thesis) (English)",https://search.studyinturkiye.com/sit-program/master-oflandscape-architecture-thesis-english/
"Master ofJob Safety and Security (Thesis) (Turkish)",https://search.studyinturkiye.com/sit-program/master-ofjob-safety-and-security-thesis-turkish/
"Master of Job Safety and Security (Non-Thesis) (Turkish)",https://search.studyinturkiye.com/sit-program/master-of-job-safety-and-security-non-thesis-turkish/
"Master of International Relations (Thesis) (English)",https://search.studyinturkiye.com/sit-program/master-of-international-relations-thesis-english-4/
"Master of International Relations (Thesis) (Arabic)",https://search.studyinturkiye.com/sit-program/master-of-international-relations-thesis-arabic/
"Master of International Relations (Non-Thesis) (English)",https://search.studyinturkiye.com/sit-program/master-of-international-relations-non-thesis-english-3/
"Master of International Law (Thesis) (English)",https://search.studyinturkiye.com/sit-program/master-of-international-law-thesis-english/
"Master of International Business (Thesis) (English)",https://search.studyinturkiye.com/sit-program/master-of-international-business-thesis-english/
"Master of International Business (Non-Thesis) (English)",https://search.studyinturkiye.com/sit-program/master-of-international-business-non-thesis-english/
"Master of Interior Design (Thesis) (English)",https://search.studyinturkiye.com/sit-program/master-of-interior-design-thesis-english/
"Master of Interior Design (Non-Thesis) (English)",https://search.studyinturkiye.com/sit-program/master-of-interior-design-non-thesis-english/
"Master of Innovation and Knowledge Management (Thesis) (English)",https://search.studyinturkiye.com/sit-program/master-of-innovation-and-knowledge-management-thesis-english/
"Master ofInformation Systems Engineering (Thesis) (English)",https://search.studyinturkiye.com/sit-program/master-ofinformation-systems-engineering-thesis-english/
"Master of Human Resources Management (Non-Thesis) (Turkish)",https://search.studyinturkiye.com/sit-program/master-of-human-resources-management-non-thesis-turkish-4/
"Master of Histology and Embryology (Thesis) (English)",https://search.studyinturkiye.com/sit-program/master-of-histology-and-embryology-thesis-english-2/
"Master of Gynecology and Obstetrics (Thesis) (Turkish)",https://search.studyinturkiye.com/sit-program/master-of-gynecology-and-obstetrics-thesis-turkish/
"Master of Gynecology and Obstetrics (Thesis) (English)",https://search.studyinturkiye.com/sit-program/master-of-gynecology-and-obstetrics-thesis-english/
"Master of General Psychology (Thesis) (Turkish)",https://search.studyinturkiye.com/sit-program/master-of-general-psychology-thesis-turkish/
"Master of General Psychology (Thesis) (Arabic)",https://search.studyinturkiye.com/sit-program/master-of-general-psychology-thesis-arabic/
"Master of Food Engineering (Thesis) (English)",https://search.studyinturkiye.com/sit-program/master-of-food-engineering-thesis-english/
"Master of European Union Relations (Thesis) (English)",https://search.studyinturkiye.com/sit-program/master-of-european-union-relations-thesis-english/
"Master of European Union Relations (Non-Thesis) (English)",https://search.studyinturkiye.com/sit-program/master-of-european-union-relations-non-thesis-english/
"Master of English Language and Literature (Thesis) (English)",https://search.studyinturkiye.com/sit-program/master-of-english-language-and-literature-thesis-english-5/
"Master of English Language and Literature (Non-Thesis) (English)",https://search.studyinturkiye.com/sit-program/master-of-english-language-and-literature-non-thesis-english-2/
"Master of Electrical and Electronics Engineering (Thesis) (English)",https://search.studyinturkiye.com/sit-program/master-of-electrical-and-electronics-engineering-thesis-english-9/
"Master of Electrical and Electronics Engineering(Non-Thesis) (English)",https://search.studyinturkiye.com/sit-program/master-of-electrical-and-electronics-engineeringnon-thesis-english-5/
"Master of Economics (Thesis) (Arabic)",https://search.studyinturkiye.com/sit-program/master-of-economics-thesis-arabic/
"Master of Economics (Thesis) (English)",https://search.studyinturkiye.com/sit-program/master-of-economics-thesis-english-3/
"Master of Economics (Non-Thesis) (Turkish)",https://search.studyinturkiye.com/sit-program/master-of-economics-non-thesis-turkish-2/
"Master of Economics (Non-Thesis) (English)",https://search.studyinturkiye.com/sit-program/master-of-economics-non-thesis-english-3/
"Master of Criminal Psychology(Thesis) (Turkish)",https://search.studyinturkiye.com/sit-program/master-of-criminal-psychologythesis-turkish/
"Master of Criminal Psychology (Non-Thesis) (Turkish)",https://search.studyinturkiye.com/sit-program/master-of-criminal-psychology-non-thesis-turkish/
"Master of Criminal Chemistry and Toxicology (Thesis) (Turkish)",https://search.studyinturkiye.com/sit-program/master-of-criminal-chemistry-and-toxicology-thesis-turkish/
"Master of Criminal Chemistry and Toxicology (Non-Thesis) (Turkish)",https://search.studyinturkiye.com/sit-program/master-of-criminal-chemistry-and-toxicology-non-thesis-turkish/
"Master of Construction Management (Non-Thesis) (English)",https://search.studyinturkiye.com/sit-program/master-of-construction-management-non-thesis-english/
"Master of Computer Information Systems (Thesis) (English)",https://search.studyinturkiye.com/sit-program/master-of-computer-information-systems-thesis-english/
"Master of Computer Information Systems (Non-Thesis) (English)",https://search.studyinturkiye.com/sit-program/master-of-computer-information-systems-non-thesis-english/
"Master of Computer Engineering (Thesis) (English)",https://search.studyinturkiye.com/sit-program/master-of-computer-engineering-thesis-english-12/
"Master of Clinical Pharmacy Practice (Thesis) (English)",https://search.studyinturkiye.com/sit-program/master-of-clinical-pharmacy-practice-thesis-english/
"Master of Clinical Pharmacy (Thesis) (Turkish)",https://search.studyinturkiye.com/sit-program/master-of-clinical-pharmacy-thesis-turkish/
"Master of Clinical Pharmacy (Non-Thesis) (Turkish)",https://search.studyinturkiye.com/sit-program/master-of-clinical-pharmacy-non-thesis-turkish-2/
"Master of Clinical Pharmacy (Non-Thesis) (English)",https://search.studyinturkiye.com/sit-program/master-of-clinical-pharmacy-non-thesis-english-2/
"Master of Civil Engineering (Thesis) (English)",https://search.studyinturkiye.com/sit-program/master-of-civil-engineering-thesis-english-7/
"Master of Civil Engineering (Non-Thesis) (English)",https://search.studyinturkiye.com/sit-program/master-of-civil-engineering-non-thesis-english-4/
"Master of Chemistry (Thesis) (English)",https://search.studyinturkiye.com/sit-program/master-of-chemistry-thesis-english/
"Master of Business Administration (Thesis) (Arabic)",https://search.studyinturkiye.com/sit-program/master-of-business-administration-thesis-arabic/
"Master of Business Administration (Thesis) (English)",https://search.studyinturkiye.com/sit-program/master-of-business-administration-thesis-english-15/
"Master of Business Administration (Non-Thesis) (English)",https://search.studyinturkiye.com/sit-program/master-of-business-administration-non-thesis-english-14/
"Master of Biostatistics (Thesis) (Turkish)",https://search.studyinturkiye.com/sit-program/master-of-biostatistics-thesis-turkish/
"Master of Biostatistics (Thesis) (English)",https://search.studyinturkiye.com/sit-program/master-of-biostatistics-thesis-english/
"Master of Biomedical Engineering (Thesis) (English)",https://search.studyinturkiye.com/sit-program/master-of-biomedical-engineering-thesis-english-3/
"Master of Biomedical Engineering (Non-Thesis) (English)",https://search.studyinturkiye.com/sit-program/master-of-biomedical-engineering-non-thesis-english-2/
"Master of Biochemistry (Thesis) (Turkish)",https://search.studyinturkiye.com/sit-program/master-of-biochemistry-thesis-turkish/
"Master of Biochemistry (Thesis) (English)",https://search.studyinturkiye.com/sit-program/master-of-biochemistry-thesis-english/
"Master of Biochemistry (Non-Thesis) (Turkish)",https://search.studyinturkiye.com/sit-program/master-of-biochemistry-non-thesis-turkish/
"Master of Biochemistry (Non-Thesis) (English)",https://search.studyinturkiye.com/sit-program/master-of-biochemistry-non-thesis-english/
"Master of Banking and Finance (Thesis) (Arabic)",https://search.studyinturkiye.com/sit-program/master-of-banking-and-finance-thesis-arabic/
"Master of Banking and Finance (Thesis) (English)",https://search.studyinturkiye.com/sit-program/master-of-banking-and-finance-thesis-english-2/
"Master of Banking and Finance (Non-Thesis) (English)",https://search.studyinturkiye.com/sit-program/master-of-banking-and-finance-non-thesis-english/
"Master of Arts in Clinical Psychology (Thesis) (Turkish)",https://search.studyinturkiye.com/sit-program/master-of-arts-in-clinical-psychology-thesis-turkish/
"Master of Arts and Design (Thesis) (Turkish)",https://search.studyinturkiye.com/sit-program/master-of-arts-and-design-thesis-turkish/
"Master of Architecture (Thesis) (English)",https://search.studyinturkiye.com/sit-program/master-of-architecture-thesis-english-5/
"Master of Architecture (Non-Thesis) (English)",https://search.studyinturkiye.com/sit-program/master-of-architecture-non-thesis-english-6/
"Master of Anatomy (Thesis) (Turkish)",https://search.studyinturkiye.com/sit-program/master-of-anatomy-thesis-turkish-2/
"Master of Anatomy (Thesis) (English)",https://search.studyinturkiye.com/sit-program/master-of-anatomy-thesis-english/
"Master of Analytical Chemistry (Thesis) (Turkish)",https://search.studyinturkiye.com/sit-program/master-of-analytical-chemistry-thesis-turkish-2/
"Master of Analytical Chemistry (Thesis) (English)",https://search.studyinturkiye.com/sit-program/master-of-analytical-chemistry-thesis-english/
"Master of Analytical Chemistry (Non-Thesis) (English)",https://search.studyinturkiye.com/sit-program/master-of-analytical-chemistry-non-thesis-english/
"Bachelor Of Religious history and ethics education teaching (Turkish)",https://search.studyinturkiye.com/sit-program/bachelor-of-religious-history-and-ethics-education-teaching-turkish/
"Bachelor Of Marketing (DE) (English)",https://search.studyinturkiye.com/sit-program/bachelor-of-marketing-de-english/
"Bachelor Of Knowledge Management (Turkish)",https://search.studyinturkiye.com/sit-program/bachelor-of-knowledge-management-turkish/
"Bachelor Of Hearing impaired education teaching (Turkish)",https://search.studyinturkiye.com/sit-program/bachelor-of-hearing-impaired-education-teaching-turkish/
"Bachelor Of Economics (DE) (English)",https://search.studyinturkiye.com/sit-program/bachelor-of-economics-de-english/
"Bachelor Of Banking and Finance (DE) (English)",https://search.studyinturkiye.com/sit-program/bachelor-of-banking-and-finance-de-english/
"Bachelor Of Banking and Accounting (English)",https://search.studyinturkiye.com/sit-program/bachelor-of-banking-and-accounting-english/
"Bachelor of Hair Care and Beauty Services (Turkish)",https://search.studyinturkiye.com/sit-program/bachelor-of-hair-care-and-beauty-services-turkish/
"Bachelor of Landscape Architecture (English)",https://search.studyinturkiye.com/sit-program/bachelor-of-landscape-architecture-english/
"Bachelor of Physical Education and Sports Teaching (English)",https://search.studyinturkiye.com/sit-program/bachelor-of-physical-education-and-sports-teaching-english/
"Bachelor ofVisual Communication and Design (Turkish)",https://search.studyinturkiye.com/sit-program/bachelor-ofvisual-communication-and-design-turkish/
"Bachelor of Veterinary Medicine (Turkish)",https://search.studyinturkiye.com/sit-program/bachelor-of-veterinary-medicine-turkish/
"Bachelor of Veterinary Medicine (English)",https://search.studyinturkiye.com/sit-program/bachelor-of-veterinary-medicine-english/
"Bachelor of Turkish Language Education (Turkish)",https://search.studyinturkiye.com/sit-program/bachelor-of-turkish-language-education-turkish-2/
"Bachelor ofTurkish Language and Literature Teaching (Turkish)",https://search.studyinturkiye.com/sit-program/bachelor-ofturkish-language-and-literature-teaching-turkish/
"Bachelor of Turkish Language and Literature (Turkish)",https://search.studyinturkiye.com/sit-program/bachelor-of-turkish-language-and-literature-turkish-7/
"Bachelor of Translation and Interpretation (Turkish)",https://search.studyinturkiye.com/sit-program/bachelor-of-translation-and-interpretation-turkish-3/
"Bachelor ofTourism and Hotel Management (English)",https://search.studyinturkiye.com/sit-program/bachelor-oftourism-and-hotel-management-english-4/
"Bachelor ofTourism and Hotel Management (Turkish)",https://search.studyinturkiye.com/sit-program/bachelor-oftourism-and-hotel-management-turkish/
"Bachelor ofTheology (Turkish)",https://search.studyinturkiye.com/sit-program/bachelor-oftheology-turkish/
"Bachelor of Technology Design Teaching (Turkish)",https://search.studyinturkiye.com/sit-program/bachelor-of-technology-design-teaching-turkish/
"Bachelor of Teaching The Mentally Disadvantaged (Turkish)",https://search.studyinturkiye.com/sit-program/bachelor-of-teaching-the-mentally-disadvantaged-turkish/
"Bachelor of Teaching Art (Turkish)",https://search.studyinturkiye.com/sit-program/bachelor-of-teaching-art-turkish/
"Bachelor of Sports Management (Turkish)",https://search.studyinturkiye.com/sit-program/bachelor-of-sports-management-turkish-2/
"Bachelor of Speech and Language Therapy (Turkish)",https://search.studyinturkiye.com/sit-program/bachelor-of-speech-and-language-therapy-turkish-6/
"Bachelor of Software Engineering (English)",https://search.studyinturkiye.com/sit-program/bachelor-of-software-engineering-english-13/
"Bachelor of Social Work (Turkish)",https://search.studyinturkiye.com/sit-program/bachelor-of-social-work-turkish-3/
"Bachelor of Social Sciences (Turkish)",https://search.studyinturkiye.com/sit-program/bachelor-of-social-sciences-turkish/
"Bachelor of Science Teaching (Turkish)",https://search.studyinturkiye.com/sit-program/bachelor-of-science-teaching-turkish/
"Bachelor of Recreation (Turkish)",https://search.studyinturkiye.com/sit-program/bachelor-of-recreation-turkish-3/
"Bachelor of Radio, Cinema and TV (English)",https://search.studyinturkiye.com/sit-program/bachelor-of-radio-cinema-and-tv-english-4/
"Bachelor of Radio, Cinema and TV (Turkish)",https://search.studyinturkiye.com/sit-program/bachelor-of-radio-cinema-and-tv-turkish-7/
"Bachelor of Public Relations and Advertising (English)",https://search.studyinturkiye.com/sit-program/bachelor-of-public-relations-and-advertising-english-3/
"Bachelor of Public Relations and Advertising (Turkish)",https://search.studyinturkiye.com/sit-program/bachelor-of-public-relations-and-advertising-turkish-5/
"Bachelor of Public Administration (English)",https://search.studyinturkiye.com/sit-program/bachelor-of-public-administration-english-2/
"Bachelor of Public Administration (Turkish)",https://search.studyinturkiye.com/sit-program/bachelor-of-public-administration-turkish-2/
"Bachelor of Psychology (Turkish)",https://search.studyinturkiye.com/sit-program/bachelor-of-psychology-turkish-10/
"Bachelor of Psychology (English)",https://search.studyinturkiye.com/sit-program/bachelor-of-psychology-english-15/
"Bachelor of Psychological Counseling and Guidance (Turkish)",https://search.studyinturkiye.com/sit-program/bachelor-of-psychological-counseling-and-guidance-turkish-3/
"Bachelor of Pre-School Teaching (Turkish)",https://search.studyinturkiye.com/sit-program/bachelor-of-pre-school-teaching-turkish-4/
"Bachelor of Political Science (Turkish)",https://search.studyinturkiye.com/sit-program/bachelor-of-political-science-turkish/
"Bachelor of Political Science (English)",https://search.studyinturkiye.com/sit-program/bachelor-of-political-science-english/
"Bachelor of Plastic Arts (Turkish)",https://search.studyinturkiye.com/sit-program/bachelor-of-plastic-arts-turkish/
"Bachelor of Physiotherapy and Rehabilitation (Turkish)",https://search.studyinturkiye.com/sit-program/bachelor-of-physiotherapy-and-rehabilitation-turkish-10/
"Bachelor of Physiotherapy and Rehabilitation (English)",https://search.studyinturkiye.com/sit-program/bachelor-of-physiotherapy-and-rehabilitation-english-11/
"Bachelor of Pharmacy (English)",https://search.studyinturkiye.com/sit-program/bachelor-of-pharmacy-english-8/
"Bachelor of Pharmacy (Turkish)",https://search.studyinturkiye.com/sit-program/bachelor-of-pharmacy-turkish-6/
"Bachelor of Petroleum and Natural Gas Engineering (English)",https://search.studyinturkiye.com/sit-program/bachelor-of-petroleum-and-natural-gas-engineering-english/
"Bachelor of Occupational Therapy (Turkish)",https://search.studyinturkiye.com/sit-program/bachelor-of-occupational-therapy-turkish-3/
"Bachelor ofOccupational Health and Safety (Turkish)",https://search.studyinturkiye.com/sit-program/bachelor-ofoccupational-health-and-safety-turkish/
"Bachelor of Nutrition and Dietetics (Turkish)",https://search.studyinturkiye.com/sit-program/bachelor-of-nutrition-and-dietetics-turkish-10/
"Bachelor of Nutrition and Dietetics (English)",https://search.studyinturkiye.com/sit-program/bachelor-of-nutrition-and-dietetics-english-5/
"Bachelor of Nursing (English)",https://search.studyinturkiye.com/sit-program/bachelor-of-nursing-english-13/
"PhD in Restorative Dentistry (Turkish)",https://search.studyinturkiye.com/sit-program/phd-in-restorative-dentistry-turkish-2/
"PhD in Pedodontics (Turkish)",https://search.studyinturkiye.com/sit-program/phd-in-pedodontics-turkish-2/
"PhD in Orthodontics (Turkish)",https://search.studyinturkiye.com/sit-program/phd-in-orthodontics-turkish-3/
"Master of Social Services (Non-Thesis) (Turkish)",https://search.studyinturkiye.com/sit-program/master-of-social-services-non-thesis-turkish-2/
"Master of Political Science and International Relations (Thesis) (English)",https://search.studyinturkiye.com/sit-program/master-of-political-science-and-international-relations-thesis-english-5/
"Master of Occupational Health and Safety (Non-Thesis) (Turkish)",https://search.studyinturkiye.com/sit-program/master-of-occupational-health-and-safety-non-thesis-turkish-6/
"Master of Nutrition and Dietetics (Thesis) (Turkish)",https://search.studyinturkiye.com/sit-program/master-of-nutrition-and-dietetics-thesis-turkish-8/
"Master of Nutrition and Dietetics (Non-Thesis) (Turkish)",https://search.studyinturkiye.com/sit-program/master-of-nutrition-and-dietetics-non-thesis-turkish-7/
"Master of Healthcare Management (Thesis) (Turkish)",https://search.studyinturkiye.com/sit-program/master-of-healthcare-management-thesis-turkish-5/
"Master of Healthcare Management (Non-Thesis) (Turkish)",https://search.studyinturkiye.com/sit-program/master-of-healthcare-management-non-thesis-turkish-5/
"Master of Gastronomi (Thesis) (Turkish)",https://search.studyinturkiye.com/sit-program/master-of-gastronomi-thesis-turkish-2/
"Master of Gastronomi (Non-Thesis) (Turkish)",https://search.studyinturkiye.com/sit-program/master-of-gastronomi-non-thesis-turkish-2/
"Master of Clinical Psychology (Thesis) (Turkish)",https://search.studyinturkiye.com/sit-program/master-of-clinical-psychology-thesis-turkish-7/
"Master of Clinical Psychology (Non-Thesis) (Turkish)",https://search.studyinturkiye.com/sit-program/master-of-clinical-psychology-non-thesis-turkish-5/
"Master of Child Development (Thesis) (Turkish)",https://search.studyinturkiye.com/sit-program/master-of-child-development-thesis-turkish-4/
"Master of Business Management (Thesis) (Turkish)",https://search.studyinturkiye.com/sit-program/master-of-business-management-thesis-turkish-2/
"Bachelor of Health Care Management (Turkish)",https://search.studyinturkiye.com/sit-program/bachelor-of-health-care-management-turkish/
"Bachelor of Visual Communication (English)",https://search.studyinturkiye.com/sit-program/bachelor-of-visual-communication-english/
"Bachelor ofUrban Design and Landscape Architecture (Turkish)",https://search.studyinturkiye.com/sit-program/bachelor-ofurban-design-and-landscape-architecture-turkish/
"Bachelor of Speech and Language Therapy (Turkish)",https://search.studyinturkiye.com/sit-program/bachelor-of-speech-and-language-therapy-turkish-7/
"Bachelor of Social Services (Turkish)",https://search.studyinturkiye.com/sit-program/bachelor-of-social-services-turkish-3/
"Bachelor of Radio, Cinema and TV (Turkish)",https://search.studyinturkiye.com/sit-program/bachelor-of-radio-cinema-and-tv-turkish-8/
"Bachelor of Public Relations and Advertising (Turkish)",https://search.studyinturkiye.com/sit-program/bachelor-of-public-relations-and-advertising-turkish-6/
"Bachelor of Psychology (English)",https://search.studyinturkiye.com/sit-program/bachelor-of-psychology-english-16/
"Bachelor of Psychology (Turkish)",https://search.studyinturkiye.com/sit-program/bachelor-of-psychology-turkish-11/
"Bachelor of Political Science and Public Administration (English)",https://search.studyinturkiye.com/sit-program/bachelor-of-political-science-and-public-administration-english-7/
"Bachelor of Political Science and Public Administration (Turkish)",https://search.studyinturkiye.com/sit-program/bachelor-of-political-science-and-public-administration-turkish-5/
"Bachelor of Physiotherapy and Rehabilitation (English)",https://search.studyinturkiye.com/sit-program/bachelor-of-physiotherapy-and-rehabilitation-english-12/
"Bachelor of Physiotherapy and Rehabilitation (Turkish)",https://search.studyinturkiye.com/sit-program/bachelor-of-physiotherapy-and-rehabilitation-turkish-11/
"Bachelor of Pharmacy (Turkish)",https://search.studyinturkiye.com/sit-program/bachelor-of-pharmacy-turkish-7/
"Bachelor of Nutrition and Dietetics (Turkish)",https://search.studyinturkiye.com/sit-program/bachelor-of-nutrition-and-dietetics-turkish-11/
"Bachelor of Nutrition and Dietetics (English)",https://search.studyinturkiye.com/sit-program/bachelor-of-nutrition-and-dietetics-english-6/
"Bachelor of Nursing (English)",https://search.studyinturkiye.com/sit-program/bachelor-of-nursing-english-14/
"Bachelor of Nursing (Turkish)",https://search.studyinturkiye.com/sit-program/bachelor-of-nursing-turkish-15/
"Bachelor of Midwifery (Turkish)",https://search.studyinturkiye.com/sit-program/bachelor-of-midwifery-turkish-10/
"Bachelor of International Trade and Logistics (Turkish)",https://search.studyinturkiye.com/sit-program/bachelor-of-international-trade-and-logistics-turkish/
"Bachelor of International Relations (English)",https://search.studyinturkiye.com/sit-program/bachelor-of-international-relations-english-9/
"Bachelor of Interior Architecture (Turkish)",https://search.studyinturkiye.com/sit-program/bachelor-of-interior-architecture-turkish-7/
"Bachelor of Gastronomy and Culinary Arts (English)",https://search.studyinturkiye.com/sit-program/bachelor-of-gastronomy-and-culinary-arts-english-8/
"Bachelor of Gastronomy and Culinary Arts (Turkish)",https://search.studyinturkiye.com/sit-program/bachelor-of-gastronomy-and-culinary-arts-turkish-10/
"Bachelor of Economics and Finance (English)",https://search.studyinturkiye.com/sit-program/bachelor-of-economics-and-finance-english-4/
"Bachelor of Digital Game Design (English)",https://search.studyinturkiye.com/sit-program/bachelor-of-digital-game-design-english-3/
"Bachelor of Dentistry (English)",https://search.studyinturkiye.com/sit-program/bachelor-of-dentistry-english-16/
"Bachelor of Dentistry (Turkish)",https://search.studyinturkiye.com/sit-program/bachelor-of-dentistry-turkish-13/
"Bachelor of Child Development (Turkish)",https://search.studyinturkiye.com/sit-program/bachelor-of-child-development-turkish-7/
"Bachelor of Business Administration (English)",https://search.studyinturkiye.com/sit-program/bachelor-of-business-administration-english-18/
"Bachelor of Business Administration (Turkish)",https://search.studyinturkiye.com/sit-program/bachelor-of-business-administration-turkish-9/
"PhD in Urbanization and Urban Regeneration (Turkish)",https://search.studyinturkiye.com/sit-program/phd-in-urbanization-and-urban-regeneration-turkish/
"PhD in Sociology (Turkish)",https://search.studyinturkiye.com/sit-program/phd-in-sociology-turkish-3/
"PhD in Social Work (Turkish)",https://search.studyinturkiye.com/sit-program/phd-in-social-work-turkish/
"PhD in Public Law (Turkish)",https://search.studyinturkiye.com/sit-program/phd-in-public-law-turkish-4/
"PhD in Political Science and International Relations (English)",https://search.studyinturkiye.com/sit-program/phd-in-political-science-and-international-relations-english-6/
"PhD in Political Science and International Relations (70%TR-30%EN)",https://search.studyinturkiye.com/sit-program/phd-in-political-science-and-international-relations-70tr-30en/
"PhD in Islamic Economics and Law (Arabic)",https://search.studyinturkiye.com/sit-program/phd-in-islamic-economics-and-law-arabic/
"PhD in Islamic Economics and International Finance (Turkish)",https://search.studyinturkiye.com/sit-program/phd-in-islamic-economics-and-international-finance-turkish/
"PhD in Islamic Economics and Finance (English)",https://search.studyinturkiye.com/sit-program/phd-in-islamic-economics-and-finance-english/
"PhD in History and Civilization Researches (Turkish)",https://search.studyinturkiye.com/sit-program/phd-in-history-and-civilization-researches-turkish/
"PhD in Food Engineering (Turkish)",https://search.studyinturkiye.com/sit-program/phd-in-food-engineering-turkish-2/
"PhD in English Language and Literature (English)",https://search.studyinturkiye.com/sit-program/phd-in-english-language-and-literature-english-3/
"PhD in Educational Administration and Supervision (Turkish)",https://search.studyinturkiye.com/sit-program/phd-in-educational-administration-and-supervision-turkish/
"PhD in Computer Science and Engineering (70%TR-30%EN)",https://search.studyinturkiye.com/sit-program/phd-in-computer-science-and-engineering-70tr-30en/
"PhD in Business Administration (Turkish)",https://search.studyinturkiye.com/sit-program/phd-in-business-administration-turkish-9/
"PhD in Basic Islamic Sciences (Turkish)",https://search.studyinturkiye.com/sit-program/phd-in-basic-islamic-sciences-turkish/
"PhD in Architecture (Turkish)",https://search.studyinturkiye.com/sit-program/phd-in-architecture-turkish-5/
"Master of Urban Studies and Management (Thesis) (Turkish)",https://search.studyinturkiye.com/sit-program/master-of-urban-studies-and-management-thesis-turkish/
"Master of Urban Studies and Management (Non-Thesis) (Turkish)",https://search.studyinturkiye.com/sit-program/master-of-urban-studies-and-management-non-thesis-turkish/
"Master of Sociology (Thesis) (Turkish)",https://search.studyinturkiye.com/sit-program/master-of-sociology-thesis-turkish-5/
"Master of Sociology (Non-Thesis) (Turkish)",https://search.studyinturkiye.com/sit-program/master-of-sociology-non-thesis-turkish-3/
"Master of Social Work (Thesis) (Turkish)",https://search.studyinturkiye.com/sit-program/master-of-social-work-thesis-turkish-2/
"Master of Social Work (Non-Thesis) (Turkish)",https://search.studyinturkiye.com/sit-program/master-of-social-work-non-thesis-turkish-4/
"Master of Public Law (Thesis) (Turkish)",https://search.studyinturkiye.com/sit-program/master-of-public-law-thesis-turkish-10/
"Master of Public Law (Non-Thesis) (Turkish)",https://search.studyinturkiye.com/sit-program/master-of-public-law-non-thesis-turkish-6/
"Master of Private Law (Thesis) (Turkish)",https://search.studyinturkiye.com/sit-program/master-of-private-law-thesis-turkish-9/
"Master of Private Law (Non-Thesis) (Turkish)",https://search.studyinturkiye.com/sit-program/master-of-private-law-non-thesis-turkish-5/
"Master of Political Science and International Relations (Thesis) (English)",https://search.studyinturkiye.com/sit-program/master-of-political-science-and-international-relations-thesis-english-6/
"Master of Political Science and International Relations (Thesis) (70%TR-30%EN)",https://search.studyinturkiye.com/sit-program/master-of-political-science-and-international-relations-thesis-70tr-30en/
"Master of Political Science and International Relations (Non-Thesis) (Turkish)",https://search.studyinturkiye.com/sit-program/master-of-political-science-and-international-relations-non-thesis-turkish-2/
"Master of Occupational Health and Safety (Thesis) (Turkish)",https://search.studyinturkiye.com/sit-program/master-of-occupational-health-and-safety-thesis-turkish-4/
"Master of Occupational Health and Safety (Non-Thesis) (Turkish)",https://search.studyinturkiye.com/sit-program/master-of-occupational-health-and-safety-non-thesis-turkish-7/
"Master of Nutrition and Dietetics (Thesis) (Turkish)",https://search.studyinturkiye.com/sit-program/master-of-nutrition-and-dietetics-thesis-turkish-9/
"Master of Nutrition and Dietetics (Non-Thesis) (Turkish)",https://search.studyinturkiye.com/sit-program/master-of-nutrition-and-dietetics-non-thesis-turkish-8/
"Master of Islamic Sciences (Thesis) (Arabic)",https://search.studyinturkiye.com/sit-program/master-of-islamic-sciences-thesis-arabic/
"Master of Islamic Economics and Law (Thesis) (Arabic)",https://search.studyinturkiye.com/sit-program/master-of-islamic-economics-and-law-thesis-arabic/
"Master of Islamic Economics and Law (Non-Thesis) (Arabic)",https://search.studyinturkiye.com/sit-program/master-of-islamic-economics-and-law-non-thesis-arabic/
"Master of Islamic Economics and Finance (Thesis) (Turkish)",https://search.studyinturkiye.com/sit-program/master-of-islamic-economics-and-finance-thesis-turkish/
"Master of Islamic Economics and Finance (Thesis) (English)",https://search.studyinturkiye.com/sit-program/master-of-islamic-economics-and-finance-thesis-english/
"Master of Islamic Economics and Finance (Non-Thesis) (English)",https://search.studyinturkiye.com/sit-program/master-of-islamic-economics-and-finance-non-thesis-english/
"Master of International Finance and Participation Banking (Thesis) (Turkish)",https://search.studyinturkiye.com/sit-program/master-of-international-finance-and-participation-banking-thesis-turkish/
"Master of International Finance and Participation Banking (Non-Thesis) (Turkish)",https://search.studyinturkiye.com/sit-program/master-of-international-finance-and-participation-banking-non-thesis-turkish/
"Master of Internal Medicine Nursing (Thesis) (Turkish)",https://search.studyinturkiye.com/sit-program/master-of-internal-medicine-nursing-thesis-turkish/
"Master of Internal Medicine Nursing (Non-Thesis) (Turkish)",https://search.studyinturkiye.com/sit-program/master-of-internal-medicine-nursing-non-thesis-turkish/
"Master of History and Civilization Researches (Thesis) (Turkish)",https://search.studyinturkiye.com/sit-program/master-of-history-and-civilization-researches-thesis-turkish/
"Master of History and Civilization Researches (Non-Thesis) (Turkish)",https://search.studyinturkiye.com/sit-program/master-of-history-and-civilization-researches-non-thesis-turkish/
"Master of Healthcare Management (Thesis) (Turkish)",https://search.studyinturkiye.com/sit-program/master-of-healthcare-management-thesis-turkish-6/
"Master of Healthcare Management (Non-Thesis) (Turkish)",https://search.studyinturkiye.com/sit-program/master-of-healthcare-management-non-thesis-turkish-6/
"Master of Guidance and Psychological Counseling (Thesis) (Turkish)",https://search.studyinturkiye.com/sit-program/master-of-guidance-and-psychological-counseling-thesis-turkish-2/
"Master of Guidance and Psychological Counseling (Non-Thesis) (Turkish)",https://search.studyinturkiye.com/sit-program/master-of-guidance-and-psychological-counseling-non-thesis-turkish-3/
"Master of Food Engineering (Thesis) (Turkish)",https://search.studyinturkiye.com/sit-program/master-of-food-engineering-thesis-turkish-2/
"Master of Food Engineering (Non-Thesis) (Turkish)",https://search.studyinturkiye.com/sit-program/master-of-food-engineering-non-thesis-turkish/
"Master of Family Counseling and Education (Thesis) (Turkish)",https://search.studyinturkiye.com/sit-program/master-of-family-counseling-and-education-thesis-turkish/
"Master of Family Counseling and Education (Non-Thesis) (Turkish)",https://search.studyinturkiye.com/sit-program/master-of-family-counseling-and-education-non-thesis-turkish/
"Master of English Language Teaching (Thesis) (English)",https://search.studyinturkiye.com/sit-program/master-of-english-language-teaching-thesis-english-4/
"Master of Educational Administration (Thesis) (Turkish)",https://search.studyinturkiye.com/sit-program/master-of-educational-administration-thesis-turkish-2/
"Master of Educational Administration (Non-Thesis) (Turkish)",https://search.studyinturkiye.com/sit-program/master-of-educational-administration-non-thesis-turkish-2/
"Master of Computer Science and Engineering (Thesis) (70%TR-30%EN)",https://search.studyinturkiye.com/sit-program/master-of-computer-science-and-engineering-thesis-70tr-30en/
"Master of Computer Science and Engineering (Non-Thesis) (Turkish)",https://search.studyinturkiye.com/sit-program/master-of-computer-science-and-engineering-non-thesis-turkish/
"Master of Clinical Psychology (Non-Thesis) (Turkish)",https://search.studyinturkiye.com/sit-program/master-of-clinical-psychology-non-thesis-turkish-6/
"Master of Business Administration (Thesis) (English)",https://search.studyinturkiye.com/sit-program/master-of-business-administration-thesis-english-16/
"Master of Business Administration (Thesis) (Turkish)",https://search.studyinturkiye.com/sit-program/master-of-business-administration-thesis-turkish-11/
"Master of Business Administration (Non-Thesis) (English)",https://search.studyinturkiye.com/sit-program/master-of-business-administration-non-thesis-english-15/
"Master of Business Administration (Non-Thesis) (Turkish)",https://search.studyinturkiye.com/sit-program/master-of-business-administration-non-thesis-turkish-10/
"Master of Basic Islamic Sciences (Thesis) (Turkish)",https://search.studyinturkiye.com/sit-program/master-of-basic-islamic-sciences-thesis-turkish/
"Master of Basic Islamic Sciences (Non-Thesis) (Turkish)",https://search.studyinturkiye.com/sit-program/master-of-basic-islamic-sciences-non-thesis-turkish/
"Master of Basic Islamic Sciences (Non-Thesis) (Arabic)",https://search.studyinturkiye.com/sit-program/master-of-basic-islamic-sciences-non-thesis-arabic/
"Master of Arts in Clinical Psychology (Thesis) (Turkish)",https://search.studyinturkiye.com/sit-program/master-of-arts-in-clinical-psychology-thesis-turkish-2/
"Master of Architecture (Thesis) (Turkish)",https://search.studyinturkiye.com/sit-program/master-of-architecture-thesis-turkish-7/
"Bachelor of Turkish Language Teaching (Turkish)",https://search.studyinturkiye.com/sit-program/bachelor-of-turkish-language-teaching-turkish-2/
"Bachelor of Special Education Teaching (Turkish)",https://search.studyinturkiye.com/sit-program/bachelor-of-special-education-teaching-turkish-5/
"Bachelor of Software Engineering (70%TR-30%EN)",https://search.studyinturkiye.com/sit-program/bachelor-of-software-engineering-70tr-30en/
"Bachelor of Software Engineering (English)",https://search.studyinturkiye.com/sit-program/bachelor-of-software-engineering-english-14/
"Bachelor of Sociology (70%TR-30%EN)",https://search.studyinturkiye.com/sit-program/bachelor-of-sociology-70tr-30en/
"Bachelor of Social Work (Turkish)",https://search.studyinturkiye.com/sit-program/bachelor-of-social-work-turkish-4/
"Bachelor of Psychology (English)",https://search.studyinturkiye.com/sit-program/bachelor-of-psychology-english-17/
"Bachelor of Psychology (Turkish)",https://search.studyinturkiye.com/sit-program/bachelor-of-psychology-turkish-12/
"Bachelor of Political Science and International Relations (English)",https://search.studyinturkiye.com/sit-program/bachelor-of-political-science-and-international-relations-english-10/
"Bachelor of Nutrition and Dietetics (Turkish)",https://search.studyinturkiye.com/sit-program/bachelor-of-nutrition-and-dietetics-turkish-12/
"Bachelor of Nursing (Turkish)",https://search.studyinturkiye.com/sit-program/bachelor-of-nursing-turkish-16/
"Bachelor of Molecular Biology and Genetics (English)",https://search.studyinturkiye.com/sit-program/bachelor-of-molecular-biology-and-genetics-english-8/
"Bachelor of Mathematics Teaching for Primary Schools (Turkish)",https://search.studyinturkiye.com/sit-program/bachelor-of-mathematics-teaching-for-primary-schools-turkish-2/
"Bachelor of Law (Turkish)",https://search.studyinturkiye.com/sit-program/bachelor-of-law-turkish-12/
"Bachelor of Islamic Sciences (Arabic)",https://search.studyinturkiye.com/sit-program/bachelor-of-islamic-sciences-arabic/
"Bachelor of Islamic Sciences (70%TR-30%AR)",https://search.studyinturkiye.com/sit-program/bachelor-of-islamic-sciences-70tr-30ar/
"Bachelor of Islamic Economy and Finance (English)",https://search.studyinturkiye.com/sit-program/bachelor-of-islamic-economy-and-finance-english/
"Bachelor of Islamic Economy and Finance (Turkish)",https://search.studyinturkiye.com/sit-program/bachelor-of-islamic-economy-and-finance-turkish/
"Bachelor of International Trade and Finance (Turkish)",https://search.studyinturkiye.com/sit-program/bachelor-of-international-trade-and-finance-turkish-4/
"Bachelor of International Trade and Finance (English)",https://search.studyinturkiye.com/sit-program/bachelor-of-international-trade-and-finance-english-7/
"Bachelor of Interior Architecture and Environmental Design (Turkish)",https://search.studyinturkiye.com/sit-program/bachelor-of-interior-architecture-and-environmental-design-turkish-8/
"Bachelor of Industrial Engineering (70%TR-30%EN)",https://search.studyinturkiye.com/sit-program/bachelor-of-industrial-engineering-70tr-30en/
"Bachelor of History (Turkish)",https://search.studyinturkiye.com/sit-program/bachelor-of-history-turkish-6/
"Bachelor of Healthcare Management (Turkish)",https://search.studyinturkiye.com/sit-program/bachelor-of-healthcare-management-turkish-4/
"Bachelor of Guidance and Psychological Counseling (Turkish)",https://search.studyinturkiye.com/sit-program/bachelor-of-guidance-and-psychological-counseling-turkish-2/
"Bachelor of Food Engineering (Turkish)",https://search.studyinturkiye.com/sit-program/bachelor-of-food-engineering-turkish-3/
"Bachelor of Food Engineering (English)",https://search.studyinturkiye.com/sit-program/bachelor-of-food-engineering-english-3/
"Bachelor of English Language Teaching (Turkish)",https://search.studyinturkiye.com/sit-program/bachelor-of-english-language-teaching-turkish-3/
"Bachelor of Electrical and Electronics Engineering (Turkish)",https://search.studyinturkiye.com/sit-program/bachelor-of-electrical-and-electronics-engineering-turkish-6/
"Bachelor ofEconomics (70%TR-30%EN)",https://search.studyinturkiye.com/sit-program/bachelor-ofeconomics-70tr-30en/
"Bachelor of Computer Engineering (Turkish)",https://search.studyinturkiye.com/sit-program/bachelor-of-computer-engineering-turkish-7/
"Bachelor ofBusiness Administration (70%TR-30%EN)",https://search.studyinturkiye.com/sit-program/bachelor-ofbusiness-administration-70tr-30en/
"Bachelor of Business Administration (English)",https://search.studyinturkiye.com/sit-program/bachelor-of-business-administration-english-19/
"Bachelor of Architecture (Turkish)",https://search.studyinturkiye.com/sit-program/bachelor-of-architecture-turkish-10/
"Bachelor of Arabic Language Teaching (70%TR-30%AR)",https://search.studyinturkiye.com/sit-program/bachelor-of-arabic-language-teaching-70tr-30ar/
"Master of Mechatronics Engineering (Thesis) (English)",https://search.studyinturkiye.com/sit-program/master-of-mechatronics-engineering-thesis-english-4/
"Master of Mechatronics Engineering (Non-Thesis) (English)",https://search.studyinturkiye.com/sit-program/master-of-mechatronics-engineering-non-thesis-english-3/
"Master of Mechanical Engineering (Thesis) (English)",https://search.studyinturkiye.com/sit-program/master-of-mechanical-engineering-thesis-english-7/
"Master of Mechanical Engineering (Non-Thesis) (English)",https://search.studyinturkiye.com/sit-program/master-of-mechanical-engineering-non-thesis-english-3/
"Master of Management in Educational institutions (Thesis) (English)",https://search.studyinturkiye.com/sit-program/master-of-management-in-educational-institutions-thesis-english/
"Master of Management in Educational institutions (Non-Thesis) (English)",https://search.studyinturkiye.com/sit-program/master-of-management-in-educational-institutions-non-thesis-english/
"Master of Interactive Computing and Information Systems (Thesis) (English)",https://search.studyinturkiye.com/sit-program/master-of-interactive-computing-and-information-systems-thesis-english/
"Master of Interactive Computing and Information Systems (Non-Thesis) (English)",https://search.studyinturkiye.com/sit-program/master-of-interactive-computing-and-information-systems-non-thesis-english/
"Master of Immigration Studies (Thesis) (English)",https://search.studyinturkiye.com/sit-program/master-of-immigration-studies-thesis-english/
"Master of Immigration Studies (Non-Thesis) (English)",https://search.studyinturkiye.com/sit-program/master-of-immigration-studies-non-thesis-english/
"Master of English Language Teaching (Thesis) (English)",https://search.studyinturkiye.com/sit-program/master-of-english-language-teaching-thesis-english-5/
"Master of English Language Education (Non-Thesis) (English)",https://search.studyinturkiye.com/sit-program/master-of-english-language-education-non-thesis-english-3/
"Master of Engineering Management (Thesis) (English)",https://search.studyinturkiye.com/sit-program/master-of-engineering-management-thesis-english-2/
"Master of Engineering Management (Non-Thesis) (English)",https://search.studyinturkiye.com/sit-program/master-of-engineering-management-non-thesis-english-3/
"Master of Economy and Finance (Thesis) (English)",https://search.studyinturkiye.com/sit-program/master-of-economy-and-finance-thesis-english-2/
"Master of Economy and Finance (Non-Thesis) (English)",https://search.studyinturkiye.com/sit-program/master-of-economy-and-finance-non-thesis-english-2/
"Master of Developmental Focused Clinical Child and Adolescent (Thesis) (English)",https://search.studyinturkiye.com/sit-program/master-of-developmental-focused-clinical-child-and-adolescent-thesis-english/
"Master of Developmental Focused Clinical Child and Adolescent (Non-Thesis) (English)",https://search.studyinturkiye.com/sit-program/master-of-developmental-focused-clinical-child-and-adolescent-non-thesis-english/
"Master of Civil Engineering (Thesis) (Turkish)",https://search.studyinturkiye.com/sit-program/master-of-civil-engineering-thesis-turkish-4/
"Master of Civil Engineering (Non-Thesis) (Turkish)",https://search.studyinturkiye.com/sit-program/master-of-civil-engineering-non-thesis-turkish-3/
"Master of Architecture and Urban Studies (Thesis) (English)",https://search.studyinturkiye.com/sit-program/master-of-architecture-and-urban-studies-thesis-english/
"Master of Architecture and Urban Studies (Non-Thesis) (English)",https://search.studyinturkiye.com/sit-program/master-of-architecture-and-urban-studies-non-thesis-english/
"Master of Applied Data Science (Thesis) (English)",https://search.studyinturkiye.com/sit-program/master-of-applied-data-science-thesis-english/
"Master of Applied Data Science (Non-Thesis) (English)",https://search.studyinturkiye.com/sit-program/master-of-applied-data-science-non-thesis-english/
"Bachelor of Visual Communication Design (English)",https://search.studyinturkiye.com/sit-program/bachelor-of-visual-communication-design-english-4/
"Bachelor of Software Engineering (English)",https://search.studyinturkiye.com/sit-program/bachelor-of-software-engineering-english-15/
"Bachelor of Sociology (English)",https://search.studyinturkiye.com/sit-program/bachelor-of-sociology-english-4/
"Bachelor of Psychology (English)",https://search.studyinturkiye.com/sit-program/bachelor-of-psychology-english-18/
"Bachelor of Primary Education (English)",https://search.studyinturkiye.com/sit-program/bachelor-of-primary-education-english/
"Bachelor of Political Science and International Relations (English)",https://search.studyinturkiye.com/sit-program/bachelor-of-political-science-and-international-relations-english-11/
"Bachelor of Mechanical Engineering (English)",https://search.studyinturkiye.com/sit-program/bachelor-of-mechanical-engineering-english-14/
"Bachelor of Mathematics Education (English)",https://search.studyinturkiye.com/sit-program/bachelor-of-mathematics-education-english/
"Bachelor of Mathematics (English)",https://search.studyinturkiye.com/sit-program/bachelor-of-mathematics-english-6/
"Bachelor of Interior Architecture and Environmental Design (English)",https://search.studyinturkiye.com/sit-program/bachelor-of-interior-architecture-and-environmental-design-english-7/
"Bachelor of Industrial Engineering (English)",https://search.studyinturkiye.com/sit-program/bachelor-of-industrial-engineering-english-15/
"Bachelor of Industrial Design (English)",https://search.studyinturkiye.com/sit-program/bachelor-of-industrial-design-english-5/
"Bachelor of Guidance and Psychological Counseling (English)",https://search.studyinturkiye.com/sit-program/bachelor-of-guidance-and-psychological-counseling-english-2/
"Bachelor of English Language Education (English)",https://search.studyinturkiye.com/sit-program/bachelor-of-english-language-education-english/
"Bachelor of English Language and Literature (English)",https://search.studyinturkiye.com/sit-program/bachelor-of-english-language-and-literature-english-11/
"Bachelor of Electrical and Electronics Engineering (English)",https://search.studyinturkiye.com/sit-program/bachelor-of-electrical-and-electronics-engineering-english-20/
"Bachelor of Economics (English)",https://search.studyinturkiye.com/sit-program/bachelor-of-economics-english-15/
"Bachelor of Early Childhood Education (English)",https://search.studyinturkiye.com/sit-program/bachelor-of-early-childhood-education-english/
"Bachelor of Computer Engineering (English)",https://search.studyinturkiye.com/sit-program/bachelor-of-computer-engineering-english-24/
"Bachelor of Civil Engineering (English)",https://search.studyinturkiye.com/sit-program/bachelor-of-civil-engineering-english-16/
"Bachelor of City and Regional Planning (English)",https://search.studyinturkiye.com/sit-program/bachelor-of-city-and-regional-planning-english/
"Bachelor of Business Administration (English)",https://search.studyinturkiye.com/sit-program/bachelor-of-business-administration-english-20/
"Bachelor of Architecture (English)",https://search.studyinturkiye.com/sit-program/bachelor-of-architecture-english-17/
"Associate of Opticianry (Turkish)",https://search.studyinturkiye.com/sit-program/associate-of-opticianry-turkish-12/
"Associate of Medical Laboratory Techniques (Turkish)",https://search.studyinturkiye.com/sit-program/associate-of-medical-laboratory-techniques-turkish-10/
"Associate of Tourism and Travel Services (Turkish)",https://search.studyinturkiye.com/sit-program/associate-of-tourism-and-travel-services-turkish-2/
"Associate of Surgery Services (Turkish)",https://search.studyinturkiye.com/sit-program/associate-of-surgery-services-turkish-3/
"Associate of Radio and TV Programming (Turkish)",https://search.studyinturkiye.com/sit-program/associate-of-radio-and-tv-programming-turkish-4/
"Associate of Public Relations and Publicity (Turkish)",https://search.studyinturkiye.com/sit-program/associate-of-public-relations-and-publicity-turkish-5/
"Associate of Pharmacy Services (Turkish)",https://search.studyinturkiye.com/sit-program/associate-of-pharmacy-services-turkish-7/
"Associate of Oral and Dental Health (Turkish)",https://search.studyinturkiye.com/sit-program/associate-of-oral-and-dental-health-turkish-13/
"Associate of Medical Imaging Technologies (Turkish)",https://search.studyinturkiye.com/sit-program/associate-of-medical-imaging-technologies-turkish-2/
"Associate of Medical Documentation and Secretarial Services (Turkish)",https://search.studyinturkiye.com/sit-program/associate-of-medical-documentation-and-secretarial-services-turkish-4/
"Associate of Logistics (Turkish)",https://search.studyinturkiye.com/sit-program/associate-of-logistics-turkish-8/
"Associate of Justice (Turkish)",https://search.studyinturkiye.com/sit-program/associate-of-justice-turkish-8/
"Associate of Foreign Trade (Turkish)",https://search.studyinturkiye.com/sit-program/associate-of-foreign-trade-turkish-7/
"Associate of First Aid and Emergency (Turkish)",https://search.studyinturkiye.com/sit-program/associate-of-first-aid-and-emergency-turkish-13/
"Associate of Elderly Care (Turkish)",https://search.studyinturkiye.com/sit-program/associate-of-elderly-care-turkish-4/
"Associate of Child Development (Turkish)",https://search.studyinturkiye.com/sit-program/associate-of-child-development-turkish-10/
"Associate of Banking and Insurance (Turkish)",https://search.studyinturkiye.com/sit-program/associate-of-banking-and-insurance-turkish-6/
"Associate of Audiometry (Turkish)",https://search.studyinturkiye.com/sit-program/associate-of-audiometry-turkish-11/
"Associate of Anesthesia (Turkish)",https://search.studyinturkiye.com/sit-program/associate-of-anesthesia-turkish-17/
"PhD in Political Science and International Relations (English)",https://search.studyinturkiye.com/sit-program/phd-in-political-science-and-international-relations-english-7/
"PhD in English Language and Literature (English)",https://search.studyinturkiye.com/sit-program/phd-in-english-language-and-literature-english-4/
"Master of Health Care Management (Non-Thesis) (Turkish)",https://search.studyinturkiye.com/sit-program/master-of-health-care-management-non-thesis-turkish-2/
"Master of Health Care Management (Thesis) (Turkish)",https://search.studyinturkiye.com/sit-program/master-of-health-care-management-thesis-turkish/
"Master of Public Law (Non-Thesis) (Turkish)",https://search.studyinturkiye.com/sit-program/master-of-public-law-non-thesis-turkish-7/
"Master of Private Law (Non-Thesis) (Turkish)",https://search.studyinturkiye.com/sit-program/master-of-private-law-non-thesis-turkish-6/
"Master of Political Science and International Relations (Thesis) (Turkish)",https://search.studyinturkiye.com/sit-program/master-of-political-science-and-international-relations-thesis-turkish-2/
"Master of Political Science and International Relations (Non-Thesis) (Turkish)",https://search.studyinturkiye.com/sit-program/master-of-political-science-and-international-relations-non-thesis-turkish-3/
"Painting Restoration and Technology (Thesis) (English)",https://search.studyinturkiye.com/sit-program/painting-restoration-and-technology-thesis-english/
"Master of Occupational Health and Safety (Thesis) (Turkish)",https://search.studyinturkiye.com/sit-program/master-of-occupational-health-and-safety-thesis-turkish-5/
"Master of Occupational Health and Safety (Non-Thesis) (Turkish)",https://search.studyinturkiye.com/sit-program/master-of-occupational-health-and-safety-non-thesis-turkish-8/
"Master of English Language and Literature (Thesis) (English)",https://search.studyinturkiye.com/sit-program/master-of-english-language-and-literature-thesis-english-6/
"Master of Economy and Finance (Thesis) (Turkish)",https://search.studyinturkiye.com/sit-program/master-of-economy-and-finance-thesis-turkish-2/
"Master of Economy and Finance (Non-Thesis) (Turkish)",https://search.studyinturkiye.com/sit-program/master-of-economy-and-finance-non-thesis-turkish-2/
"Master of Communication Sciences (Thesis) (Turkish)",https://search.studyinturkiye.com/sit-program/master-of-communication-sciences-thesis-turkish-2/
"Master of Communication Sciences (Non-Thesis) (Turkish)",https://search.studyinturkiye.com/sit-program/master-of-communication-sciences-non-thesis-turkish-2/
"Master of Clinical Embryology (Thesis) (Turkish)",https://search.studyinturkiye.com/sit-program/master-of-clinical-embryology-thesis-turkish/
"Master of Clinical Embryology (Non-Thesis) (Turkish)",https://search.studyinturkiye.com/sit-program/master-of-clinical-embryology-non-thesis-turkish/
"Master of Business Administration (Thesis) (Turkish)",https://search.studyinturkiye.com/sit-program/master-of-business-administration-thesis-turkish-12/
"Master of Business Administration (Non-Thesis) (Turkish)",https://search.studyinturkiye.com/sit-program/master-of-business-administration-non-thesis-turkish-11/
"Master of Biomedical Engineering (Thesis) (Turkish)",https://search.studyinturkiye.com/sit-program/master-of-biomedical-engineering-thesis-turkish/
"Master of Biomedical Engineering (Non-Thesis) (Turkish)",https://search.studyinturkiye.com/sit-program/master-of-biomedical-engineering-non-thesis-turkish/
"Bachelor of Visual Communication Design (Turkish)",https://search.studyinturkiye.com/sit-program/bachelor-of-visual-communication-design-turkish-7/
"Bachelor of English Language and Literature (English)",https://search.studyinturkiye.com/sit-program/bachelor-of-english-language-and-literature-english-12/
"Bachelor of Radio, Cinema and TV (Turkish)",https://search.studyinturkiye.com/sit-program/bachelor-of-radio-cinema-and-tv-turkish-9/
"Bachelor of Public Relations and Advertising (Turkish)",https://search.studyinturkiye.com/sit-program/bachelor-of-public-relations-and-advertising-turkish-7/
"Bachelor of Psychology (Turkish)",https://search.studyinturkiye.com/sit-program/bachelor-of-psychology-turkish-13/
"Bachelor of Political Science and International Relations (Turkish)",https://search.studyinturkiye.com/sit-program/bachelor-of-political-science-and-international-relations-turkish-2/
"Bachelor of Physiotherapy and Rehabilitation (Turkish)",https://search.studyinturkiye.com/sit-program/bachelor-of-physiotherapy-and-rehabilitation-turkish-12/
"Bachelor of Pharmacy (Turkish)",https://search.studyinturkiye.com/sit-program/bachelor-of-pharmacy-turkish-8/
"Bachelor of Performing Arts (Turkish)",https://search.studyinturkiye.com/sit-program/bachelor-of-performing-arts-turkish-2/
"Bachelor ofOccupational Health and Safety (Turkish)",https://search.studyinturkiye.com/sit-program/bachelor-ofoccupational-health-and-safety-turkish-2/
"Bachelor of Nutrition and Dietetics (English)",https://search.studyinturkiye.com/sit-program/bachelor-of-nutrition-and-dietetics-english-7/
"Bachelor of Nursing (Turkish)",https://search.studyinturkiye.com/sit-program/bachelor-of-nursing-turkish-17/
"Bachelor of New Media and Journalism (Turkish)",https://search.studyinturkiye.com/sit-program/bachelor-of-new-media-and-journalism-turkish/
"Bachelor of Molecular Biology and Genetics (Turkish)",https://search.studyinturkiye.com/sit-program/bachelor-of-molecular-biology-and-genetics-turkish-3/
"Bachelor of Medicine (Turkish)",https://search.studyinturkiye.com/sit-program/bachelor-of-medicine-turkish-9/
"Bachelor of Law (Turkish)",https://search.studyinturkiye.com/sit-program/bachelor-of-law-turkish-13/
"Bachelor of International Trade and Logistics (Turkish)",https://search.studyinturkiye.com/sit-program/bachelor-of-international-trade-and-logistics-turkish-2/
"Bachelor of Healthcare Management (Turkish)",https://search.studyinturkiye.com/sit-program/bachelor-of-healthcare-management-turkish-5/
"Bachelor of Graphic Design (Turkish)",https://search.studyinturkiye.com/sit-program/bachelor-of-graphic-design-turkish-6/
"Bachelor of English Translation and Interpretation (English)",https://search.studyinturkiye.com/sit-program/bachelor-of-english-translation-and-interpretation-english-3/
"Bachelor of English Language and Literature (English)",https://search.studyinturkiye.com/sit-program/bachelor-of-english-language-and-literature-english-13/
"Bachelor of Electrical and Electronics Engineering (Turkish)",https://search.studyinturkiye.com/sit-program/bachelor-of-electrical-and-electronics-engineering-turkish-7/
"Bachelor of Dentistry (Turkish)",https://search.studyinturkiye.com/sit-program/bachelor-of-dentistry-turkish-14/
"Bachelor of Business Administration (Turkish)",https://search.studyinturkiye.com/sit-program/bachelor-of-business-administration-turkish-10/
"Bachelor of Biomedical Engineering (Turkish)",https://search.studyinturkiye.com/sit-program/bachelor-of-biomedical-engineering-turkish/
"Bachelor of Architecture (Turkish)",https://search.studyinturkiye.com/sit-program/bachelor-of-architecture-turkish-11/
"Bachelor of Medicine (English)",https://search.studyinturkiye.com/sit-program/bachelor-of-medicine-english-13/
"Bachelor of Dentistry (English)",https://search.studyinturkiye.com/sit-program/bachelor-of-dentistry-english-17/
"Bachelor of Arts in Economics (English)",https://search.studyinturkiye.com/sit-program/bachelor-of-arts-in-economics-english/
"Bachelor of Arts in Accounting (English)",https://search.studyinturkiye.com/sit-program/bachelor-of-arts-in-accounting-english/
"Associate of Computer Programming (EP) (Turkish)",https://search.studyinturkiye.com/sit-program/associate-of-computer-programming-ep-turkish/
"Associate of Civil Aviation Cabin Services (EP) (Turkish)",https://search.studyinturkiye.com/sit-program/associate-of-civil-aviation-cabin-services-ep-turkish/
"Associate of Medical Imaging Techniques (EP) (Turkish)",https://search.studyinturkiye.com/sit-program/associate-of-medical-imaging-techniques-ep-turkish/
"Associate of First Aid and Emergency (EP) (Turkish)",https://search.studyinturkiye.com/sit-program/associate-of-first-aid-and-emergency-ep-turkish/
"Associate of Physiotherapy (EP) (Turkish)",https://search.studyinturkiye.com/sit-program/associate-of-physiotherapy-ep-turkish/
"Associate of Anesthesia (EP) (Turkish)",https://search.studyinturkiye.com/sit-program/associate-of-anesthesia-ep-turkish/
"Associate of Operation Room Services (EP) (Turkish)",https://search.studyinturkiye.com/sit-program/associate-of-operation-room-services-ep-turkish/
"Associate of Oral and Dental Health (EB) ( Turkish )",https://search.studyinturkiye.com/sit-program/associate-of-oral-and-dental-health-eb-turkish/
"Associate Of Computer Technology (Turkish)",https://search.studyinturkiye.com/sit-program/associate-of-computer-technology-turkish/
"Associate Of E-Trade and Marketing (Turkish)",https://search.studyinturkiye.com/sit-program/associate-of-e-trade-and-marketing-turkish/
"Associate of Culinary Arts (Turkish)",https://search.studyinturkiye.com/sit-program/associate-of-culinary-arts-turkish-2/
"Associate of Electronics Technology (Turkish)",https://search.studyinturkiye.com/sit-program/associate-of-electronics-technology-turkish-2/
"Associate of Information Security Technology (Turkish)",https://search.studyinturkiye.com/sit-program/associate-of-information-security-technology-turkish-5/
"Associate of Opticianry (Turkish)",https://search.studyinturkiye.com/sit-program/associate-of-opticianry-turkish-13/
"Associate of Medical Laboratory Techniques (Turkish)",https://search.studyinturkiye.com/sit-program/associate-of-medical-laboratory-techniques-turkish-11/
"Associate of Radiotherapy (Turkish)",https://search.studyinturkiye.com/sit-program/associate-of-radiotherapy-turkish-8/
"Associate of Physiotherapy (Turkish)",https://search.studyinturkiye.com/sit-program/associate-of-physiotherapy-turkish-14/
"Associate of Pharmacy Services (Turkish)",https://search.studyinturkiye.com/sit-program/associate-of-pharmacy-services-turkish-8/
"Associate of Oral and Dental Health (Turkish)",https://search.studyinturkiye.com/sit-program/associate-of-oral-and-dental-health-turkish-14/
"Associate of Operation Room Services (Turkish)",https://search.studyinturkiye.com/sit-program/associate-of-operation-room-services-turkish-5/
"Associate of Medical Imaging Techniques (Turkish)",https://search.studyinturkiye.com/sit-program/associate-of-medical-imaging-techniques-turkish-14/
"Associate of International Trade (Turkish)",https://search.studyinturkiye.com/sit-program/associate-of-international-trade-turkish-2/
"Associate of Food Technology (Turkish)",https://search.studyinturkiye.com/sit-program/associate-of-food-technology-turkish-4/
"Associate of First Aid and Emergency (Turkish)",https://search.studyinturkiye.com/sit-program/associate-of-first-aid-and-emergency-turkish-14/
"Associate of Dialysis (Turkish)",https://search.studyinturkiye.com/sit-program/associate-of-dialysis-turkish-11/
"Associate of Computer Programming (Turkish)",https://search.studyinturkiye.com/sit-program/associate-of-computer-programming-turkish-11/
"Associate of Computer Aided Design and Animation (Turkish)",https://search.studyinturkiye.com/sit-program/associate-of-computer-aided-design-and-animation-turkish-3/
"Associate of Civil Aviation Cabin Services (Turkish)",https://search.studyinturkiye.com/sit-program/associate-of-civil-aviation-cabin-services-turkish-7/
"Associate of Child Development (Turkish)",https://search.studyinturkiye.com/sit-program/associate-of-child-development-turkish-11/
"Associate of Automotive Technology (Turkish)",https://search.studyinturkiye.com/sit-program/associate-of-automotive-technology-turkish-4/
"Associate of Anesthesia (Turkish)",https://search.studyinturkiye.com/sit-program/associate-of-anesthesia-turkish-18/
"Associate of Aircraft Technology (Turkish)",https://search.studyinturkiye.com/sit-program/associate-of-aircraft-technology-turkish-3/
"Master of Health Management (Non-Thesis) (Turkish)",https://search.studyinturkiye.com/sit-program/master-of-health-management-non-thesis-turkish-3/
"Master of Psychology (Thesis) (Turkish)",https://search.studyinturkiye.com/sit-program/master-of-psychology-thesis-turkish-5/
"Master of Psychology (Non-Thesis) (Turkish)",https://search.studyinturkiye.com/sit-program/master-of-psychology-non-thesis-turkish-4/
"Master of Political Science and International Relations (Thesis) (Turkish)",https://search.studyinturkiye.com/sit-program/master-of-political-science-and-international-relations-thesis-turkish-3/
"Master of Political Science and International Relations (Thesis) (English)",https://search.studyinturkiye.com/sit-program/master-of-political-science-and-international-relations-thesis-english-7/
"Master of Health Management (Thesis) (Turkish)",https://search.studyinturkiye.com/sit-program/master-of-health-management-thesis-turkish-3/
"Master of Business Administration / Focused Programs (Human Resource Management, Marketing, Finance) (Thesis) (Turkish)",https://search.studyinturkiye.com/sit-program/master-of-business-administration-focused-programs-human-resource-management-marketing-finance-thesis-turkish/
"Master of Business Administration / Focused Programs (Human Resource Management, Marketing, Finance) (Thesis) (English)",https://search.studyinturkiye.com/sit-program/master-of-business-administration-focused-programs-human-resource-management-marketing-finance-thesis-english/
"Master of Business Administration / Focused Programs (Human Resource Management, Marketing, Finance)(Non-Thesis) (Turkish)",https://search.studyinturkiye.com/sit-program/master-of-business-administration-focused-programs-human-resource-management-marketing-financenon-thesis-turkish/
"Master of Business Administration / Focused Programs (Human Resource Management, Marketing, Finance) (Non-Thesis) (English)",https://search.studyinturkiye.com/sit-program/master-of-business-administration-focused-programs-human-resource-management-marketing-finance-non-thesis-english/
"Bachelor of Visual Communication Design (Turkish)",https://search.studyinturkiye.com/sit-program/bachelor-of-visual-communication-design-turkish-8/
"Bachelor of Turkish Language and Literature (Turkish)",https://search.studyinturkiye.com/sit-program/bachelor-of-turkish-language-and-literature-turkish-8/
"Bachelor of Speech and Language Therapy (Turkish)",https://search.studyinturkiye.com/sit-program/bachelor-of-speech-and-language-therapy-turkish-8/
"Bachelor of Software Engineering (English)",https://search.studyinturkiye.com/sit-program/bachelor-of-software-engineering-english-16/
"Bachelor of Software Engineering (Turkish)",https://search.studyinturkiye.com/sit-program/bachelor-of-software-engineering-turkish-6/
"Bachelor of Radio, Cinema and TV (English)",https://search.studyinturkiye.com/sit-program/bachelor-of-radio-cinema-and-tv-english-5/
"Bachelor of Public Relations and Advertising (Turkish)",https://search.studyinturkiye.com/sit-program/bachelor-of-public-relations-and-advertising-turkish-8/
"Bachelor of Psychology (Turkish)",https://search.studyinturkiye.com/sit-program/bachelor-of-psychology-turkish-14/
"Bachelor of Psychology (English)",https://search.studyinturkiye.com/sit-program/bachelor-of-psychology-english-19/
"Bachelor of Political Science and Public Administration (Turkish)",https://search.studyinturkiye.com/sit-program/bachelor-of-political-science-and-public-administration-turkish-6/
"Bachelor of Physiotherapy and Rehabilitation (Turkish)",https://search.studyinturkiye.com/sit-program/bachelor-of-physiotherapy-and-rehabilitation-turkish-13/
"Bachelor of Physiotherapy and Rehabilitation (English)",https://search.studyinturkiye.com/sit-program/bachelor-of-physiotherapy-and-rehabilitation-english-13/
"Bachelor of Pharmacy (Turkish)",https://search.studyinturkiye.com/sit-program/bachelor-of-pharmacy-turkish-9/
"Bachelor of Pharmacy (English)",https://search.studyinturkiye.com/sit-program/bachelor-of-pharmacy-english-9/
"Bachelor of Nutrition and Dietetics (Turkish)",https://search.studyinturkiye.com/sit-program/bachelor-of-nutrition-and-dietetics-turkish-13/
"Bachelor of Nursing (English)",https://search.studyinturkiye.com/sit-program/bachelor-of-nursing-english-15/
"Bachelor of Nursing (Turkish)",https://search.studyinturkiye.com/sit-program/bachelor-of-nursing-turkish-18/
"Bachelor of New Media and Communication (English)",https://search.studyinturkiye.com/sit-program/bachelor-of-new-media-and-communication-english-2/
"Bachelor of Molecular Biology and Genetics (English)",https://search.studyinturkiye.com/sit-program/bachelor-of-molecular-biology-and-genetics-english-9/
"Bachelor of Midwifery (Turkish)",https://search.studyinturkiye.com/sit-program/bachelor-of-midwifery-turkish-11/
"Bachelor of Medicine (English)",https://search.studyinturkiye.com/sit-program/bachelor-of-medicine-english-14/
"Bachelor of Medicine (Turkish)",https://search.studyinturkiye.com/sit-program/bachelor-of-medicine-turkish-10/
"Bachelor of Mechanical Engineering (English)",https://search.studyinturkiye.com/sit-program/bachelor-of-mechanical-engineering-english-15/
"Bachelor of Mathematics (English)",https://search.studyinturkiye.com/sit-program/bachelor-of-mathematics-english-7/
"Bachelor of Management Information Systems (Turkish)",https://search.studyinturkiye.com/sit-program/bachelor-of-management-information-systems-turkish-11/
"Bachelor of Management Information Systems (English)",https://search.studyinturkiye.com/sit-program/bachelor-of-management-information-systems-english-9/
"Bachelor of International Trade and Business (English)",https://search.studyinturkiye.com/sit-program/bachelor-of-international-trade-and-business-english-3/
"Bachelor of International Relations (English)",https://search.studyinturkiye.com/sit-program/bachelor-of-international-relations-english-10/
"Bachelor of Interior Architecture and Environmental Design (Turkish)",https://search.studyinturkiye.com/sit-program/bachelor-of-interior-architecture-and-environmental-design-turkish-9/
"Bachelor of Industrial Engineering (English)",https://search.studyinturkiye.com/sit-program/bachelor-of-industrial-engineering-english-16/
"Bachelor of Health Management (Turkish)",https://search.studyinturkiye.com/sit-program/bachelor-of-health-management-turkish-5/
"Bachelor of Gastronomy and Culinary Arts (English)",https://search.studyinturkiye.com/sit-program/bachelor-of-gastronomy-and-culinary-arts-english-9/
"Bachelor of Gastronomy and Culinary Arts (Turkish)",https://search.studyinturkiye.com/sit-program/bachelor-of-gastronomy-and-culinary-arts-turkish-11/
"Bachelor of Textile and Fashion Design (Turkish)",https://search.studyinturkiye.com/sit-program/bachelor-of-textile-and-fashion-design-turkish-3/
"Bachelor of English Interpretation and Translation (English)",https://search.studyinturkiye.com/sit-program/bachelor-of-english-interpretation-and-translation-english/
"Bachelor of English Language and Literature (English)",https://search.studyinturkiye.com/sit-program/bachelor-of-english-language-and-literature-english-14/
"Bachelor of Electrical and Electronics Engineering (English)",https://search.studyinturkiye.com/sit-program/bachelor-of-electrical-and-electronics-engineering-english-21/
"Bachelor of Economics (English)",https://search.studyinturkiye.com/sit-program/bachelor-of-economics-english-16/
"Bachelor of Digital Game Design (English)",https://search.studyinturkiye.com/sit-program/bachelor-of-digital-game-design-english-4/
"Bachelor of Dentistry (Turkish)",https://search.studyinturkiye.com/sit-program/bachelor-of-dentistry-turkish-15/
"Bachelor of Dentistry (English)",https://search.studyinturkiye.com/sit-program/bachelor-of-dentistry-english-18/
"Bachelor of Computer Engineering (Turkish)",https://search.studyinturkiye.com/sit-program/bachelor-of-computer-engineering-turkish-8/
"Bachelor of Computer Engineering (English)",https://search.studyinturkiye.com/sit-program/bachelor-of-computer-engineering-english-25/
"Bachelor of Child Development (Turkish)",https://search.studyinturkiye.com/sit-program/bachelor-of-child-development-turkish-8/
"Bachelor of Chemistry (English)",https://search.studyinturkiye.com/sit-program/bachelor-of-chemistry-english-2/
"Bachelor of Business Administration (English)",https://search.studyinturkiye.com/sit-program/bachelor-of-business-administration-english-21/
"Bachelor of Biomedical Engineering (English)",https://search.studyinturkiye.com/sit-program/bachelor-of-biomedical-engineering-english-9/
"Bachelor of Architecture (English)",https://search.studyinturkiye.com/sit-program/bachelor-of-architecture-english-18/
"English Language Preparatory Program (English)",https://search.studyinturkiye.com/sit-program/english-language-preparatory-program-english-8/
"PhD in Prosthodontics (Turkish)",https://search.studyinturkiye.com/sit-program/phd-in-prosthodontics-turkish-3/
"PhD in Mechanical Engineering (English)",https://search.studyinturkiye.com/sit-program/phd-in-mechanical-engineering-english-6/
"PhD in Public Health (English)",https://search.studyinturkiye.com/sit-program/phd-in-public-health-english/
"PhD in Private Law (Turkish)",https://search.studyinturkiye.com/sit-program/phd-in-private-law-turkish-7/
"PhD in Political Science (English)",https://search.studyinturkiye.com/sit-program/phd-in-political-science-english-2/
"PhD in Pharmacology (English)",https://search.studyinturkiye.com/sit-program/phd-in-pharmacology-english-2/
"PhD in Periodontology (English)",https://search.studyinturkiye.com/sit-program/phd-in-periodontology-english/
"PhD in Pediatric Dentistry (Combined EN/TR)",https://search.studyinturkiye.com/sit-program/phd-in-pediatric-dentistry-combined-en-tr/
"PhD in Orthodontics (Combined EN/TR)",https://search.studyinturkiye.com/sit-program/phd-in-orthodontics-combined-en-tr/
"PhD in Oral and Maxillofacial Surgery (Combined EN/TR)",https://search.studyinturkiye.com/sit-program/phd-in-oral-and-maxillofacial-surgery-combined-en-tr/
"PhD in Nutrition and Dietetics (English)",https://search.studyinturkiye.com/sit-program/phd-in-nutrition-and-dietetics-english/
"PhD in Nursing (Combined EN/TR)",https://search.studyinturkiye.com/sit-program/phd-in-nursing-combined-en-tr/
"PhD in Medical Biology (Turkish)",https://search.studyinturkiye.com/sit-program/phd-in-medical-biology-turkish/
"PhD in Endodontics (English)",https://search.studyinturkiye.com/sit-program/phd-in-endodontics-english/
"PhD in Elementary Education Mathematics Teaching (English)",https://search.studyinturkiye.com/sit-program/phd-in-elementary-education-mathematics-teaching-english/
"PhD in Electrical and Electronics Engineering (English)",https://search.studyinturkiye.com/sit-program/phd-in-electrical-and-electronics-engineering-english-7/
"PhD in Computer Engineering (Combined EN/TR)",https://search.studyinturkiye.com/sit-program/phd-in-computer-engineering-combined-en-tr/
"PhD in Business Administration (Turkish)",https://search.studyinturkiye.com/sit-program/phd-in-business-administration-turkish-10/
"PhD in Biomedical Engineering (Combined EN/TR)",https://search.studyinturkiye.com/sit-program/phd-in-biomedical-engineering-combined-en-tr/
"PhD in Audiology (English)",https://search.studyinturkiye.com/sit-program/phd-in-audiology-english/
"PhD in Accounting and Finance (Turkish)",https://search.studyinturkiye.com/sit-program/phd-in-accounting-and-finance-turkish/
"Master of Turkish Language Teaching (Thesis) (Turkish)",https://search.studyinturkiye.com/sit-program/master-of-turkish-language-teaching-thesis-turkish/
"Master of Teaching Turkish as a Foreign Language (Thesis) (Turkish)",https://search.studyinturkiye.com/sit-program/master-of-teaching-turkish-as-a-foreign-language-thesis-turkish/
"Master of Stem Cell and Regenerative Medicine (Thesis) (English)",https://search.studyinturkiye.com/sit-program/master-of-stem-cell-and-regenerative-medicine-thesis-english/
"Master of Stem Cell and Regenerative Medicine (Non-Thesis) (English)",https://search.studyinturkiye.com/sit-program/master-of-stem-cell-and-regenerative-medicine-non-thesis-english/
"Master of Sociology (Thesis) (English)",https://search.studyinturkiye.com/sit-program/master-of-sociology-thesis-english-2/
"Master of Sociology (Non-Thesis) (English)",https://search.studyinturkiye.com/sit-program/master-of-sociology-non-thesis-english/
"Master of Social Work (Thesis) (Turkish)",https://search.studyinturkiye.com/sit-program/master-of-social-work-thesis-turkish-3/
"Master of Social Work (Non-Thesis) (Turkish)",https://search.studyinturkiye.com/sit-program/master-of-social-work-non-thesis-turkish-5/
"Master of Radio, TV and Cinema (Thesis) (Combined EN/TR)",https://search.studyinturkiye.com/sit-program/master-of-radio-tv-and-cinema-thesis-combined-en-tr/
"Master of Radio, TV and Cinema (Non-Thesis) (Combined EN/TR)",https://search.studyinturkiye.com/sit-program/master-of-radio-tv-and-cinema-non-thesis-combined-en-tr/
"Master of Quality Engineering (Thesis) (English)",https://search.studyinturkiye.com/sit-program/master-of-quality-engineering-thesis-english/
"Master of Quality Engineering (Non-Thesis) (English)",https://search.studyinturkiye.com/sit-program/master-of-quality-engineering-non-thesis-english/
"Master of Public Relations and Publicity (Thesis) (Combined EN/TR)",https://search.studyinturkiye.com/sit-program/master-of-public-relations-and-publicity-thesis-combined-en-tr/
"Master of Public Relations and Publicity (Non-Thesis) (Combined EN/TR)",https://search.studyinturkiye.com/sit-program/master-of-public-relations-and-publicity-non-thesis-combined-en-tr/
"Master of Public Law (Thesis) (Turkish)",https://search.studyinturkiye.com/sit-program/master-of-public-law-thesis-turkish-11/
"Master of Public Health (Thesis) (English)",https://search.studyinturkiye.com/sit-program/master-of-public-health-thesis-english-2/
"Master of Public Health (Non-Thesis) (English)",https://search.studyinturkiye.com/sit-program/master-of-public-health-non-thesis-english-2/
"Master of Psychology (Thesis) (English)",https://search.studyinturkiye.com/sit-program/master-of-psychology-thesis-english-5/
"Master of Pre-School Education (Thesis) (English)",https://search.studyinturkiye.com/sit-program/master-of-pre-school-education-thesis-english/
"Master of Political Sciences (Thesis) (English)",https://search.studyinturkiye.com/sit-program/master-of-political-sciences-thesis-english-2/
"Master of Physiotherapy and Rehabilitation (Thesis) (Combined EN/TR)",https://search.studyinturkiye.com/sit-program/master-of-physiotherapy-and-rehabilitation-thesis-combined-en-tr/
"Master of Pharmacology (Thesis) (English)",https://search.studyinturkiye.com/sit-program/master-of-pharmacology-thesis-english-2/
"Master of Performance (Thesis) (English)",https://search.studyinturkiye.com/sit-program/master-of-performance-thesis-english/
"Master of Performance (Non-Thesis) (English)",https://search.studyinturkiye.com/sit-program/master-of-performance-non-thesis-english/
"Master of Occupational Health and Safety (Thesis) (Turkish)",https://search.studyinturkiye.com/sit-program/master-of-occupational-health-and-safety-thesis-turkish-6/
"Master of Occupational Health and Safety (Non-Thesis) (Turkish)",https://search.studyinturkiye.com/sit-program/master-of-occupational-health-and-safety-non-thesis-turkish-9/
"Master of Nutrition and Dietetics (Thesis) (English)",https://search.studyinturkiye.com/sit-program/master-of-nutrition-and-dietetics-thesis-english-2/
"Master of Nursing (Thesis) (Combined EN/TR)",https://search.studyinturkiye.com/sit-program/master-of-nursing-thesis-combined-en-tr/
"Master of Musicology (Thesis) (English)",https://search.studyinturkiye.com/sit-program/master-of-musicology-thesis-english/
"Master of Museology (Thesis) (Turkish)",https://search.studyinturkiye.com/sit-program/master-of-museology-thesis-turkish/
"Master of Museology (Non-Thesis) (Turkish)",https://search.studyinturkiye.com/sit-program/master-of-museology-non-thesis-turkish/
"Master of Medical Genetics(Thesis) (English)",https://search.studyinturkiye.com/sit-program/master-of-medical-geneticsthesis-english/
"Master of Medical Biology (Thesis) (Turkish)",https://search.studyinturkiye.com/sit-program/master-of-medical-biology-thesis-turkish/
"Master of Mechanical Engineering (Thesis) (English)",https://search.studyinturkiye.com/sit-program/master-of-mechanical-engineering-thesis-english-8/
"Master of Mechanical Engineering (Non-Thesis) (English)",https://search.studyinturkiye.com/sit-program/master-of-mechanical-engineering-non-thesis-english-4/
"Master of Marketing (Thesis) (Turkish)",https://search.studyinturkiye.com/sit-program/master-of-marketing-thesis-turkish-3/
"Master of Marketing (Non-Thesis) (Turkish)",https://search.studyinturkiye.com/sit-program/master-of-marketing-non-thesis-turkish-3/
"Master of International Trade and Marketing (Thesis) (English)",https://search.studyinturkiye.com/sit-program/master-of-international-trade-and-marketing-thesis-english/
"Master of International Trade and Marketing (Non-Thesis) (English)",https://search.studyinturkiye.com/sit-program/master-of-international-trade-and-marketing-non-thesis-english/
"Master of International Relations (Thesis) (English)",https://search.studyinturkiye.com/sit-program/master-of-international-relations-thesis-english-5/
"Master of International Relations (Non-Thesis) (English)",https://search.studyinturkiye.com/sit-program/master-of-international-relations-non-thesis-english-4/
"Master of Interior Architecture and Environmental Design (Non-Thesis) (English)",https://search.studyinturkiye.com/sit-program/master-of-interior-architecture-and-environmental-design-non-thesis-english/
"Master of Insurance and Risk Management (Thesis) (English)",https://search.studyinturkiye.com/sit-program/master-of-insurance-and-risk-management-thesis-english/
"Master of Insurance and Risk Management (Non-Thesis) (English)",https://search.studyinturkiye.com/sit-program/master-of-insurance-and-risk-management-non-thesis-english/
"Master of Information Technology and System Management (Thesis) (English)",https://search.studyinturkiye.com/sit-program/master-of-information-technology-and-system-management-thesis-english/
"Master of Information Technology and System Management (Non-Thesis) (English)",https://search.studyinturkiye.com/sit-program/master-of-information-technology-and-system-management-non-thesis-english/
"Master of Human Resources Management (Thesis) (Turkish)",https://search.studyinturkiye.com/sit-program/master-of-human-resources-management-thesis-turkish-2/
"Master of Human Resources Management (Non-Thesis) (Turkish)",https://search.studyinturkiye.com/sit-program/master-of-human-resources-management-non-thesis-turkish-5/
"Master of Healthcare Management (Thesis) (English)",https://search.studyinturkiye.com/sit-program/master-of-healthcare-management-thesis-english-3/
"Master of Healthcare Management (Non-Thesis) (English)",https://search.studyinturkiye.com/sit-program/master-of-healthcare-management-non-thesis-english-3/
"Master of Exercise and Sportive Performance (Thesis) (English)",https://search.studyinturkiye.com/sit-program/master-of-exercise-and-sportive-performance-thesis-english/
"Master of Exercise and Sportive Performance (Non-Thesis) (English)",https://search.studyinturkiye.com/sit-program/master-of-exercise-and-sportive-performance-non-thesis-english/
"Master of European Union (Thesis) (English)",https://search.studyinturkiye.com/sit-program/master-of-european-union-thesis-english/
"Master of European Union (Non-Thesis) (English)",https://search.studyinturkiye.com/sit-program/master-of-european-union-non-thesis-english/
"Master of English Language Teaching (Thesis) (English)",https://search.studyinturkiye.com/sit-program/master-of-english-language-teaching-thesis-english-6/
"Master of Engineering and Technology Management (Thesis) (English)",https://search.studyinturkiye.com/sit-program/master-of-engineering-and-technology-management-thesis-english/
"Master of Engineering and Technology Management (Non-Thesis) (English)",https://search.studyinturkiye.com/sit-program/master-of-engineering-and-technology-management-non-thesis-english/
"Master of Energy and Power Engineering (Thesis) (English)",https://search.studyinturkiye.com/sit-program/master-of-energy-and-power-engineering-thesis-english/
"Master of Energy and Power Engineering (Non-Thesis) (English)",https://search.studyinturkiye.com/sit-program/master-of-energy-and-power-engineering-non-thesis-english/
"Master of Elementary Education Mathematics Teaching (Thesis) (English)",https://search.studyinturkiye.com/sit-program/master-of-elementary-education-mathematics-teaching-thesis-english/
"Master of Electrical and Computer Engineering (Thesis) (English)",https://search.studyinturkiye.com/sit-program/master-of-electrical-and-computer-engineering-thesis-english-2/
"Master of Educational Administration and Supervision (Thesis) (English)",https://search.studyinturkiye.com/sit-program/master-of-educational-administration-and-supervision-thesis-english-2/
"Master of Educational Administration and Supervision (Non-Thesis) (English)",https://search.studyinturkiye.com/sit-program/master-of-educational-administration-and-supervision-non-thesis-english/
"Master of Economics (Thesis) (English)",https://search.studyinturkiye.com/sit-program/master-of-economics-thesis-english-4/
"Master of Economics (Non-Thesis) (English)",https://search.studyinturkiye.com/sit-program/master-of-economics-non-thesis-english-4/
"Master of Economic Law (Non-Thesis) (Turkish)",https://search.studyinturkiye.com/sit-program/master-of-economic-law-non-thesis-turkish/
"Master of Defense Platform(Thesis) (English)",https://search.studyinturkiye.com/sit-program/master-of-defense-platformthesis-english/
"Master of Defense Electronics and Software (Thesis) (English)",https://search.studyinturkiye.com/sit-program/master-of-defense-electronics-and-software-thesis-english/
"Master of Curriculum and Instruction (Thesis) (English)",https://search.studyinturkiye.com/sit-program/master-of-curriculum-and-instruction-thesis-english-3/
"Master of Curriculum and Instruction (Non-Thesis) (English)",https://search.studyinturkiye.com/sit-program/master-of-curriculum-and-instruction-non-thesis-english-2/
"Master of Computer Instructional Technologies Education (Thesis) (English)",https://search.studyinturkiye.com/sit-program/master-of-computer-instructional-technologies-education-thesis-english/
"Master of Computer Instructional Technologies Education (Non-Thesis) (English)",https://search.studyinturkiye.com/sit-program/master-of-computer-instructional-technologies-education-non-thesis-english/
"Master of Computer Engineering (Thesis) (Combined EN/TR)",https://search.studyinturkiye.com/sit-program/master-of-computer-engineering-thesis-combined-en-tr/
"Master of Computer Engineering (Non-Thesis) (Combined EN/TR)",https://search.studyinturkiye.com/sit-program/master-of-computer-engineering-non-thesis-combined-en-tr/
"Master of Composition (Thesis) (English)",https://search.studyinturkiye.com/sit-program/master-of-composition-thesis-english/
"Master of Civil Law (Thesis) (Turkish)",https://search.studyinturkiye.com/sit-program/master-of-civil-law-thesis-turkish/
"Master of Business Administration (Thesis) (Turkish)",https://search.studyinturkiye.com/sit-program/master-of-business-administration-thesis-turkish-13/
"Master of Business Administration (Non-Thesis) (Turkish)",https://search.studyinturkiye.com/sit-program/master-of-business-administration-non-thesis-turkish-12/
"Master of BioTechnology (Thesis) (Combined EN/TR)",https://search.studyinturkiye.com/sit-program/master-of-biotechnology-thesis-combined-en-tr/
"Master of Biomedical Engineering (Thesis) (Combined EN/TR)",https://search.studyinturkiye.com/sit-program/master-of-biomedical-engineering-thesis-combined-en-tr/
"Master of Biomedical Engineering (Non-Thesis) (Combined EN/TR)",https://search.studyinturkiye.com/sit-program/master-of-biomedical-engineering-non-thesis-combined-en-tr/
"Master of Banking and Finance (Thesis) (English)",https://search.studyinturkiye.com/sit-program/master-of-banking-and-finance-thesis-english-3/
"Master of Banking and Finance (Non-Thesis) (English)",https://search.studyinturkiye.com/sit-program/master-of-banking-and-finance-non-thesis-english-2/
"Master of Audiology and Speech Voice Disorders (Thesis) (English)",https://search.studyinturkiye.com/sit-program/master-of-audiology-and-speech-voice-disorders-thesis-english/
"Master of Audiology (Thesis) (English)",https://search.studyinturkiye.com/sit-program/master-of-audiology-thesis-english/
"Master of Arts in Political Science (Non-Thesis) (English)",https://search.studyinturkiye.com/sit-program/master-of-arts-in-political-science-non-thesis-english/
"Master of Anatomy (Thesis) (English)",https://search.studyinturkiye.com/sit-program/master-of-anatomy-thesis-english-2/
"Master of American Culture and Literature (Thesis) (English)",https://search.studyinturkiye.com/sit-program/master-of-american-culture-and-literature-thesis-english/
"Master of American Culture and Literature (Non-Thesis) (English)",https://search.studyinturkiye.com/sit-program/master-of-american-culture-and-literature-non-thesis-english/
"Master of Accounting and Finance(Thesis) (Turkish)",https://search.studyinturkiye.com/sit-program/master-of-accounting-and-financethesis-turkish/
"Master of Accounting and Finance (Non-Thesis) (Turkish)",https://search.studyinturkiye.com/sit-program/master-of-accounting-and-finance-non-thesis-turkish/
"Bachelor of Accounting and Financial Management (Turkish)",https://search.studyinturkiye.com/sit-program/bachelor-of-accounting-and-financial-management-turkish/
"Bachelor of Public Relations and Publicity (Turkish)",https://search.studyinturkiye.com/sit-program/bachelor-of-public-relations-and-publicity-turkish-3/
"Bachelor of Visual Communication Design (English)",https://search.studyinturkiye.com/sit-program/bachelor-of-visual-communication-design-english-5/
"Bachelor of Visual Arts and Design (English)",https://search.studyinturkiye.com/sit-program/bachelor-of-visual-arts-and-design-english/
"Bachelor of Turkish Language Education (Turkish)",https://search.studyinturkiye.com/sit-program/bachelor-of-turkish-language-education-turkish-3/
"Bachelor of Turkish Language and Literature (Turkish)",https://search.studyinturkiye.com/sit-program/bachelor-of-turkish-language-and-literature-turkish-9/
"Bachelor of Translation and Interpretation (English)",https://search.studyinturkiye.com/sit-program/bachelor-of-translation-and-interpretation-english-5/
"Bachelor of Tourism and Hotel Management (Turkish)",https://search.studyinturkiye.com/sit-program/bachelor-of-tourism-and-hotel-management-turkish/
"Bachelor of Technology and Knowledge Management (Turkish)",https://search.studyinturkiye.com/sit-program/bachelor-of-technology-and-knowledge-management-turkish/
"Bachelor of Sports Science (Turkish)",https://search.studyinturkiye.com/sit-program/bachelor-of-sports-science-turkish/
"Bachelor of Sociology (English)",https://search.studyinturkiye.com/sit-program/bachelor-of-sociology-english-5/
"Bachelor of Sociology (Turkish)",https://search.studyinturkiye.com/sit-program/bachelor-of-sociology-turkish-6/
"Bachelor of Social Work (Turkish)",https://search.studyinturkiye.com/sit-program/bachelor-of-social-work-turkish-5/
"Bachelor of Secondary Education Social Fields Teaching (Turkish)",https://search.studyinturkiye.com/sit-program/bachelor-of-secondary-education-social-fields-teaching-turkish/
"Bachelor of Secondary Education Science and Mathematics Education (Turkish)",https://search.studyinturkiye.com/sit-program/bachelor-of-secondary-education-science-and-mathematics-education-turkish/
"Bachelor of Radio, Cinema and TV (Turkish)",https://search.studyinturkiye.com/sit-program/bachelor-of-radio-cinema-and-tv-turkish-10/
"Bachelor of Psychology (Turkish)",https://search.studyinturkiye.com/sit-program/bachelor-of-psychology-turkish-15/
"Bachelor of Primary Education (Turkish)",https://search.studyinturkiye.com/sit-program/bachelor-of-primary-education-turkish/
"Bachelor of Political Science and International Relations (Turkish)",https://search.studyinturkiye.com/sit-program/bachelor-of-political-science-and-international-relations-turkish-3/
"Bachelor of Political Science and International Relations (English)",https://search.studyinturkiye.com/sit-program/bachelor-of-political-science-and-international-relations-english-12/
"Bachelor of Physiotherapy and Rehabilitation (Turkish)",https://search.studyinturkiye.com/sit-program/bachelor-of-physiotherapy-and-rehabilitation-turkish-14/
"Bachelor of Pharmacy (English)",https://search.studyinturkiye.com/sit-program/bachelor-of-pharmacy-english-10/
"Bachelor of Nutrition and Dietetics (Turkish)",https://search.studyinturkiye.com/sit-program/bachelor-of-nutrition-and-dietetics-turkish-14/
"Bachelor of Nursing (Turkish)",https://search.studyinturkiye.com/sit-program/bachelor-of-nursing-turkish-19/
"Bachelor of Molecular Biology and Genetics (English)",https://search.studyinturkiye.com/sit-program/bachelor-of-molecular-biology-and-genetics-english-10/
"Bachelor of Molecular Biology and Genetics (Turkish)",https://search.studyinturkiye.com/sit-program/bachelor-of-molecular-biology-and-genetics-turkish-4/
"Bachelor of Medicine (Turkish)",https://search.studyinturkiye.com/sit-program/bachelor-of-medicine-turkish-11/
"Bachelor of Medicine (English)",https://search.studyinturkiye.com/sit-program/bachelor-of-medicine-english-15/
"Bachelor of Mechanical Engineering (Turkish)",https://search.studyinturkiye.com/sit-program/bachelor-of-mechanical-engineering-turkish-5/
"Bachelor of Mathematics Teaching for Elementary Schools (Turkish)",https://search.studyinturkiye.com/sit-program/bachelor-of-mathematics-teaching-for-elementary-schools-turkish-2/
"Bachelor of Management Information Systems (Turkish)",https://search.studyinturkiye.com/sit-program/bachelor-of-management-information-systems-turkish-12/
"Bachelor of Management (English)",https://search.studyinturkiye.com/sit-program/bachelor-of-management-english-3/
"Bachelor of Law (Turkish)",https://search.studyinturkiye.com/sit-program/bachelor-of-law-turkish-14/
"Bachelor of International Trade (Turkish)",https://search.studyinturkiye.com/sit-program/bachelor-of-international-trade-turkish/
"Bachelor of Interior Architecture and Environmental Design (Turkish)",https://search.studyinturkiye.com/sit-program/bachelor-of-interior-architecture-and-environmental-design-turkish-10/
"Bachelor of Insurance and Risk Management (Turkish)",https://search.studyinturkiye.com/sit-program/bachelor-of-insurance-and-risk-management-turkish/
"Bachelor of Industrial Engineering (Turkish)",https://search.studyinturkiye.com/sit-program/bachelor-of-industrial-engineering-turkish-5/
"Bachelor of Healthcare Management (English)",https://search.studyinturkiye.com/sit-program/bachelor-of-healthcare-management-english-2/
"Bachelor of Healthcare Management (Turkish)",https://search.studyinturkiye.com/sit-program/bachelor-of-healthcare-management-turkish-6/
"Bachelor of Guidance and Psychological Counseling (Turkish)",https://search.studyinturkiye.com/sit-program/bachelor-of-guidance-and-psychological-counseling-turkish-3/
"Bachelor of Graphic Design Program (English)",https://search.studyinturkiye.com/sit-program/bachelor-of-graphic-design-program-english/
"Bachelor of Graphic Design (Turkish)",https://search.studyinturkiye.com/sit-program/bachelor-of-graphic-design-turkish-7/
"Bachelor of Gastronomy and Culinary Arts (Turkish)",https://search.studyinturkiye.com/sit-program/bachelor-of-gastronomy-and-culinary-arts-turkish-12/
"Bachelor of Foreign Language Education (English)",https://search.studyinturkiye.com/sit-program/bachelor-of-foreign-language-education-english/
"Bachelor of Filmmaking and Broadcasting (Turkish)",https://search.studyinturkiye.com/sit-program/bachelor-of-filmmaking-and-broadcasting-turkish/
"Bachelor of Fashion and Textile Design (Turkish)",https://search.studyinturkiye.com/sit-program/bachelor-of-fashion-and-textile-design-turkish-4/
"Bachelor of English Language Teaching (English)",https://search.studyinturkiye.com/sit-program/bachelor-of-english-language-teaching-english-6/
"Bachelor of Electrical and Electronics Engineering (English)",https://search.studyinturkiye.com/sit-program/bachelor-of-electrical-and-electronics-engineering-english-22/
"Bachelor of Educational Sciences (Turkish)",https://search.studyinturkiye.com/sit-program/bachelor-of-educational-sciences-turkish/
"Bachelor ofEconomics (Turkish)",https://search.studyinturkiye.com/sit-program/bachelor-ofeconomics-turkish-3/
"Bachelor of Economics (English)",https://search.studyinturkiye.com/sit-program/bachelor-of-economics-english-17/
"Bachelor of Early Childhood Education (Turkish)",https://search.studyinturkiye.com/sit-program/bachelor-of-early-childhood-education-turkish/
"Bachelor of Dentistry (English)",https://search.studyinturkiye.com/sit-program/bachelor-of-dentistry-english-19/
"Bachelor of Dentistry (Turkish)",https://search.studyinturkiye.com/sit-program/bachelor-of-dentistry-turkish-16/
"Bachelor of Computer Engineering (Turkish)",https://search.studyinturkiye.com/sit-program/bachelor-of-computer-engineering-turkish-9/
"Bachelor of Communication Design (English)",https://search.studyinturkiye.com/sit-program/bachelor-of-communication-design-english/
"Bachelor of Civil Engineering (English)",https://search.studyinturkiye.com/sit-program/bachelor-of-civil-engineering-english-17/
"Bachelor of Cartoon and Animation (Turkish)",https://search.studyinturkiye.com/sit-program/bachelor-of-cartoon-and-animation-turkish-5/
"Bachelor ofBusiness Administration (Turkish)",https://search.studyinturkiye.com/sit-program/bachelor-ofbusiness-administration-turkish-3/
"Bachelor of Business Administration (English)",https://search.studyinturkiye.com/sit-program/bachelor-of-business-administration-english-22/
"Bachelor of Biomedical Engineering (English)",https://search.studyinturkiye.com/sit-program/bachelor-of-biomedical-engineering-english-10/
"Bachelor of Banking and Finance (Turkish)",https://search.studyinturkiye.com/sit-program/bachelor-of-banking-and-finance-turkish-4/
"Bachelor of Audiology (Turkish)",https://search.studyinturkiye.com/sit-program/bachelor-of-audiology-turkish-9/
"Bachelor of Architecture (Turkish)",https://search.studyinturkiye.com/sit-program/bachelor-of-architecture-turkish-12/
"Bachelor of American Culture and Literature (English)",https://search.studyinturkiye.com/sit-program/bachelor-of-american-culture-and-literature-english-2/
"Bachelor of Web Application Development (English)",https://search.studyinturkiye.com/sit-program/bachelor-of-web-application-development-english/
"Bachelor of Sociology (English)",https://search.studyinturkiye.com/sit-program/bachelor-of-sociology-english-6/
"Bachelor of Social Studies Education (English)",https://search.studyinturkiye.com/sit-program/bachelor-of-social-studies-education-english/
"Bachelor of Psychology (English)",https://search.studyinturkiye.com/sit-program/bachelor-of-psychology-english-20/
"Bachelor of Political Science (English)",https://search.studyinturkiye.com/sit-program/bachelor-of-political-science-english-2/
"Bachelor of Philosophy and Religion (English)",https://search.studyinturkiye.com/sit-program/bachelor-of-philosophy-and-religion-english/
"Bachelor of Modern Languages (English)",https://search.studyinturkiye.com/sit-program/bachelor-of-modern-languages-english/
"Bachelor of Mathematics (English)",https://search.studyinturkiye.com/sit-program/bachelor-of-mathematics-english-8/
"Bachelor of Mass Communication (English)",https://search.studyinturkiye.com/sit-program/bachelor-of-mass-communication-english-2/
"Bachelor ofMarketing (English)",https://search.studyinturkiye.com/sit-program/bachelor-ofmarketing-english-2/
"Bachelor of Management (English)",https://search.studyinturkiye.com/sit-program/bachelor-of-management-english-4/
"Bachelor of International Business (English)",https://search.studyinturkiye.com/sit-program/bachelor-of-international-business-english-3/
"Bachelor of Interactive Media (English)",https://search.studyinturkiye.com/sit-program/bachelor-of-interactive-media-english/
"Bachelor of Integrated Marketing Communication (English)",https://search.studyinturkiye.com/sit-program/bachelor-of-integrated-marketing-communication-english/
"Bachelor of Individualized Studies (English)",https://search.studyinturkiye.com/sit-program/bachelor-of-individualized-studies-english/
"Bachelor ofHuman Resources Management (English)",https://search.studyinturkiye.com/sit-program/bachelor-ofhuman-resources-management-english-2/
"Bachelor of Human Nutrition (English)",https://search.studyinturkiye.com/sit-program/bachelor-of-human-nutrition-english/
"Bachelor ofHistory (English)",https://search.studyinturkiye.com/sit-program/bachelor-ofhistory-english-2/
"Bachelor of Environmental Studies (English)",https://search.studyinturkiye.com/sit-program/bachelor-of-environmental-studies-english/
"Bachelor of Environmental Sciences (English)",https://search.studyinturkiye.com/sit-program/bachelor-of-environmental-sciences-english/
"Bachelor of Entrepreneurship (English)",https://search.studyinturkiye.com/sit-program/bachelor-of-entrepreneurship-english/
"Bachelor of English (English)",https://search.studyinturkiye.com/sit-program/bachelor-of-english-english/
"Bachelor of Economics (English)",https://search.studyinturkiye.com/sit-program/bachelor-of-economics-english-18/
"Bachelor of Digital Mass Media (English)",https://search.studyinturkiye.com/sit-program/bachelor-of-digital-mass-media-english/
"Bachelor of Digital Commerce (English)",https://search.studyinturkiye.com/sit-program/bachelor-of-digital-commerce-english/
"Bachelor of Computer Information Systems (English)",https://search.studyinturkiye.com/sit-program/bachelor-of-computer-information-systems-english-2/
"Bachelor of Chemistry (English)",https://search.studyinturkiye.com/sit-program/bachelor-of-chemistry-english-3/
"Bachelor of Biology (English)",https://search.studyinturkiye.com/sit-program/bachelor-of-biology-english/
"Bachelor of Accounting (English)",https://search.studyinturkiye.com/sit-program/bachelor-of-accounting-english-2/
"PhD in Political Science (English)",https://search.studyinturkiye.com/sit-program/phd-in-political-science-english-3/
"PhD in Physics (English)",https://search.studyinturkiye.com/sit-program/phd-in-physics-english-4/
"PhD in Molecular Biology, Genetics and Bioengineering (English)",https://search.studyinturkiye.com/sit-program/phd-in-molecular-biology-genetics-and-bioengineering-english-2/
"PhD in Mechatronics Engineering (English)",https://search.studyinturkiye.com/sit-program/phd-in-mechatronics-engineering-english/
"PhD in Mathematics (English)",https://search.studyinturkiye.com/sit-program/phd-in-mathematics-english-4/
"PhD in Materials Science and Nano Engineering (English)",https://search.studyinturkiye.com/sit-program/phd-in-materials-science-and-nano-engineering-english-2/
"PhD in Manufacturing Engineering (English)",https://search.studyinturkiye.com/sit-program/phd-in-manufacturing-engineering-english/
"PhD in Management (English)",https://search.studyinturkiye.com/sit-program/phd-in-management-english-3/
"PhD in Industrial Engineering (English)",https://search.studyinturkiye.com/sit-program/phd-in-industrial-engineering-english-4/
"PhD in History (English)",https://search.studyinturkiye.com/sit-program/phd-in-history-english-3/
"PhD in Electronics Engineering (English)",https://search.studyinturkiye.com/sit-program/phd-in-electronics-engineering-english-3/
"PhD in Economics (English)",https://search.studyinturkiye.com/sit-program/phd-in-economics-english-5/
"PhD in Computer Science and Engineering (English)",https://search.studyinturkiye.com/sit-program/phd-in-computer-science-and-engineering-english/
"Master of Visual Arts and Visual Communication Design (Thesis) (English)",https://search.studyinturkiye.com/sit-program/master-of-visual-arts-and-visual-communication-design-thesis-english/
"Master of Visual Arts and Visual Communication Design (Non-Thesis) (English)",https://search.studyinturkiye.com/sit-program/master-of-visual-arts-and-visual-communication-design-non-thesis-english/
"Master of Turkish Studies (Non-Thesis) (English)",https://search.studyinturkiye.com/sit-program/master-of-turkish-studies-non-thesis-english/
"Master of Public Policy (Thesis) (English)",https://search.studyinturkiye.com/sit-program/master-of-public-policy-thesis-english/
"Master of Public Policy (Non-Thesis) (English)",https://search.studyinturkiye.com/sit-program/master-of-public-policy-non-thesis-english/
"Master of Political Sciences (Thesis) (English)",https://search.studyinturkiye.com/sit-program/master-of-political-sciences-thesis-english-3/
"Master of Political Sciences (Non-Thesis) (English)",https://search.studyinturkiye.com/sit-program/master-of-political-sciences-non-thesis-english/
"Master of Physics (Thesis) (English)",https://search.studyinturkiye.com/sit-program/master-of-physics-thesis-english-2/
"Master of Molecular Biology, Genetics and Bioengineering (Thesis) (English)",https://search.studyinturkiye.com/sit-program/master-of-molecular-biology-genetics-and-bioengineering-thesis-english/
"Master of Mechatronics Engineering (Thesis) (English)",https://search.studyinturkiye.com/sit-program/master-of-mechatronics-engineering-thesis-english-5/
"Master of Mathematics (Thesis) (English)",https://search.studyinturkiye.com/sit-program/master-of-mathematics-thesis-english-5/
"Master of Materials Science and Nano Engineering(Thesis) (English)",https://search.studyinturkiye.com/sit-program/master-of-materials-science-and-nano-engineeringthesis-english-2/
"Master of Manufacturing Engineering (Thesis) (English)",https://search.studyinturkiye.com/sit-program/master-of-manufacturing-engineering-thesis-english-2/
"Master of Industrial Engineering (Thesis) (English)",https://search.studyinturkiye.com/sit-program/master-of-industrial-engineering-thesis-english-7/
"Master of History (Thesis) (English)",https://search.studyinturkiye.com/sit-program/master-of-history-thesis-english-4/
"Master of History (Non-Thesis) (English)",https://search.studyinturkiye.com/sit-program/master-of-history-non-thesis-english-2/
"Master of Finance (Non-Thesis) (English)",https://search.studyinturkiye.com/sit-program/master-of-finance-non-thesis-english/
"Master of European Studies (Thesis) (English)",https://search.studyinturkiye.com/sit-program/master-of-european-studies-thesis-english/
"Master of European Studies (Non-Thesis) (English)",https://search.studyinturkiye.com/sit-program/master-of-european-studies-non-thesis-english/
"Master of Energy Management (Thesis) (English)",https://search.studyinturkiye.com/sit-program/master-of-energy-management-thesis-english/
"Master of Electronics Engineering (Thesis) (English)",https://search.studyinturkiye.com/sit-program/master-of-electronics-engineering-thesis-english-3/
"Master of Economics (Thesis) (English)",https://search.studyinturkiye.com/sit-program/master-of-economics-thesis-english-5/
"Master of Economics (Non-Thesis) (English)",https://search.studyinturkiye.com/sit-program/master-of-economics-non-thesis-english-5/
"Master of Cultural Studies (Thesis) (English)",https://search.studyinturkiye.com/sit-program/master-of-cultural-studies-thesis-english/
"Master of Cultural Studies (Non-Thesis) (English)",https://search.studyinturkiye.com/sit-program/master-of-cultural-studies-non-thesis-english/
"Master of Conflict Analysis and Resolution (Thesis) (English)",https://search.studyinturkiye.com/sit-program/master-of-conflict-analysis-and-resolution-thesis-english/
"Master of ConflictAnalysis and Resolution (Non-Thesis) (English)",https://search.studyinturkiye.com/sit-program/master-of-conflictanalysis-and-resolution-non-thesis-english/
"Master of Computer Science and Engineering (Thesis) (English)",https://search.studyinturkiye.com/sit-program/master-of-computer-science-and-engineering-thesis-english/
"Master of Business Administration (Non-Thesis) (English)",https://search.studyinturkiye.com/sit-program/master-of-business-administration-non-thesis-english-16/
"Bachelor of Visual Arts and Visual Communication Design (English)",https://search.studyinturkiye.com/sit-program/bachelor-of-visual-arts-and-visual-communication-design-english/
"Bachelor of Psychology (English)",https://search.studyinturkiye.com/sit-program/bachelor-of-psychology-english-21/
"Bachelor of Political Science and International Relations (English)",https://search.studyinturkiye.com/sit-program/bachelor-of-political-science-and-international-relations-english-13/
"Bachelor of Molecular Biology, Genetics and Bioengineering (English)",https://search.studyinturkiye.com/sit-program/bachelor-of-molecular-biology-genetics-and-bioengineering-english/
"Bachelor of Mechatronics Engineering (English)",https://search.studyinturkiye.com/sit-program/bachelor-of-mechatronics-engineering-english-8/
"Bachelor ofMaterials Science and Nano Engineering (English)",https://search.studyinturkiye.com/sit-program/bachelor-ofmaterials-science-and-nano-engineering-english/
"Bachelor of Management (English)",https://search.studyinturkiye.com/sit-program/bachelor-of-management-english-5/
"Bachelor of International Studies (English)",https://search.studyinturkiye.com/sit-program/bachelor-of-international-studies-english/
"Bachelor of Industrial Engineering (English)",https://search.studyinturkiye.com/sit-program/bachelor-of-industrial-engineering-english-17/
"Bachelor of Electronics Engineering (English)",https://search.studyinturkiye.com/sit-program/bachelor-of-electronics-engineering-english/
"Bachelor of Economics (English)",https://search.studyinturkiye.com/sit-program/bachelor-of-economics-english-19/
"Bachelor of Cultural Studies (English)",https://search.studyinturkiye.com/sit-program/bachelor-of-cultural-studies-english/
"Bachelor of Computer Science and Engineering (English)",https://search.studyinturkiye.com/sit-program/bachelor-of-computer-science-and-engineering-english/
"Associate of Opticianry (Turkish)",https://search.studyinturkiye.com/sit-program/associate-of-opticianry-turkish-14/
"Associate of Medical Laboratory Techniques (Turkish)",https://search.studyinturkiye.com/sit-program/associate-of-medical-laboratory-techniques-turkish-12/
"Associate of Radiotherapy (Turkish)",https://search.studyinturkiye.com/sit-program/associate-of-radiotherapy-turkish-9/
"Associate of Physiotherapy (Turkish)",https://search.studyinturkiye.com/sit-program/associate-of-physiotherapy-turkish-15/
"Associate of Oral and Dental Health (Turkish)",https://search.studyinturkiye.com/sit-program/associate-of-oral-and-dental-health-turkish-15/
"Associate of Operating Room Services(Turkish)",https://search.studyinturkiye.com/sit-program/associate-of-operating-room-servicesturkish/
"Associate of Medical Imaging Techniques (Turkish)",https://search.studyinturkiye.com/sit-program/associate-of-medical-imaging-techniques-turkish-15/
"Associate of Medical Documentation and Secretarial Services (Turkish)",https://search.studyinturkiye.com/sit-program/associate-of-medical-documentation-and-secretarial-services-turkish-5/
"Associate of First Aid and Emergency (Turkish)",https://search.studyinturkiye.com/sit-program/associate-of-first-aid-and-emergency-turkish-15/
"Associate of Audiometry (Turkish)",https://search.studyinturkiye.com/sit-program/associate-of-audiometry-turkish-12/
"Associate of Anesthesia (Turkish)",https://search.studyinturkiye.com/sit-program/associate-of-anesthesia-turkish-19/
"PhD in Prothetic Dental Treatment ( Joint Degree )(English )",https://search.studyinturkiye.com/sit-program/phd-in-prothetic-dental-treatment-joint-degree-english/
"PhD in International Relations (Joint Degree) (English)",https://search.studyinturkiye.com/sit-program/phd-in-international-relations-joint-degree-english/
"PhD in Public Law (Turkish)",https://search.studyinturkiye.com/sit-program/phd-in-public-law-turkish-5/
"PhD in Private Law (Turkish)",https://search.studyinturkiye.com/sit-program/phd-in-private-law-turkish-8/
"PhD in Pharmaceutical Sciences (Turkish)",https://search.studyinturkiye.com/sit-program/phd-in-pharmaceutical-sciences-turkish/
"PhD in Periodontology (English)",https://search.studyinturkiye.com/sit-program/phd-in-periodontology-english-2/
"PhD in Pediatric Dentistry (Turkish)",https://search.studyinturkiye.com/sit-program/phd-in-pediatric-dentistry-turkish-2/
"PhD in Orthodontics (Turkish)",https://search.studyinturkiye.com/sit-program/phd-in-orthodontics-turkish-4/
"PhD in Health Management (Turkish)",https://search.studyinturkiye.com/sit-program/phd-in-health-management-turkish-3/
"PhD in Electrical and Computer Engineering (English)",https://search.studyinturkiye.com/sit-program/phd-in-electrical-and-computer-engineering-english/
"PhD in Business Administration (English)",https://search.studyinturkiye.com/sit-program/phd-in-business-administration-english-11/
"Master of International Taxation (THESIS) (Turkish)",https://search.studyinturkiye.com/sit-program/master-of-international-taxation-thesis-turkish/
"Master of Data Analytics (Thesis) (English)",https://search.studyinturkiye.com/sit-program/master-of-data-analytics-thesis-english/
"Master of Data Analytics (Non-Thesis) (English)",https://search.studyinturkiye.com/sit-program/master-of-data-analytics-non-thesis-english/
"Master of Strategic Marketing and Brand Management (Thesis) (Turkish)",https://search.studyinturkiye.com/sit-program/master-of-strategic-marketing-and-brand-management-thesis-turkish-2/
"Master of Strategic Marketing and Brand Management (Non-Thesis) (Turkish)",https://search.studyinturkiye.com/sit-program/master-of-strategic-marketing-and-brand-management-non-thesis-turkish-3/
"Master of Public Law (Thesis) (Turkish)",https://search.studyinturkiye.com/sit-program/master-of-public-law-thesis-turkish-12/
"Master of Private Law (Non-Thesis) (Turkish)",https://search.studyinturkiye.com/sit-program/master-of-private-law-non-thesis-turkish-7/
"Master of Political Science and International Relations (Thesis) (English)",https://search.studyinturkiye.com/sit-program/master-of-political-science-and-international-relations-thesis-english-8/
"Master of Political Science and International Relations (Non-Thesis) (English)",https://search.studyinturkiye.com/sit-program/master-of-political-science-and-international-relations-non-thesis-english-6/
"Master of Periodontology(Thesis) (Turkish)",https://search.studyinturkiye.com/sit-program/master-of-periodontologythesis-turkish-2/
"Master of Pediatric Dentistry (Thesis) (Turkish)",https://search.studyinturkiye.com/sit-program/master-of-pediatric-dentistry-thesis-turkish/
"Master of Pediatric Dentistry (Non-Thesis) (Turkish)",https://search.studyinturkiye.com/sit-program/master-of-pediatric-dentistry-non-thesis-turkish/
"Master of International Trade Law (Thesis) (Turkish)",https://search.studyinturkiye.com/sit-program/master-of-international-trade-law-thesis-turkish/
"Master of International Trade Law (Non-Thesis) (English)",https://search.studyinturkiye.com/sit-program/master-of-international-trade-law-non-thesis-english/
"Master of International Trade Law (Non-Thesis) (Turkish)",https://search.studyinturkiye.com/sit-program/master-of-international-trade-law-non-thesis-turkish/
"Master of Information Technology (Thesis) (English)",https://search.studyinturkiye.com/sit-program/master-of-information-technology-thesis-english-5/
"Master of Information Technology (Non-Thesis) (English)",https://search.studyinturkiye.com/sit-program/master-of-information-technology-non-thesis-english-3/
"Master of Industrial Engineering (Thesis) (English)",https://search.studyinturkiye.com/sit-program/master-of-industrial-engineering-thesis-english-8/
"Master of Industrial Engineering (Non-Thesis) (English)",https://search.studyinturkiye.com/sit-program/master-of-industrial-engineering-non-thesis-english-4/
"Master of Histology and Embryology (Thesis) (Turkish)",https://search.studyinturkiye.com/sit-program/master-of-histology-and-embryology-thesis-turkish-2/
"Master of Financial Economics (Non-Thesis) (Turkish)",https://search.studyinturkiye.com/sit-program/master-of-financial-economics-non-thesis-turkish-2/
"Master of Electrical and Computer Engineering (Thesis) (English)",https://search.studyinturkiye.com/sit-program/master-of-electrical-and-computer-engineering-thesis-english-3/
"Master of Clinical Psychology (Thesis) (Turkish)",https://search.studyinturkiye.com/sit-program/master-of-clinical-psychology-thesis-turkish-8/
"Master of Clinical Psychology (Non-Thesis) (Turkish)",https://search.studyinturkiye.com/sit-program/master-of-clinical-psychology-non-thesis-turkish-7/
"Master of Clinical Periodontology (Non-Thesis) (English)",https://search.studyinturkiye.com/sit-program/master-of-clinical-periodontology-non-thesis-english/
"Master of Civil Engineering (Thesis) (English)",https://search.studyinturkiye.com/sit-program/master-of-civil-engineering-thesis-english-8/
"Master of Civil Engineering (Non-Thesis) (English)",https://search.studyinturkiye.com/sit-program/master-of-civil-engineering-non-thesis-english-5/
"Master of Business Administration (Thesis) (Turkish)",https://search.studyinturkiye.com/sit-program/master-of-business-administration-thesis-turkish-14/
"Master of Business Administration (Thesis) (English)",https://search.studyinturkiye.com/sit-program/master-of-business-administration-thesis-english-17/
"Master of Business Administration (Non-Thesis) (English)",https://search.studyinturkiye.com/sit-program/master-of-business-administration-non-thesis-english-17/
"Master of Business Administration (Non-Thesis) (Turkish)",https://search.studyinturkiye.com/sit-program/master-of-business-administration-non-thesis-turkish-13/
"Master of Biomedical Sciences (Thesis) (Turkish)",https://search.studyinturkiye.com/sit-program/master-of-biomedical-sciences-thesis-turkish/
"Master of Biomedical Sciences (Thesis) (English)",https://search.studyinturkiye.com/sit-program/master-of-biomedical-sciences-thesis-english/
"Master of Arts and Design (Thesis) (Turkish)",https://search.studyinturkiye.com/sit-program/master-of-arts-and-design-thesis-turkish-2/
"Master of Arts and Design (Non-Thesis) (Turkish)",https://search.studyinturkiye.com/sit-program/master-of-arts-and-design-non-thesis-turkish/
"Master of Architecture (Thesis) (English)",https://search.studyinturkiye.com/sit-program/master-of-architecture-thesis-english-6/
"Master of Architecture (Non-Thesis) (English)",https://search.studyinturkiye.com/sit-program/master-of-architecture-non-thesis-english-7/
"Master of Aesthetic Dentistry (Non-Thesis) (English)",https://search.studyinturkiye.com/sit-program/master-of-aesthetic-dentistry-non-thesis-english/
"Master of Accounting and Auditing (Thesis) (Turkish)",https://search.studyinturkiye.com/sit-program/master-of-accounting-and-auditing-thesis-turkish-3/
"Bachelor of Turkish Law -German Law (Joint with University of Cologne(50%Germany -50%Turkish)",https://search.studyinturkiye.com/sit-program/bachelor-of-turkish-law-german-law-joint-with-university-of-cologne50germany-50turkish/
"Associate of Pharmacy Services (Turkish)",https://search.studyinturkiye.com/sit-program/associate-of-pharmacy-services-turkish-9/
"Bachelor of Software Engineering (English)",https://search.studyinturkiye.com/sit-program/bachelor-of-software-engineering-english-17/
"Bachelor of Sociology (English)",https://search.studyinturkiye.com/sit-program/bachelor-of-sociology-english-7/
"Bachelor of Psychology (English)",https://search.studyinturkiye.com/sit-program/bachelor-of-psychology-english-22/
"Bachelor of Political Science and Public Administration (English)",https://search.studyinturkiye.com/sit-program/bachelor-of-political-science-and-public-administration-english-8/
"Bachelor of Pharmacy (English)",https://search.studyinturkiye.com/sit-program/bachelor-of-pharmacy-english-11/
"Bachelor of Medicine (English)",https://search.studyinturkiye.com/sit-program/bachelor-of-medicine-english-16/
"Bachelor of Mechanical Engineering (English)",https://search.studyinturkiye.com/sit-program/bachelor-of-mechanical-engineering-english-16/
"Bachelor of Marketing (English)",https://search.studyinturkiye.com/sit-program/bachelor-of-marketing-english-2/
"Bachelor of Management Information Systems (Turkish)",https://search.studyinturkiye.com/sit-program/bachelor-of-management-information-systems-turkish-13/
"Bachelor of Law 100% turkish",https://search.studyinturkiye.com/sit-program/bachelor-of-law-100-turkish/
"Bachelor of Jewelry Design (Turkish)",https://search.studyinturkiye.com/sit-program/bachelor-of-jewelry-design-turkish/
"Bachelor of International Trade Finance (English)",https://search.studyinturkiye.com/sit-program/bachelor-of-international-trade-finance-english/
"Bachelor of International Relations (English)",https://search.studyinturkiye.com/sit-program/bachelor-of-international-relations-english-11/
"Bachelor of Logistics Management (English)",https://search.studyinturkiye.com/sit-program/bachelor-of-logistics-management-english-5/
"Bachelor of Interior Architecture and Environmental Design (Turkish)",https://search.studyinturkiye.com/sit-program/bachelor-of-interior-architecture-and-environmental-design-turkish-11/
"Bachelor of Interior Architecture and Environmental Design (English)",https://search.studyinturkiye.com/sit-program/bachelor-of-interior-architecture-and-environmental-design-english-8/
"Bachelor of Industrial Engineering (English)",https://search.studyinturkiye.com/sit-program/bachelor-of-industrial-engineering-english-18/
"Bachelor of Health Management (Turkish)",https://search.studyinturkiye.com/sit-program/bachelor-of-health-management-turkish-6/
"Bachelor of Gastronomy And Culinary Art (Turkish)",https://search.studyinturkiye.com/sit-program/bachelor-of-gastronomy-and-culinary-art-turkish/
"Bachelor of Fashion and Textile Design (Turkish)",https://search.studyinturkiye.com/sit-program/bachelor-of-fashion-and-textile-design-turkish-5/
"Bachelor of Electrical and Electronics Engineering (English)",https://search.studyinturkiye.com/sit-program/bachelor-of-electrical-and-electronics-engineering-english-23/
"Bachelor of Economics (English)",https://search.studyinturkiye.com/sit-program/bachelor-of-economics-english-20/
"Bachelor of Dentistry (70%TR-30%EN)",https://search.studyinturkiye.com/sit-program/bachelor-of-dentistry-70tr-30en-2/
"Bachelor of Computer Engineering (English)",https://search.studyinturkiye.com/sit-program/bachelor-of-computer-engineering-english-26/
"Bachelor of Civil Engineering (English)",https://search.studyinturkiye.com/sit-program/bachelor-of-civil-engineering-english-18/
"Bachelor of Radio,Television,and Cinema (Turkish)",https://search.studyinturkiye.com/sit-program/bachelor-of-radiotelevisionand-cinema-turkish/
"Bachelor of Business Administration (English)",https://search.studyinturkiye.com/sit-program/bachelor-of-business-administration-english-23/
"Bachelor of Architecture (English)",https://search.studyinturkiye.com/sit-program/bachelor-of-architecture-english-19/
"Associate of Sports Trainer Education (Turkish)",https://search.studyinturkiye.com/sit-program/associate-of-sports-trainer-education-turkish/
"Associate of Aviation Electric and Electronics (Turkish)",https://search.studyinturkiye.com/sit-program/associate-of-aviation-electric-and-electronics-turkish/
"Associate of Occupational Health Safety (Turkish)",https://search.studyinturkiye.com/sit-program/associate-of-occupational-health-safety-turkish/
"Associate of Public Relations and Presentation (Turkish)",https://search.studyinturkiye.com/sit-program/associate-of-public-relations-and-presentation-turkish-2/
"Associate of Mechanics (Turkish)",https://search.studyinturkiye.com/sit-program/associate-of-mechanics-turkish-2/
"Associate of Physical Therapy (Turkish)",https://search.studyinturkiye.com/sit-program/associate-of-physical-therapy-turkish-2/
"Associate of Opticianry (Turkish)",https://search.studyinturkiye.com/sit-program/associate-of-opticianry-turkish-15/
"Associate of Medical Laboratory Techniques (Turkish)",https://search.studyinturkiye.com/sit-program/associate-of-medical-laboratory-techniques-turkish-13/
"Associate of Tourist Guidance (Turkish)",https://search.studyinturkiye.com/sit-program/associate-of-tourist-guidance-turkish-2/
"Associate of Tourism and Hotel Management (Turkish)",https://search.studyinturkiye.com/sit-program/associate-of-tourism-and-hotel-management-turkish-4/
"Associate of Sports Management (Turkish)",https://search.studyinturkiye.com/sit-program/associate-of-sports-management-turkish-3/
"Associate of Social Service Worker (Turkish)",https://search.studyinturkiye.com/sit-program/associate-of-social-service-worker-turkish-2/
"Associate of Radiotherapy (Turkish)",https://search.studyinturkiye.com/sit-program/associate-of-radiotherapy-turkish-10/
"Associate of Radio and TV Programming (Turkish)",https://search.studyinturkiye.com/sit-program/associate-of-radio-and-tv-programming-turkish-5/
"Associate of Public Relations and Publicity (Turkish)",https://search.studyinturkiye.com/sit-program/associate-of-public-relations-and-publicity-turkish-6/
"Associate of Printing and Publishing Technologies (Turkish)",https://search.studyinturkiye.com/sit-program/associate-of-printing-and-publishing-technologies-turkish/
"Associate of Physiotherapy (Turkish)",https://search.studyinturkiye.com/sit-program/associate-of-physiotherapy-turkish-16/
"Associate of Photography and Cameramanship (Turkish)",https://search.studyinturkiye.com/sit-program/associate-of-photography-and-cameramanship-turkish-3/
"Associate of Pharmacy Services (Turkish)",https://search.studyinturkiye.com/sit-program/associate-of-pharmacy-services-turkish-10/
"Associate of Pathology Laboratory Techniques (Turkish)",https://search.studyinturkiye.com/sit-program/associate-of-pathology-laboratory-techniques-turkish-7/
"Associate of Orthopedic Prosthetics and Orthotics (Turkish)",https://search.studyinturkiye.com/sit-program/associate-of-orthopedic-prosthetics-and-orthotics-turkish-5/
"Associate of Oral and Dental Health (Turkish)",https://search.studyinturkiye.com/sit-program/associate-of-oral-and-dental-health-turkish-16/
"Associate of Operation Room Services (Turkish)",https://search.studyinturkiye.com/sit-program/associate-of-operation-room-services-turkish-6/
"Associate of Occupational Health and Safety (Turkish)",https://search.studyinturkiye.com/sit-program/associate-of-occupational-health-and-safety-turkish-8/
"Associate of Medical Imaging Techniques (Turkish)",https://search.studyinturkiye.com/sit-program/associate-of-medical-imaging-techniques-turkish-16/
"Associate of Medical Documentation and Secretarial (Turkish)",https://search.studyinturkiye.com/sit-program/associate-of-medical-documentation-and-secretarial-turkish-6/
"Associate of Marine Transport and Business (Turkish)",https://search.studyinturkiye.com/sit-program/associate-of-marine-transport-and-business-turkish/
"Associate of Machinery (Turkish)",https://search.studyinturkiye.com/sit-program/associate-of-machinery-turkish-6/
"Associate of Logistics (Turkish)",https://search.studyinturkiye.com/sit-program/associate-of-logistics-turkish-9/
"Associate of Justice (Turkish)",https://search.studyinturkiye.com/sit-program/associate-of-justice-turkish-9/
"Associate of International Trade (Turkish)",https://search.studyinturkiye.com/sit-program/associate-of-international-trade-turkish-3/
"Associate of Interior Design (Turkish)",https://search.studyinturkiye.com/sit-program/associate-of-interior-design-turkish-8/
"Associate of Graphic Design (Turkish)",https://search.studyinturkiye.com/sit-program/associate-of-graphic-design-turkish-8/
"Associate of Foreign Trade (Turkish)",https://search.studyinturkiye.com/sit-program/associate-of-foreign-trade-turkish-8/
"Associate of First Aid and Emergency (Turkish)",https://search.studyinturkiye.com/sit-program/associate-of-first-aid-and-emergency-turkish-16/
"Associate of Fashion Design (Turkish)",https://search.studyinturkiye.com/sit-program/associate-of-fashion-design-turkish-5/
"Associate of Electroneurophysiology (Turkish)",https://search.studyinturkiye.com/sit-program/associate-of-electroneurophysiology-turkish-8/
"Associate of Electric (Turkish)",https://search.studyinturkiye.com/sit-program/associate-of-electric-turkish-8/
"Associate of Dialysis (Turkish)",https://search.studyinturkiye.com/sit-program/associate-of-dialysis-turkish-12/
"Associate of Dental Prosthesis Technology (Turkish)",https://search.studyinturkiye.com/sit-program/associate-of-dental-prosthesis-technology-turkish-6/
"Associate of Culinary (Turkish)",https://search.studyinturkiye.com/sit-program/associate-of-culinary-turkish-2/
"Bachelor of MathematicsTurkish",https://search.studyinturkiye.com/sit-program/bachelor-of-mathematicsturkish/
"Bachelor of Management Information Systems (English)",https://search.studyinturkiye.com/sit-program/bachelor-of-management-information-systems-english-10/
"Bachelor of Interior Architecture (Turkish)",https://search.studyinturkiye.com/sit-program/bachelor-of-interior-architecture-turkish-8/
"Bachelor of Industrial Engineering (English)",https://search.studyinturkiye.com/sit-program/bachelor-of-industrial-engineering-english-19/
"Bachelor of Graphic Design (Turkish)",https://search.studyinturkiye.com/sit-program/bachelor-of-graphic-design-turkish-8/
"PhD in Business Administration (English)",https://search.studyinturkiye.com/sit-program/phd-in-business-administration-english-12/
"Master of Guidance and Psychological Counseling (Thesis) (Turkish)",https://search.studyinturkiye.com/sit-program/master-of-guidance-and-psychological-counseling-thesis-turkish-3/
"Master of Business Administration (Thesis) (English)",https://search.studyinturkiye.com/sit-program/master-of-business-administration-thesis-english-18/
"Bachelor of Software Engineering (English)",https://search.studyinturkiye.com/sit-program/bachelor-of-software-engineering-english-18/
"Bachelor of Psychology (Turkish)",https://search.studyinturkiye.com/sit-program/bachelor-of-psychology-turkish-16/
"Bachelor of Psychology (English)",https://search.studyinturkiye.com/sit-program/bachelor-of-psychology-english-23/
"Bachelor of Guidance and Psychological Counseling (Turkish)",https://search.studyinturkiye.com/sit-program/bachelor-of-guidance-and-psychological-counseling-turkish-4/
"Bachelor of Physiotherapy and Rehabilitation (Turkish)",https://search.studyinturkiye.com/sit-program/bachelor-of-physiotherapy-and-rehabilitation-turkish-15/
"Bachelor of Nursing (English)",https://search.studyinturkiye.com/sit-program/bachelor-of-nursing-english-16/
"Bachelor of International Law (English)",https://search.studyinturkiye.com/sit-program/bachelor-of-international-law-english-2/
"Bachelor of Law (Turkish)",https://search.studyinturkiye.com/sit-program/bachelor-of-law-turkish-15/
"Bachelor of Business Administration (English)",https://search.studyinturkiye.com/sit-program/bachelor-of-business-administration-english-24/
"Associate of Dental Prosthesis Technology (Turkish)",https://search.studyinturkiye.com/sit-program/associate-of-dental-prosthesis-technology-turkish-7/
"Associate of Information Security Technology (Turkish)",https://search.studyinturkiye.com/sit-program/associate-of-information-security-technology-turkish-6/
"Associate of Opticianry (Turkish)",https://search.studyinturkiye.com/sit-program/associate-of-opticianry-turkish-16/
"Associate of Public Relations and AdvertisingEnglish",https://search.studyinturkiye.com/sit-program/associate-of-public-relations-and-advertisingenglish/
"Associate of Physiotherapy (Turkish)",https://search.studyinturkiye.com/sit-program/associate-of-physiotherapy-turkish-17/
"Associate of Oral and Dental Health (Turkish)",https://search.studyinturkiye.com/sit-program/associate-of-oral-and-dental-health-turkish-17/
"Associate of Operation Room Services (Turkish)",https://search.studyinturkiye.com/sit-program/associate-of-operation-room-services-turkish-7/
"Associate of Medical Imaging Techniques (Turkish)",https://search.studyinturkiye.com/sit-program/associate-of-medical-imaging-techniques-turkish-17/
"Associate of Justice (Turkish)",https://search.studyinturkiye.com/sit-program/associate-of-justice-turkish-10/
"Associate of International Trade (English)",https://search.studyinturkiye.com/sit-program/associate-of-international-trade-english/
"Associate of Interior Design (Turkish)",https://search.studyinturkiye.com/sit-program/associate-of-interior-design-turkish-9/
"Associate of Graphic DesignTurkish",https://search.studyinturkiye.com/sit-program/associate-of-graphic-designturkish-2/
"Associate of First Aid and Emergency (Turkish)",https://search.studyinturkiye.com/sit-program/associate-of-first-aid-and-emergency-turkish-17/
"Associate of Fashion DesignTurkish",https://search.studyinturkiye.com/sit-program/associate-of-fashion-designturkish-2/
"Associate of Disaster and Emergency ManagementTurkish",https://search.studyinturkiye.com/sit-program/associate-of-disaster-and-emergency-managementturkish/
"Associate of Dialysis (Turkish)",https://search.studyinturkiye.com/sit-program/associate-of-dialysis-turkish-13/
"Associate of Dental Pros TechnologyTurkish",https://search.studyinturkiye.com/sit-program/associate-of-dental-pros-technologyturkish/
"Associate of Cookery (Turkish)",https://search.studyinturkiye.com/sit-program/associate-of-cookery-turkish-5/
"Associate of Construction TechnologyTurkish",https://search.studyinturkiye.com/sit-program/associate-of-construction-technologyturkish/
"Associate of Computer ProgrammingTurkish",https://search.studyinturkiye.com/sit-program/associate-of-computer-programmingturkish-2/
"Associate of Civil Aviation Cabin ServicesTurkish",https://search.studyinturkiye.com/sit-program/associate-of-civil-aviation-cabin-servicesturkish/
"Associate of Civil Air Transportation ManagementTurkish",https://search.studyinturkiye.com/sit-program/associate-of-civil-air-transportation-managementturkish/
"Associate of Child DevelopmentEnglish",https://search.studyinturkiye.com/sit-program/associate-of-child-developmentenglish/
"Associate of Banking and InsuranceTurkish",https://search.studyinturkiye.com/sit-program/associate-of-banking-and-insuranceturkish/
"Associate of Audiometry (Turkish)",https://search.studyinturkiye.com/sit-program/associate-of-audiometry-turkish-13/
"Associate of Architectural RestorationTurkish",https://search.studyinturkiye.com/sit-program/associate-of-architectural-restorationturkish/
"Associate of Anesthesia (Turkish)",https://search.studyinturkiye.com/sit-program/associate-of-anesthesia-turkish-20/
"Associate of Accounting and TaxationTurkish",https://search.studyinturkiye.com/sit-program/associate-of-accounting-and-taxationturkish/
"Phd In Communication (PhD)English",https://search.studyinturkiye.com/sit-program/phd-in-communication-phdenglish/
"Phd In Business Administration / MarketingEnglish",https://search.studyinturkiye.com/sit-program/phd-in-business-administration-marketingenglish/
"PhD in Public LawTurkish",https://search.studyinturkiye.com/sit-program/phd-in-public-lawturkish/
"PhD in Private LawTurkish",https://search.studyinturkiye.com/sit-program/phd-in-private-lawturkish/
"PhD in Political ScienceEnglish",https://search.studyinturkiye.com/sit-program/phd-in-political-scienceenglish/
"PhD in Electrical and Electronics EngineeringEnglish",https://search.studyinturkiye.com/sit-program/phd-in-electrical-and-electronics-engineeringenglish/
"PhD in EconomicsEnglish",https://search.studyinturkiye.com/sit-program/phd-in-economicsenglish/
"PhD in Business AdministrationEnglish",https://search.studyinturkiye.com/sit-program/phd-in-business-administrationenglish/
"MASTER OF Financial Economics / Quantitative Finance (with thesis)English",https://search.studyinturkiye.com/sit-program/master-of-financial-economics-quantitative-finance-with-thesisenglish/
"MASTER OF History and Theory in Architecture (with thesis)English",https://search.studyinturkiye.com/sit-program/master-of-history-and-theory-in-architecture-with-thesisenglish/
"MASTER OF MARKETING COMMUNICATION/BRAND SCHOOL (THESIS)Turkish",https://search.studyinturkiye.com/sit-program/master-of-marketing-communication-brand-school-thesisturkish/
"MASTER OF MARKETING COMMUNICATION/BRAND SCHOOL (NON THESIS)Turkish",https://search.studyinturkiye.com/sit-program/master-of-marketing-communication-brand-school-non-thesisturkish/
"Master Of Turkish-German Business Law (Without Thesis)Turkish",https://search.studyinturkiye.com/sit-program/master-of-turkish-german-business-law-without-thesisturkish/
"Master Of Financial Economics/CFA (without thesis)English",https://search.studyinturkiye.com/sit-program/master-of-financial-economics-cfa-without-thesisenglish/
"Master Of Financial Economics / Quantitative Finance (without thesis)English",https://search.studyinturkiye.com/sit-program/master-of-financial-economics-quantitative-finance-without-thesisenglish/
"Master Of Trauma and Disaster Mental Health (with thesis)Turkish",https://search.studyinturkiye.com/sit-program/master-of-trauma-and-disaster-mental-health-with-thesisturkish/
"Master Of Social Projects and NGO Management (with thesis)Turkish",https://search.studyinturkiye.com/sit-program/master-of-social-projects-and-ngo-management-with-thesisturkish/
"Master Of Social Projects and NGO Management (without thesis)Turkish",https://search.studyinturkiye.com/sit-program/master-of-social-projects-and-ngo-management-without-thesisturkish/
"Master Of Philosophy and Social Thought (with thesis)English",https://search.studyinturkiye.com/sit-program/master-of-philosophy-and-social-thought-with-thesisenglish/
"Master Of Organizational Psychology (withthesis)English",https://search.studyinturkiye.com/sit-program/master-of-organizational-psychology-withthesisenglish/
"Master Of Organizational Psychology (without thesis)English",https://search.studyinturkiye.com/sit-program/master-of-organizational-psychology-without-thesisenglish/
"Master Of Organizational Psychology / Industrial Psychology (with thesis)English",https://search.studyinturkiye.com/sit-program/master-of-organizational-psychology-industrial-psychology-with-thesisenglish/
"Master Of Human Rights Law (without thesis)Turkish",https://search.studyinturkiye.com/sit-program/master-of-human-rights-law-without-thesisturkish/
"Master Of Human Rights Law (with thesis)Turkish",https://search.studyinturkiye.com/sit-program/master-of-human-rights-law-with-thesisturkish/
"Master Of Law / Business Law (with thesis)Turkish",https://search.studyinturkiye.com/sit-program/master-of-law-business-law-with-thesisturkish/
"Master Of Law / Business Law (without thesis)Turkish",https://search.studyinturkiye.com/sit-program/master-of-law-business-law-without-thesisturkish/
"Master Of History, Theory and Criticism in Architecture (with thesis)Turkish",https://search.studyinturkiye.com/sit-program/master-of-history-theory-and-criticism-in-architecture-with-thesisturkish/
"Master of Management Information Systems (Distance Learning)Turkish",https://search.studyinturkiye.com/sit-program/master-of-management-information-systems-distance-learningturkish/
"Master of Logistics and Supply Chain ManagementEnglish",https://search.studyinturkiye.com/sit-program/master-of-logistics-and-supply-chain-managementenglish/
"Master of International Political Economy (Thesis)English",https://search.studyinturkiye.com/sit-program/master-of-international-political-economy-thesisenglish/
"Master of International Political Economy (Non-Thesis)English",https://search.studyinturkiye.com/sit-program/master-of-international-political-economy-non-thesisenglish/
"Master of Cultural Management (Non-Thesis)English",https://search.studyinturkiye.com/sit-program/master-of-cultural-management-non-thesisenglish/
"Master of Cultural Management (Thesis)English",https://search.studyinturkiye.com/sit-program/master-of-cultural-management-thesisenglish/
"Master of Executive Business Administration (Non-Thesis) (Distance Education)Turkish",https://search.studyinturkiye.com/sit-program/master-of-executive-business-administration-non-thesis-distance-educationturkish/
"Master of Executive Business Administration (Non-Thesis) (Distance Education)English",https://search.studyinturkiye.com/sit-program/master-of-executive-business-administration-non-thesis-distance-educationenglish/
"Master of Human Resources Management (Non-Thesis) (Distance Learning)Turkish",https://search.studyinturkiye.com/sit-program/master-of-human-resources-management-non-thesis-distance-learningturkish/
"Master of Human Resources Management (Non-Thesis) (Distance Learning)English",https://search.studyinturkiye.com/sit-program/master-of-human-resources-management-non-thesis-distance-learningenglish/
"Master of TV and Film (Thesis)English",https://search.studyinturkiye.com/sit-program/master-of-tv-and-film-thesisenglish/
"Master of TV and Film (Non-Thesis)English",https://search.studyinturkiye.com/sit-program/master-of-tv-and-film-non-thesisenglish/
"Master of Physiotherapy and Rehabilitation (Thesis)Turkish",https://search.studyinturkiye.com/sit-program/master-of-physiotherapy-and-rehabilitation-thesisturkish-3/
"Master of Nutrition and Dietetics (Thesis)Turkish",https://search.studyinturkiye.com/sit-program/master-of-nutrition-and-dietetics-thesisturkish-3/
"Master ofMedia and Communication Systems (Thesis)English",https://search.studyinturkiye.com/sit-program/master-ofmedia-and-communication-systems-thesisenglish/
"Master of Marketing Management (Thesis)English",https://search.studyinturkiye.com/sit-program/master-of-marketing-management-thesisenglish/
"Master of Marketing Communication and Public Relations (Non-Thesis)Turkish",https://search.studyinturkiye.com/sit-program/master-of-marketing-communication-and-public-relations-non-thesisturkish/
"Master of Marketing (Thesis) (English)",https://search.studyinturkiye.com/sit-program/master-of-marketing-thesis-english-5/
"Master of Marketing (Non-Thesis) (English)",https://search.studyinturkiye.com/sit-program/master-of-marketing-non-thesis-english-3/
"Master of International Relations (Thesis)English",https://search.studyinturkiye.com/sit-program/master-of-international-relations-thesisenglish/
"Master of International Relations (Non-Thesis)English",https://search.studyinturkiye.com/sit-program/master-of-international-relations-non-thesisenglish/
"Master of International Finance (Thesis)English",https://search.studyinturkiye.com/sit-program/master-of-international-finance-thesisenglish/
"Master of International Finance (Non-Thesis)English",https://search.studyinturkiye.com/sit-program/master-of-international-finance-non-thesisenglish/
"Master of Human Resources (Non-Thesis)Turkish",https://search.studyinturkiye.com/sit-program/master-of-human-resources-non-thesisturkish/
"Master of Human Resources (Non-Thesis)English",https://search.studyinturkiye.com/sit-program/master-of-human-resources-non-thesisenglish/
"Master of History (Thesis)English",https://search.studyinturkiye.com/sit-program/master-of-history-thesisenglish/
"Master of Financial Economics(Thesis) (English)",https://search.studyinturkiye.com/sit-program/master-of-financial-economicsthesis-english-3/
"Master of Financial Economics (Non-Thesis) (English)",https://search.studyinturkiye.com/sit-program/master-of-financial-economics-non-thesis-english-3/
"Master of European Studies (Thesis)English",https://search.studyinturkiye.com/sit-program/master-of-european-studies-thesisenglish/
"Master of European Studies (Non-Thesis)English",https://search.studyinturkiye.com/sit-program/master-of-european-studies-non-thesisenglish/
"Master of Entrepreneurship and Innovation Management (Non-Thesis)English",https://search.studyinturkiye.com/sit-program/master-of-entrepreneurship-and-innovation-management-non-thesisenglish/
"Master of English Language and Literature (Thesis)English",https://search.studyinturkiye.com/sit-program/master-of-english-language-and-literature-thesisenglish/
"Master of Electrical and Electronics Engineering(Thesis)English",https://search.studyinturkiye.com/sit-program/master-of-electrical-and-electronics-engineeringthesisenglish/
"Master of Economics (Thesis)English",https://search.studyinturkiye.com/sit-program/master-of-economics-thesisenglish/
"Master of E-Business Management (Non-Thesis) (Distance Education)English",https://search.studyinturkiye.com/sit-program/master-of-e-business-management-non-thesis-distance-educationenglish/
"Master of E-Business Management (Non-Thesis) (Distance Education)Turkish",https://search.studyinturkiye.com/sit-program/master-of-e-business-management-non-thesis-distance-educationturkish/
"Master of Cultural Studies (Thesis)English",https://search.studyinturkiye.com/sit-program/master-of-cultural-studies-thesisenglish/
"Master of Computer Engineering (Thesis)English",https://search.studyinturkiye.com/sit-program/master-of-computer-engineering-thesisenglish-2/
"Master of Clinical Psychology (Thesis)English",https://search.studyinturkiye.com/sit-program/master-of-clinical-psychology-thesisenglish/
"Master of Business Administration (Non-Thesis) (English)",https://search.studyinturkiye.com/sit-program/master-of-business-administration-non-thesis-english-18/
"Master of BioEngineering (Thesis)English",https://search.studyinturkiye.com/sit-program/master-of-bioengineering-thesisenglish/
"Master of Banking and Finance (Non-Thesis) (Online)Turkish",https://search.studyinturkiye.com/sit-program/master-of-banking-and-finance-non-thesis-onlineturkish/
"Master of Arts in Marketing Communication (Thesis)Turkish",https://search.studyinturkiye.com/sit-program/master-of-arts-in-marketing-communication-thesisturkish/
"Master of Architectural Design (Non-Thesis)English",https://search.studyinturkiye.com/sit-program/master-of-architectural-design-non-thesisenglish/
"Master of Architectural Design (Non-Thesis)Turkish",https://search.studyinturkiye.com/sit-program/master-of-architectural-design-non-thesisturkish/
"Master of Accounting and Auditing (Thesis)Turkish",https://search.studyinturkiye.com/sit-program/master-of-accounting-and-auditing-thesisturkish-2/
"Master of Accounting and Auditing (Non-Thesis)Turkish",https://search.studyinturkiye.com/sit-program/master-of-accounting-and-auditing-non-thesisturkish-2/
"Bachelor of Arts and Culture Management DepartmentEnglish",https://search.studyinturkiye.com/sit-program/bachelor-of-arts-and-culture-management-departmentenglish/
"Bachelor of Public Relations and PublicityEnglish",https://search.studyinturkiye.com/sit-program/bachelor-of-public-relations-and-publicityenglish/
"Bachelor of Visual Communication DesignEnglish",https://search.studyinturkiye.com/sit-program/bachelor-of-visual-communication-designenglish/
"Bachelor of TV Reporting and ProgramingEnglish",https://search.studyinturkiye.com/sit-program/bachelor-of-tv-reporting-and-programingenglish/
"Bachelor ofTourism and Hotel ManagementEnglish",https://search.studyinturkiye.com/sit-program/bachelor-oftourism-and-hotel-managementenglish/
"Bachelor of Textile and Fashion Design (English)",https://search.studyinturkiye.com/sit-program/bachelor-of-textile-and-fashion-design-english-3/
"Bachelor of Sports ManagementEnglish",https://search.studyinturkiye.com/sit-program/bachelor-of-sports-managementenglish/
"Bachelor of Sports ManagementTurkish",https://search.studyinturkiye.com/sit-program/bachelor-of-sports-managementturkish/
"Bachelor of Sociology (Turkish)",https://search.studyinturkiye.com/sit-program/bachelor-of-sociology-turkish-7/
"Bachelor of Sociology (English)",https://search.studyinturkiye.com/sit-program/bachelor-of-sociology-english-8/
"Bachelor of Radio, Cinema and TVEnglish",https://search.studyinturkiye.com/sit-program/bachelor-of-radio-cinema-and-tvenglish/
"Bachelor of Psychology (English)",https://search.studyinturkiye.com/sit-program/bachelor-of-psychology-english-24/
"Bachelor of Political Science and Public Administration (English)",https://search.studyinturkiye.com/sit-program/bachelor-of-political-science-and-public-administration-english-9/
"Bachelor of Physiotherapy and Rehabilitation (English)",https://search.studyinturkiye.com/sit-program/bachelor-of-physiotherapy-and-rehabilitation-english-14/
"Bachelor of Physiotherapy and Rehabilitation (English)",https://search.studyinturkiye.com/sit-program/bachelor-of-physiotherapy-and-rehabilitation-english-15/
"Bachelor of Photography and VideoEnglish",https://search.studyinturkiye.com/sit-program/bachelor-of-photography-and-videoenglish/
"Bachelor of Performing Arts ManagementEnglish",https://search.studyinturkiye.com/sit-program/bachelor-of-performing-arts-managementenglish/
"Bachelor of Nutrition and DieteticsTurkish",https://search.studyinturkiye.com/sit-program/bachelor-of-nutrition-and-dieteticsturkish-3/
"Bachelor of NursingTurkish",https://search.studyinturkiye.com/sit-program/bachelor-of-nursingturkish/
"Bachelor ofNew Media and Communication (English)",https://search.studyinturkiye.com/sit-program/bachelor-ofnew-media-and-communication-english/
"Bachelor of MusicEnglish",https://search.studyinturkiye.com/sit-program/bachelor-of-musicenglish/
"Bachelor of Mechatronics EngineeringEnglish",https://search.studyinturkiye.com/sit-program/bachelor-of-mechatronics-engineeringenglish/
"Bachelor of Mechanical Engineering (English)",https://search.studyinturkiye.com/sit-program/bachelor-of-mechanical-engineering-english-17/
"Bachelor of MathematicsEnglish",https://search.studyinturkiye.com/sit-program/bachelor-of-mathematicsenglish/
"Bachelor of Marketing (English)",https://search.studyinturkiye.com/sit-program/bachelor-of-marketing-english-3/
"Bachelor of Management Information SystemsEnglish",https://search.studyinturkiye.com/sit-program/bachelor-of-management-information-systemsenglish/
"Bachelor of Logistics Management (English)",https://search.studyinturkiye.com/sit-program/bachelor-of-logistics-management-english-6/
"Bachelor of LawEnglish",https://search.studyinturkiye.com/sit-program/bachelor-of-lawenglish/
"Bachelor of LawTurkish",https://search.studyinturkiye.com/sit-program/bachelor-of-lawturkish/
"Bachelor of International Trade and BusinessEnglish",https://search.studyinturkiye.com/sit-program/bachelor-of-international-trade-and-businessenglish-2/
"Bachelor of International RelationsEnglish",https://search.studyinturkiye.com/sit-program/bachelor-of-international-relationsenglish/
"Bachelor of International Logistics and TransportationEnglish",https://search.studyinturkiye.com/sit-program/bachelor-of-international-logistics-and-transportationenglish/
"Bachelor of International Finance (English)",https://search.studyinturkiye.com/sit-program/bachelor-of-international-finance-english-3/
"Bachelor of Interior Design (English)",https://search.studyinturkiye.com/sit-program/bachelor-of-interior-design-english-3/
"Bachelor of Industrial EngineeringEnglish",https://search.studyinturkiye.com/sit-program/bachelor-of-industrial-engineeringenglish/
"Bachelor of Industrial Design (English)",https://search.studyinturkiye.com/sit-program/bachelor-of-industrial-design-english-6/
"Bachelor of HistoryEnglish",https://search.studyinturkiye.com/sit-program/bachelor-of-historyenglish/
"Bachelor of Genetics and BioEngineeringEnglish",https://search.studyinturkiye.com/sit-program/bachelor-of-genetics-and-bioengineeringenglish/
"Bachelor of Gastronomy and Culinary Arts (English)",https://search.studyinturkiye.com/sit-program/bachelor-of-gastronomy-and-culinary-arts-english-10/
"Bachelor of European StudiesEnglish",https://search.studyinturkiye.com/sit-program/bachelor-of-european-studiesenglish/
"Bachelor of English Language and LiteratureEnglish",https://search.studyinturkiye.com/sit-program/bachelor-of-english-language-and-literatureenglish/
"Bachelor of Energy Systems EngineeringEnglish",https://search.studyinturkiye.com/sit-program/bachelor-of-energy-systems-engineeringenglish/
"Bachelor of Electrical and Electronics Engineering (Turkish)",https://search.studyinturkiye.com/sit-program/bachelor-of-electrical-and-electronics-engineering-turkish-8/
"Bachelor of Economics and Finance (English)",https://search.studyinturkiye.com/sit-program/bachelor-of-economics-and-finance-english-5/
"Bachelor of EconomicsEnglish",https://search.studyinturkiye.com/sit-program/bachelor-of-economicsenglish/
"Bachelor of Digital Game DesignEnglish",https://search.studyinturkiye.com/sit-program/bachelor-of-digital-game-designenglish/
"Bachelor of Computer Engineering (English)",https://search.studyinturkiye.com/sit-program/bachelor-of-computer-engineering-english-27/
"Bachelor of Comparative LiteratureEnglish",https://search.studyinturkiye.com/sit-program/bachelor-of-comparative-literatureenglish/
"Bachelor of Communication Design and ManagementEnglish",https://search.studyinturkiye.com/sit-program/bachelor-of-communication-design-and-managementenglish/
"Bachelor of Civil EngineeringEnglish",https://search.studyinturkiye.com/sit-program/bachelor-of-civil-engineeringenglish/
"Bachelor of Child DevelopmentTurkish",https://search.studyinturkiye.com/sit-program/bachelor-of-child-developmentturkish/
"Bachelor of Business Administration (English)",https://search.studyinturkiye.com/sit-program/bachelor-of-business-administration-english-25/
"Bachelor of Aviation Management (English)",https://search.studyinturkiye.com/sit-program/bachelor-of-aviation-management-english-5/
"Bachelor of Aviation Management (Turkish)",https://search.studyinturkiye.com/sit-program/bachelor-of-aviation-management-turkish-3/
"Bachelor of Architecture (English)",https://search.studyinturkiye.com/sit-program/bachelor-of-architecture-english-20/
"Bachelor of AdvertisingEnglish",https://search.studyinturkiye.com/sit-program/bachelor-of-advertisingenglish/
"Turkish Language Preparatory Program (Turkish)",https://search.studyinturkiye.com/sit-program/turkish-language-preparatory-program-turkish-2/
"English Language Preparatory ProgramEnglish",https://search.studyinturkiye.com/sit-program/english-language-preparatory-programenglish/
"Associate of Foreign Trade (E-Learning) (Turkish)",https://search.studyinturkiye.com/sit-program/associate-of-foreign-trade-e-learning-turkish/
"Associate of E-Trade and Marketing (Turkish)",https://search.studyinturkiye.com/sit-program/associate-of-e-trade-and-marketing-turkish-2/
"Associate of Logistics (Distance Learning) (Turkish)",https://search.studyinturkiye.com/sit-program/associate-of-logistics-distance-learning-turkish/
"Associate of Rail Systems ManagementTurkish",https://search.studyinturkiye.com/sit-program/associate-of-rail-systems-managementturkish/
"Associate of Information Security Technology (Turkish)",https://search.studyinturkiye.com/sit-program/associate-of-information-security-technology-turkish-7/
"Associate of Opticianry (Turkish)",https://search.studyinturkiye.com/sit-program/associate-of-opticianry-turkish-17/
"Associate of Physiotherapy (Turkish)",https://search.studyinturkiye.com/sit-program/associate-of-physiotherapy-turkish-18/
"Associate of Oral and Dental Health (Turkish)",https://search.studyinturkiye.com/sit-program/associate-of-oral-and-dental-health-turkish-18/
"Associate of Operation Room Services (Turkish)",https://search.studyinturkiye.com/sit-program/associate-of-operation-room-services-turkish-8/
"Associate of Occupational Health and Safety (Turkish)",https://search.studyinturkiye.com/sit-program/associate-of-occupational-health-and-safety-turkish-9/
"Associate of Medical Imaging Techniques (Turkish)",https://search.studyinturkiye.com/sit-program/associate-of-medical-imaging-techniques-turkish-18/
"Associate of Maritime and Port Management (Turkish)",https://search.studyinturkiye.com/sit-program/associate-of-maritime-and-port-management-turkish-2/
"Associate of Logistics (Turkish)",https://search.studyinturkiye.com/sit-program/associate-of-logistics-turkish-10/
"Associate of Interior Design (Turkish)",https://search.studyinturkiye.com/sit-program/associate-of-interior-design-turkish-10/
"Associate of Foreign Trade (Turkish)",https://search.studyinturkiye.com/sit-program/associate-of-foreign-trade-turkish-9/
"Associate of First Aid and Emergency (Turkish)",https://search.studyinturkiye.com/sit-program/associate-of-first-aid-and-emergency-turkish-18/
"Associate of Dialysis (Turkish)",https://search.studyinturkiye.com/sit-program/associate-of-dialysis-turkish-14/
"Associate of Cookery (Turkish)",https://search.studyinturkiye.com/sit-program/associate-of-cookery-turkish-6/
"Associate of Computer Programming (Turkish)",https://search.studyinturkiye.com/sit-program/associate-of-computer-programming-turkish-12/
"Associate of Civil Aviation Management (Turkish)",https://search.studyinturkiye.com/sit-program/associate-of-civil-aviation-management-turkish/
"Associate of Civil Aviation Cabin ServicesTurkish",https://search.studyinturkiye.com/sit-program/associate-of-civil-aviation-cabin-servicesturkish-2/
"Associate of Civil Aviation Cabin Services (English)",https://search.studyinturkiye.com/sit-program/associate-of-civil-aviation-cabin-services-english-3/
"Associate of Audiometry (Turkish)",https://search.studyinturkiye.com/sit-program/associate-of-audiometry-turkish-14/
"Master of Artificial Intelligence (Thesis) (English)",https://search.studyinturkiye.com/sit-program/master-of-artificial-intelligence-thesis-english-2/
"Master of Artificial Intelligence (Non-Thesis) (English)",https://search.studyinturkiye.com/sit-program/master-of-artificial-intelligence-non-thesis-english-2/
"Master of Communication Design and Semiotics (Thesis)Turkish",https://search.studyinturkiye.com/sit-program/master-of-communication-design-and-semiotics-thesisturkish/
"Master of Communication Design and Semiotics (Non-Thesis)Turkish",https://search.studyinturkiye.com/sit-program/master-of-communication-design-and-semiotics-non-thesisturkish/
"Master of Work and Organizational Psychology (Non-Thesis)Turkish",https://search.studyinturkiye.com/sit-program/master-of-work-and-organizational-psychology-non-thesisturkish/
"Master of International Trade and Logistics (Non-Thesis) (Distance Learning ) (Turkish)",https://search.studyinturkiye.com/sit-program/master-of-international-trade-and-logistics-non-thesis-distance-learning-turkish/
"Master of Visual Arts and Visual Communication Design (Thesis)Turkish",https://search.studyinturkiye.com/sit-program/master-of-visual-arts-and-visual-communication-design-thesisturkish/
"Master of Visual Arts and Visual Communication Design (Non-Thesis)Turkish",https://search.studyinturkiye.com/sit-program/master-of-visual-arts-and-visual-communication-design-non-thesisturkish/
"Master of Strategic Marketing and Brand Management (Thesis)English",https://search.studyinturkiye.com/sit-program/master-of-strategic-marketing-and-brand-management-thesisenglish/
"Master of Strategic Marketing and Brand Management (Thesis)Turkish",https://search.studyinturkiye.com/sit-program/master-of-strategic-marketing-and-brand-management-thesisturkish/
"Master of Strategic Marketing and Brand Management (Non-Thesis) (English)",https://search.studyinturkiye.com/sit-program/master-of-strategic-marketing-and-brand-management-non-thesis-english/
"Master of Strategic Marketing and Brand Management (Non-Thesis) (Turkish)",https://search.studyinturkiye.com/sit-program/master-of-strategic-marketing-and-brand-management-non-thesis-turkish-4/
"Master of Psychology (Thesis)Turkish",https://search.studyinturkiye.com/sit-program/master-of-psychology-thesisturkish-2/
"Master of Psychology (Non-Thesis)Turkish",https://search.studyinturkiye.com/sit-program/master-of-psychology-non-thesisturkish/
"Master of International Trade and Logistics (Thesis)Turkish",https://search.studyinturkiye.com/sit-program/master-of-international-trade-and-logistics-thesisturkish/
"Master of International Trade and Logistics (Non-Thesis)Turkish",https://search.studyinturkiye.com/sit-program/master-of-international-trade-and-logistics-non-thesisturkish/
"Master of Global Politics and International Relations (Thesis)English",https://search.studyinturkiye.com/sit-program/master-of-global-politics-and-international-relations-thesisenglish/
"Master of Global Politics and International Relations (Non-Thesis)English",https://search.studyinturkiye.com/sit-program/master-of-global-politics-and-international-relations-non-thesisenglish/
"Master of Financial Economics (Thesis) (Turkish)",https://search.studyinturkiye.com/sit-program/master-of-financial-economics-thesis-turkish/
"Master of Financial Economics (Non-Thesis) (Turkish)",https://search.studyinturkiye.com/sit-program/master-of-financial-economics-non-thesis-turkish-3/
"Master of Entrepreneurship and Innovation Management (Non-Thesis)English",https://search.studyinturkiye.com/sit-program/master-of-entrepreneurship-and-innovation-management-non-thesisenglish-2/
"Master of Construction Management (Thesis)Turkish",https://search.studyinturkiye.com/sit-program/master-of-construction-management-thesisturkish/
"Master of Computer Engineering (Thesis)English",https://search.studyinturkiye.com/sit-program/master-of-computer-engineering-thesisenglish-3/
"Master of Computer Engineering (Non-Thesis)English",https://search.studyinturkiye.com/sit-program/master-of-computer-engineering-non-thesisenglish/
"Master of Clinical Psychology (Thesis)Turkish",https://search.studyinturkiye.com/sit-program/master-of-clinical-psychology-thesisturkish-2/
"Master of Clinical Psychology (Non-Thesis)Turkish",https://search.studyinturkiye.com/sit-program/master-of-clinical-psychology-non-thesisturkish/
"Master of Business Administration (Thesis)Turkish",https://search.studyinturkiye.com/sit-program/master-of-business-administration-thesisturkish/
"Master of Business Administration (Thesis)English",https://search.studyinturkiye.com/sit-program/master-of-business-administration-thesisenglish/
"Master of Business Administration (Non-Thesis)English",https://search.studyinturkiye.com/sit-program/master-of-business-administration-non-thesisenglish/
"Master of Business Administration (Non-Thesis)Turkish",https://search.studyinturkiye.com/sit-program/master-of-business-administration-non-thesisturkish/
"Master of Business Administration (Non-Thesis) (Distance Learning)English",https://search.studyinturkiye.com/sit-program/master-of-business-administration-non-thesis-distance-learningenglish/
"Master of Business Administration (Non-Thesis) (Distance Learning)Turkish",https://search.studyinturkiye.com/sit-program/master-of-business-administration-non-thesis-distance-learningturkish/
"Master of Accounting and Auditing (Non-Thesis)Turkish",https://search.studyinturkiye.com/sit-program/master-of-accounting-and-auditing-non-thesisturkish-3/
"Bachelor of Engineering ManagementEnglish",https://search.studyinturkiye.com/sit-program/bachelor-of-engineering-managementenglish/
"Bachelor of Translation and Interpretation70%EN-30%TR",https://search.studyinturkiye.com/sit-program/bachelor-of-translation-and-interpretation70en-30tr/
"Bachelor of Software EngineeringTurkish",https://search.studyinturkiye.com/sit-program/bachelor-of-software-engineeringturkish/
"Bachelor of Radio, Cinema and TV (Turkish)",https://search.studyinturkiye.com/sit-program/bachelor-of-radio-cinema-and-tv-turkish-11/
"Bachelor of Public Relations and AdvertisingTurkish",https://search.studyinturkiye.com/sit-program/bachelor-of-public-relations-and-advertisingturkish/
"Bachelor of Psychology (English)",https://search.studyinturkiye.com/sit-program/bachelor-of-psychology-english-25/
"Bachelor of Psychology (Turkish)",https://search.studyinturkiye.com/sit-program/bachelor-of-psychology-turkish-17/
"Bachelor of Political Science andInternational Relations (English)",https://search.studyinturkiye.com/sit-program/bachelor-of-political-science-andinternational-relations-english/
"Bachelor of Logistics Management (English)",https://search.studyinturkiye.com/sit-program/bachelor-of-logistics-management-english-7/
"Bachelor of International Trade and Finance (English)",https://search.studyinturkiye.com/sit-program/bachelor-of-international-trade-and-finance-english-8/
"Bachelor of Interior Architecture (Turkish)",https://search.studyinturkiye.com/sit-program/bachelor-of-interior-architecture-turkish-9/
"Bachelor of Industrial Product DesignEnglish",https://search.studyinturkiye.com/sit-program/bachelor-of-industrial-product-designenglish/
"Bachelor of Industrial Engineering (English)",https://search.studyinturkiye.com/sit-program/bachelor-of-industrial-engineering-english-20/
"Bachelor of Graphic Design (Turkish)",https://search.studyinturkiye.com/sit-program/bachelor-of-graphic-design-turkish-9/
"Bachelor of Gastronomy and Culinary Arts (Turkish)",https://search.studyinturkiye.com/sit-program/bachelor-of-gastronomy-and-culinary-arts-turkish-13/
"Bachelor of Digital Game Design (Turkish)",https://search.studyinturkiye.com/sit-program/bachelor-of-digital-game-design-turkish-6/
"Bachelor of Computer Engineering (English)",https://search.studyinturkiye.com/sit-program/bachelor-of-computer-engineering-english-28/
"Bachelor of Communication and DesignTurkish",https://search.studyinturkiye.com/sit-program/bachelor-of-communication-and-designturkish/
"Bachelor of Cartoon and Animation (Turkish)",https://search.studyinturkiye.com/sit-program/bachelor-of-cartoon-and-animation-turkish-6/
"Bachelor of Business Administration (Turkish)",https://search.studyinturkiye.com/sit-program/bachelor-of-business-administration-turkish-11/
"Bachelor of Business Administration (English)",https://search.studyinturkiye.com/sit-program/bachelor-of-business-administration-english-26/
"Bachelor of Aviation Management (English)",https://search.studyinturkiye.com/sit-program/bachelor-of-aviation-management-english-6/
"Bachelor of Architecture (Turkish)",https://search.studyinturkiye.com/sit-program/bachelor-of-architecture-turkish-13/
"Bachelor of Criminal Justice (English)",https://search.studyinturkiye.com/sit-program/bachelor-of-criminal-justice-english/
"Bachelor of Chemistry (English)",https://search.studyinturkiye.com/sit-program/bachelor-of-chemistry-english-4/
"Bachelor of Business Administration (English)",https://search.studyinturkiye.com/sit-program/bachelor-of-business-administration-english-27/
"Bachelor of BioTechnology (English)",https://search.studyinturkiye.com/sit-program/bachelor-of-biotechnology-english-2/
"Bachelor of Mechatronics Engineering (English)",https://search.studyinturkiye.com/sit-program/bachelor-of-mechatronics-engineering-english-9/
"Bachelor of Electronics and Telecommunication Engineering (English)",https://search.studyinturkiye.com/sit-program/bachelor-of-electronics-and-telecommunication-engineering-english/
"Master of Management (Thesis) (English)",https://search.studyinturkiye.com/sit-program/master-of-management-thesis-english-2/
"Bachelor of Cinematography and Post Production (English)",https://search.studyinturkiye.com/sit-program/bachelor-of-cinematography-and-post-production-english/
"Bachelor of Urban Management (English)",https://search.studyinturkiye.com/sit-program/bachelor-of-urban-management-english/
"Bachelor of Information Technology (English)",https://search.studyinturkiye.com/sit-program/bachelor-of-information-technology-english-4/
"Bachelor of Tourism and Hospitality Management (English)",https://search.studyinturkiye.com/sit-program/bachelor-of-tourism-and-hospitality-management-english/
"Bachelor of Physiotherapy (English)",https://search.studyinturkiye.com/sit-program/bachelor-of-physiotherapy-english/
"Bachelor of Nursing (English)",https://search.studyinturkiye.com/sit-program/bachelor-of-nursing-english-17/
"Bachelor of International Business Management (English)",https://search.studyinturkiye.com/sit-program/bachelor-of-international-business-management-english/
"Bachelor of English Philology (English)",https://search.studyinturkiye.com/sit-program/bachelor-of-english-philology-english/
"Bachelor of International Tourism and Hospitality Management (English)",https://search.studyinturkiye.com/sit-program/bachelor-of-international-tourism-and-hospitality-management-english/
"Bachelor of International Business Management (English)",https://search.studyinturkiye.com/sit-program/bachelor-of-international-business-management-english-2/
"Bachelor of English Studies (English)",https://search.studyinturkiye.com/sit-program/bachelor-of-english-studies-english/
"Bachelor of Computer Science (English)",https://search.studyinturkiye.com/sit-program/bachelor-of-computer-science-english-3/
"Bachelor of Psychology (English)",https://search.studyinturkiye.com/sit-program/bachelor-of-psychology-english-26/
"Bachelor of International Business Management (English)",https://search.studyinturkiye.com/sit-program/bachelor-of-international-business-management-english-3/
"Bachelor ofIndustrial Design (English)",https://search.studyinturkiye.com/sit-program/bachelor-ofindustrial-design-english/
"Bachelor of English Studies (English)",https://search.studyinturkiye.com/sit-program/bachelor-of-english-studies-english-2/
"Bachelor of Business Administration (English)",https://search.studyinturkiye.com/sit-program/bachelor-of-business-administration-english-28/
"Bachelor of BioTechnology (English)",https://search.studyinturkiye.com/sit-program/bachelor-of-biotechnology-english-3/
"Bachelor of Biology (English)",https://search.studyinturkiye.com/sit-program/bachelor-of-biology-english-2/
"Bachelor of Biochemistry (English)",https://search.studyinturkiye.com/sit-program/bachelor-of-biochemistry-english/
"Bachelor of Art and Architectural History (English)",https://search.studyinturkiye.com/sit-program/bachelor-of-art-and-architectural-history-english/
"Bachelor of Architecture (English)",https://search.studyinturkiye.com/sit-program/bachelor-of-architecture-english-21/
"Bachelor of Aquaculture and Aquarium Science (English)",https://search.studyinturkiye.com/sit-program/bachelor-of-aquaculture-and-aquarium-science-english/
"Bachelor of Applied Mathematics (English)",https://search.studyinturkiye.com/sit-program/bachelor-of-applied-mathematics-english/
"Bachelor of Anthropology and Sociology (English)",https://search.studyinturkiye.com/sit-program/bachelor-of-anthropology-and-sociology-english/
"Bachelor of American Studies (English)",https://search.studyinturkiye.com/sit-program/bachelor-of-american-studies-english/
"Bachelor of Accounting (English)",https://search.studyinturkiye.com/sit-program/bachelor-of-accounting-english-3/
"Bachelor of Management and Finance (English)",https://search.studyinturkiye.com/sit-program/bachelor-of-management-and-finance-english/
"Bachelor of International and Political Studies (English)",https://search.studyinturkiye.com/sit-program/bachelor-of-international-and-political-studies-english/
"Bachelor of English Studies (English)",https://search.studyinturkiye.com/sit-program/bachelor-of-english-studies-english-3/
"Bachelor of Computer Science (English)",https://search.studyinturkiye.com/sit-program/bachelor-of-computer-science-english-4/
"Bachelor of Business Management (English)",https://search.studyinturkiye.com/sit-program/bachelor-of-business-management-english/
"Bachelor ofMedicine (Polish)",https://search.studyinturkiye.com/sit-program/bachelor-ofmedicine-polish/
"Bachelor of Management (English)",https://search.studyinturkiye.com/sit-program/bachelor-of-management-english-6/
"Bachelor of Law in International Relations (Polish)",https://search.studyinturkiye.com/sit-program/bachelor-of-law-in-international-relations-polish/
"Bachelor of Law in Business Management (Polish)",https://search.studyinturkiye.com/sit-program/bachelor-of-law-in-business-management-polish/
"Bachelor of International Relations (English)",https://search.studyinturkiye.com/sit-program/bachelor-of-international-relations-english-12/
"Bachelor of Finance and Accounting (Polish)",https://search.studyinturkiye.com/sit-program/bachelor-of-finance-and-accounting-polish/
"Bachelor of Business Economics (English)",https://search.studyinturkiye.com/sit-program/bachelor-of-business-economics-english-2/
"Bachelor of Physiotherapy (English)",https://search.studyinturkiye.com/sit-program/bachelor-of-physiotherapy-english-2/
"Bachelor of International Management (English)",https://search.studyinturkiye.com/sit-program/bachelor-of-international-management-english/
"Bachelor of Information Technology (English)",https://search.studyinturkiye.com/sit-program/bachelor-of-information-technology-english-5/
"Bachelor of General Aviation (English)",https://search.studyinturkiye.com/sit-program/bachelor-of-general-aviation-english/
"Bachelor of Aviation Management (English)",https://search.studyinturkiye.com/sit-program/bachelor-of-aviation-management-english-7/
"PhD in International Affairs (English)",https://search.studyinturkiye.com/sit-program/phd-in-international-affairs-english/
"PhD in Economics (English)",https://search.studyinturkiye.com/sit-program/phd-in-economics-english-6/
"PhD in Art History (English)",https://search.studyinturkiye.com/sit-program/phd-in-art-history-english/
"Bachelor of Management with HRM and Business Psychology (English)",https://search.studyinturkiye.com/sit-program/bachelor-of-management-with-hrm-and-business-psychology-english/
"Bachelor of Management (English)",https://search.studyinturkiye.com/sit-program/bachelor-of-management-english-7/
"Master of Tourism Management (Thesis) (English)",https://search.studyinturkiye.com/sit-program/master-of-tourism-management-thesis-english-2/
"Master of Marketing (Thesis) (English)",https://search.studyinturkiye.com/sit-program/master-of-marketing-thesis-english-6/
"Master of Management and Leadership (Thesis) (English)",https://search.studyinturkiye.com/sit-program/master-of-management-and-leadership-thesis-english/
"Master of Graphic Design (Thesis) (English)",https://search.studyinturkiye.com/sit-program/master-of-graphic-design-thesis-english-2/
"Master of Communication and Media Studies (Thesis) (English)",https://search.studyinturkiye.com/sit-program/master-of-communication-and-media-studies-thesis-english/
"Master of Business Administration (Thesis) (English)",https://search.studyinturkiye.com/sit-program/master-of-business-administration-thesis-english-19/
"Master of Arts and Design (Thesis) (English)",https://search.studyinturkiye.com/sit-program/master-of-arts-and-design-thesis-english/
"Bachelor of Film and Media (English)",https://search.studyinturkiye.com/sit-program/bachelor-of-film-and-media-english/
"Bachelor of Management and Leadership (English)",https://search.studyinturkiye.com/sit-program/bachelor-of-management-and-leadership-english/
"Bachelor of Visual Representation (English)",https://search.studyinturkiye.com/sit-program/bachelor-of-visual-representation-english/
"Bachelor of Tourism and Catering (English)",https://search.studyinturkiye.com/sit-program/bachelor-of-tourism-and-catering-english/
"Bachelor of Photography (English)",https://search.studyinturkiye.com/sit-program/bachelor-of-photography-english-2/
"Bachelor of Media Design (English)",https://search.studyinturkiye.com/sit-program/bachelor-of-media-design-english/
"Bachelor of International Relations (English)",https://search.studyinturkiye.com/sit-program/bachelor-of-international-relations-english-13/
"Bachelor of Graphic Design (English)",https://search.studyinturkiye.com/sit-program/bachelor-of-graphic-design-english-4/
"Bachelor of Finance and Accounting (English)",https://search.studyinturkiye.com/sit-program/bachelor-of-finance-and-accounting-english/
"Bachelor of Environmental Design (English)",https://search.studyinturkiye.com/sit-program/bachelor-of-environmental-design-english/
"Bachelor of Communication and Media Science (English)",https://search.studyinturkiye.com/sit-program/bachelor-of-communication-and-media-science-english/
"Bachelor of Commerce and Marketing (English)",https://search.studyinturkiye.com/sit-program/bachelor-of-commerce-and-marketing-english/
"Bachelor of Business Administration and Management (English)",https://search.studyinturkiye.com/sit-program/bachelor-of-business-administration-and-management-english-2/
"Bachelor of Animation (English)",https://search.studyinturkiye.com/sit-program/bachelor-of-animation-english-2/
"master of International Economy and Business ( non thesis ) (English)",https://search.studyinturkiye.com/sit-program/master-of-international-economy-and-business-non-thesis-english/
"Master of International Economy and Business ( thesis) (English)",https://search.studyinturkiye.com/sit-program/master-of-international-economy-and-business-thesis-english/
"Master of Tourism Management (Thesis) (English)",https://search.studyinturkiye.com/sit-program/master-of-tourism-management-thesis-english-3/
"Master of Tourism Management (Non-Thesis) (English)",https://search.studyinturkiye.com/sit-program/master-of-tourism-management-non-thesis-english/
"Master of Marketing (Thesis) (English)",https://search.studyinturkiye.com/sit-program/master-of-marketing-thesis-english-7/
"Master of Marketing (Non-Thesis) (English)",https://search.studyinturkiye.com/sit-program/master-of-marketing-non-thesis-english-4/
"Master of International Relations (Thesis) (English)",https://search.studyinturkiye.com/sit-program/master-of-international-relations-thesis-english-6/
"Master of International Relations (Non-Thesis) (English)",https://search.studyinturkiye.com/sit-program/master-of-international-relations-non-thesis-english-5/
"bachelor of International Business Economics (English)",https://search.studyinturkiye.com/sit-program/bachelor-of-international-business-economics-english/
"Bachelor of Tourism and Catering (English)",https://search.studyinturkiye.com/sit-program/bachelor-of-tourism-and-catering-english-2/
"Bachelor of Mechanical Engineering (English)",https://search.studyinturkiye.com/sit-program/bachelor-of-mechanical-engineering-english-18/
"Bachelor of Finance and Accounting (English)",https://search.studyinturkiye.com/sit-program/bachelor-of-finance-and-accounting-english-2/
"Bachelor of Environmental Engineering (English)",https://search.studyinturkiye.com/sit-program/bachelor-of-environmental-engineering-english-2/
"Bachelor of Electrical Engineering (English)",https://search.studyinturkiye.com/sit-program/bachelor-of-electrical-engineering-english/
"Bachelor of Computer Engineering (English)",https://search.studyinturkiye.com/sit-program/bachelor-of-computer-engineering-english-29/
"Bachelor of Communication and Media Science (English)",https://search.studyinturkiye.com/sit-program/bachelor-of-communication-and-media-science-english-2/
"Bachelor of Commerce and Marketing (English)",https://search.studyinturkiye.com/sit-program/bachelor-of-commerce-and-marketing-english-2/
"Bachelor of Chemical Engineering (English)",https://search.studyinturkiye.com/sit-program/bachelor-of-chemical-engineering-english-3/
"Bachelor of Business Information System (English)",https://search.studyinturkiye.com/sit-program/bachelor-of-business-information-system-english-2/
"Bachelor of Business Administration and Management (English)",https://search.studyinturkiye.com/sit-program/bachelor-of-business-administration-and-management-english-3/
"Bachelor of Biochemical Engineering (English)",https://search.studyinturkiye.com/sit-program/bachelor-of-biochemical-engineering-english/
"Bachelor of Art History, Classical Studies, Ethics, Film and Visual Studies, Philosophy (within Liberal Arts program) (English)",https://search.studyinturkiye.com/sit-program/bachelor-of-art-history-classical-studies-ethics-film-and-visual-studies-philosophy-within-liberal-arts-program-english/
"Bachelor & Master (Integrated) Architecture (English)",https://search.studyinturkiye.com/sit-program/bachelor-master-integrated-architecture-english/
"Bachelor & PhD Integrated &#8211; Pharmacy (English)",https://search.studyinturkiye.com/sit-program/bachelor-phd-integrated-pharmacy-english/
"Bachelor of Pedagogy (English)",https://search.studyinturkiye.com/sit-program/bachelor-of-pedagogy-english/
"Bachelor of Orchestral and Choral Conducting (English)",https://search.studyinturkiye.com/sit-program/bachelor-of-orchestral-and-choral-conducting-english/
"Bachelor of Classical Singing (English)",https://search.studyinturkiye.com/sit-program/bachelor-of-classical-singing-english/
"Bachelor of Electronic Music & Media (English)",https://search.studyinturkiye.com/sit-program/bachelor-of-electronic-music-media-english/
"Bachelor of Ceramics Design (English)",https://search.studyinturkiye.com/sit-program/bachelor-of-ceramics-design-english/
"Bachelor of Business with Economics (English)",https://search.studyinturkiye.com/sit-program/bachelor-of-business-with-economics-english/
"Bachelor of Media and Communications (English)",https://search.studyinturkiye.com/sit-program/bachelor-of-media-and-communications-english/
"Bachelor of German Studies (English)",https://search.studyinturkiye.com/sit-program/bachelor-of-german-studies-english/
"Bachelor of Architectural Engineering (English)",https://search.studyinturkiye.com/sit-program/bachelor-of-architectural-engineering-english/
"Bachelor of Social Work (English)",https://search.studyinturkiye.com/sit-program/bachelor-of-social-work-english-2/
"Bachelor of Psychology (English)",https://search.studyinturkiye.com/sit-program/bachelor-of-psychology-english-27/
"Bachelor of Pre-School Teaching (English)",https://search.studyinturkiye.com/sit-program/bachelor-of-pre-school-teaching-english-2/
"Bachelor of Physiotherapy (English)",https://search.studyinturkiye.com/sit-program/bachelor-of-physiotherapy-english-3/
"Bachelor of Physics (English)",https://search.studyinturkiye.com/sit-program/bachelor-of-physics-english-4/
"Bachelor of Physical Training (English)",https://search.studyinturkiye.com/sit-program/bachelor-of-physical-training-english/
"Bachelor of Nursing (English)",https://search.studyinturkiye.com/sit-program/bachelor-of-nursing-english-18/
"Bachelor of Medicine (English)",https://search.studyinturkiye.com/sit-program/bachelor-of-medicine-english-17/
"Bachelor of Mathematics (English)",https://search.studyinturkiye.com/sit-program/bachelor-of-mathematics-english-9/
"Bachelor of International Relations (English)",https://search.studyinturkiye.com/sit-program/bachelor-of-international-relations-english-14/
"Bachelor ofFinancial Management (English)",https://search.studyinturkiye.com/sit-program/bachelor-offinancial-management-english/
"Bachelor of English and American Studies (English)",https://search.studyinturkiye.com/sit-program/bachelor-of-english-and-american-studies-english/
"Bachelor of Electrical Engineering (English)",https://search.studyinturkiye.com/sit-program/bachelor-of-electrical-engineering-english-2/
"Bachelor of Dietetics (English)",https://search.studyinturkiye.com/sit-program/bachelor-of-dietetics-english/
"Bachelor of Dentistry (English)",https://search.studyinturkiye.com/sit-program/bachelor-of-dentistry-english-20/
"Bachelor of Computer Science and Engineering (English)",https://search.studyinturkiye.com/sit-program/bachelor-of-computer-science-and-engineering-english-2/
"Bachelor of Computer Science (English)",https://search.studyinturkiye.com/sit-program/bachelor-of-computer-science-english-5/
"Bachelor of Classical Music (English)",https://search.studyinturkiye.com/sit-program/bachelor-of-classical-music-english/
"Bachelor of Civil Engineering (English)",https://search.studyinturkiye.com/sit-program/bachelor-of-civil-engineering-english-19/
"Bachelor of Chemistry (English)",https://search.studyinturkiye.com/sit-program/bachelor-of-chemistry-english-5/
"Bachelor of BioTechnology (English)",https://search.studyinturkiye.com/sit-program/bachelor-of-biotechnology-english-4/
"Bachelor of Biology (English)",https://search.studyinturkiye.com/sit-program/bachelor-of-biology-english-3/
"Bachelor of Archaeology (English)",https://search.studyinturkiye.com/sit-program/bachelor-of-archaeology-english-2/
"Bachelor of Tourism and Recreation (English)",https://search.studyinturkiye.com/sit-program/bachelor-of-tourism-and-recreation-english/
"Bachelor of Spanish Studies (English)",https://search.studyinturkiye.com/sit-program/bachelor-of-spanish-studies-english/
"Bachelor of Management (English)",https://search.studyinturkiye.com/sit-program/bachelor-of-management-english-8/
"Bachelor of Journalism and Social Communication (English)",https://search.studyinturkiye.com/sit-program/bachelor-of-journalism-and-social-communication-english/
"Bachelor of Finance and Accounting (English)",https://search.studyinturkiye.com/sit-program/bachelor-of-finance-and-accounting-english-3/
"Bachelor of English Studies (English)",https://search.studyinturkiye.com/sit-program/bachelor-of-english-studies-english-4/
"Bachelor of Dietetics (English)",https://search.studyinturkiye.com/sit-program/bachelor-of-dietetics-english-2/
"Bachelor of Management (English)",https://search.studyinturkiye.com/sit-program/bachelor-of-management-english-9/
"Bachelor of Finance and Accounting (English)",https://search.studyinturkiye.com/sit-program/bachelor-of-finance-and-accounting-english-4/
"Bachelor of TeleCommunications (English)",https://search.studyinturkiye.com/sit-program/bachelor-of-telecommunications-english/
"Bachelor of Power Engineering (English)",https://search.studyinturkiye.com/sit-program/bachelor-of-power-engineering-english/
"Bachelor of Environmental Engineering (English)",https://search.studyinturkiye.com/sit-program/bachelor-of-environmental-engineering-english-3/
"Bachelor of Electrical Engineering (English)",https://search.studyinturkiye.com/sit-program/bachelor-of-electrical-engineering-english-3/
"Bachelor of Electric and Hybrid Vehicles Engineering (English)",https://search.studyinturkiye.com/sit-program/bachelor-of-electric-and-hybrid-vehicles-engineering-english/
"Bachelor of Computer Science and Information Systems (English)",https://search.studyinturkiye.com/sit-program/bachelor-of-computer-science-and-information-systems-english/
"Bachelor of Civil Engineering (English)",https://search.studyinturkiye.com/sit-program/bachelor-of-civil-engineering-english-20/
"Bachelor of Automotive Mechatronics (English)",https://search.studyinturkiye.com/sit-program/bachelor-of-automotive-mechatronics-english/
"Bachelor of Architecture (English)",https://search.studyinturkiye.com/sit-program/bachelor-of-architecture-english-22/
"Bachelor of Aerospace Engineering (English)",https://search.studyinturkiye.com/sit-program/bachelor-of-aerospace-engineering-english-2/
"Bachelor of Organizational Management (English)",https://search.studyinturkiye.com/sit-program/bachelor-of-organizational-management-english/
"Bachelor of Mechanical Engineering (English)",https://search.studyinturkiye.com/sit-program/bachelor-of-mechanical-engineering-english-19/
"Bachelor of Electronic and Computer Engineering (English)",https://search.studyinturkiye.com/sit-program/bachelor-of-electronic-and-computer-engineering-english/
"Bachelor of Computer Science (English)",https://search.studyinturkiye.com/sit-program/bachelor-of-computer-science-english-6/
"Foundation in Business (English)",https://search.studyinturkiye.com/sit-program/foundation-in-business-english/
"Foundation in Science (English)",https://search.studyinturkiye.com/sit-program/foundation-in-science-english-2/
"English Language Preparatory Program (English)",https://search.studyinturkiye.com/sit-program/english-language-preparatory-program-english-9/
"Associate of Medical Laboratory Technology (English)",https://search.studyinturkiye.com/sit-program/associate-of-medical-laboratory-technology-english/
"Associate of Electrical and Electronic Engineering (English)",https://search.studyinturkiye.com/sit-program/associate-of-electrical-and-electronic-engineering-english-2/
"Associate of Education (TESL) (English)",https://search.studyinturkiye.com/sit-program/associate-of-education-tesl-english/
"Associate of Restaurant Management (English)",https://search.studyinturkiye.com/sit-program/associate-of-restaurant-management-english/
"Associate of Hotel Management (English)",https://search.studyinturkiye.com/sit-program/associate-of-hotel-management-english/
"Associate of Marketing (English)",https://search.studyinturkiye.com/sit-program/associate-of-marketing-english/
"Associate of Human Resource Management (English)",https://search.studyinturkiye.com/sit-program/associate-of-human-resource-management-english/
"Associate of Quantity Surveying (English)",https://search.studyinturkiye.com/sit-program/associate-of-quantity-surveying-english/
"Associate of Civil Engineering (English)",https://search.studyinturkiye.com/sit-program/associate-of-civil-engineering-english/
"Associate of Mechanical Engineering (English)",https://search.studyinturkiye.com/sit-program/associate-of-mechanical-engineering-english/
"Associate of Medical Imaging (Radiography) (English)",https://search.studyinturkiye.com/sit-program/associate-of-medical-imaging-radiography-english/
"Associate of Occupational and Safety (English)",https://search.studyinturkiye.com/sit-program/associate-of-occupational-and-safety-english/
"Associate of Pharmacy (English)",https://search.studyinturkiye.com/sit-program/associate-of-pharmacy-english/
"Associate of Nursing (English)",https://search.studyinturkiye.com/sit-program/associate-of-nursing-english/
"Associate of Paediatric Nursing (English)",https://search.studyinturkiye.com/sit-program/associate-of-paediatric-nursing-english/
"Associate of Midwifery (English)",https://search.studyinturkiye.com/sit-program/associate-of-midwifery-english/
"Associate of Paramedical Science (English)",https://search.studyinturkiye.com/sit-program/associate-of-paramedical-science-english/
"Associate of Environmental Health (English)",https://search.studyinturkiye.com/sit-program/associate-of-environmental-health-english/
"Associate of Physiotherapy (English)",https://search.studyinturkiye.com/sit-program/associate-of-physiotherapy-english-4/
"Associate of Information Technology (English)",https://search.studyinturkiye.com/sit-program/associate-of-information-technology-english/
"Associate of Early Childhood Education (English)",https://search.studyinturkiye.com/sit-program/associate-of-early-childhood-education-english/
"Associate of Dental Technology (English)",https://search.studyinturkiye.com/sit-program/associate-of-dental-technology-english/
"Associate of Business Administration (English)",https://search.studyinturkiye.com/sit-program/associate-of-business-administration-english-3/
"Associate of Business (English)",https://search.studyinturkiye.com/sit-program/associate-of-business-english/
"Associate of Accounting (English)",https://search.studyinturkiye.com/sit-program/associate-of-accounting-english-2/
"Doctor of Philosophy by Research (English)",https://search.studyinturkiye.com/sit-program/doctor-of-philosophy-by-research-english/
"PhD in Philosophy in Nursing (English)",https://search.studyinturkiye.com/sit-program/phd-in-philosophy-in-nursing-english/
"PhD in Philosophy (Engineering) (English)",https://search.studyinturkiye.com/sit-program/phd-in-philosophy-engineering-english/
"PhD in Restorative Dentistry (English)",https://search.studyinturkiye.com/sit-program/phd-in-restorative-dentistry-english/
"PhD in Pharmacy (English)",https://search.studyinturkiye.com/sit-program/phd-in-pharmacy-english/
"PhD in Management (English)",https://search.studyinturkiye.com/sit-program/phd-in-management-english-4/
"PhD in Business Administration (English)",https://search.studyinturkiye.com/sit-program/phd-in-business-administration-english-13/
"Master of Business Administration (Hospital Management)–(Online Distance Learning) (English)",https://search.studyinturkiye.com/sit-program/master-of-business-administration-hospital-management-online-distance-learning-english/
"Master of Business Administration (Hospital Management)–(ODL) (JALAN ILMU CAMPUS) (English)",https://search.studyinturkiye.com/sit-program/master-of-business-administration-hospital-management-odl-jalan-ilmu-campus-english/
"Master of Business Administration (Online Distance Learning) (English)",https://search.studyinturkiye.com/sit-program/master-of-business-administration-online-distance-learning-english/
"Master of Orofacial Sciences (English)",https://search.studyinturkiye.com/sit-program/master-of-orofacial-sciences-english/
"Master of Science in Public Health – (Online Distance Learning) (English)",https://search.studyinturkiye.com/sit-program/master-of-science-in-public-health-online-distance-learning-english/
"Master of Science in Public Health (Thesis) (English)",https://search.studyinturkiye.com/sit-program/master-of-science-in-public-health-thesis-english/
"Master of Science (Thesis) (English)",https://search.studyinturkiye.com/sit-program/master-of-science-thesis-english/
"Master of Physiotherapy (Thesis) (English)",https://search.studyinturkiye.com/sit-program/master-of-physiotherapy-thesis-english-2/
"Master of Pharmacy (Thesis) (English)",https://search.studyinturkiye.com/sit-program/master-of-pharmacy-thesis-english/
"Master of Nursing (Thesis) (English)",https://search.studyinturkiye.com/sit-program/master-of-nursing-thesis-english-3/
"Master of Medical Science (Thesis) (English)",https://search.studyinturkiye.com/sit-program/master-of-medical-science-thesis-english/
"Master of Medical Science (Anatomy) (Thesis) (English)",https://search.studyinturkiye.com/sit-program/master-of-medical-science-anatomy-thesis-english/
"Master of Engineering (Thesis) (English)",https://search.studyinturkiye.com/sit-program/master-of-engineering-thesis-english-2/
"Master of Business Administration in Hospital Management (Thesis) (English)",https://search.studyinturkiye.com/sit-program/master-of-business-administration-in-hospital-management-thesis-english/
"Master of Business Administration (Thesis) (English)",https://search.studyinturkiye.com/sit-program/master-of-business-administration-thesis-english-20/
"Bachelor of Science in Islamic Finance (Hons) (JALAN ILMU CAMPUS) (English)",https://search.studyinturkiye.com/sit-program/bachelor-of-science-in-islamic-finance-hons-jalan-ilmu-campus-english/
"Bachelor of Accounting (Hons) (English)",https://search.studyinturkiye.com/sit-program/bachelor-of-accounting-hons-english/
"Bachelor of Business Administration (Online Distance Learning) (English)",https://search.studyinturkiye.com/sit-program/bachelor-of-business-administration-online-distance-learning-english/
"Bachelor of Business Administration (JALAN ILMU CAMPUS) (English)",https://search.studyinturkiye.com/sit-program/bachelor-of-business-administration-jalan-ilmu-campus-english/
"Bachelor of Civil Engineering (Hons) (JALAN ILMU CAMPUS) (English)",https://search.studyinturkiye.com/sit-program/bachelor-of-civil-engineering-hons-jalan-ilmu-campus-english/
"Bachelor of Mechanical Engineering (Hons) (JALAN ILMU CAMPUS) (English)",https://search.studyinturkiye.com/sit-program/bachelor-of-mechanical-engineering-hons-jalan-ilmu-campus-english/
"Bachelor of Electrical & Electronic Engineering (Hons) (JALAN ILMU CAMPUS) (English)",https://search.studyinturkiye.com/sit-program/bachelor-of-electrical-electronic-engineering-hons-jalan-ilmu-campus-english/
"Bachelor of Medical Imaging (Hons) (Online Distance Learning) (English)",https://search.studyinturkiye.com/sit-program/bachelor-of-medical-imaging-hons-online-distance-learning-english/
"Bachelor of Medical Imaging (Hons) (English)",https://search.studyinturkiye.com/sit-program/bachelor-of-medical-imaging-hons-english/
"Bachelor of Environmental Health (Online Distance Learning) (English)",https://search.studyinturkiye.com/sit-program/bachelor-of-environmental-health-online-distance-learning-english/
"Bachelor of Environment Health and Safety (Hons) (English)",https://search.studyinturkiye.com/sit-program/bachelor-of-environment-health-and-safety-hons-english/
"Bachelor of Physiotherapy (Hons) (Online Distance Learning) (English)",https://search.studyinturkiye.com/sit-program/bachelor-of-physiotherapy-hons-online-distance-learning-english/
"Bachelor of Physiotherapy (Hons) (English)",https://search.studyinturkiye.com/sit-program/bachelor-of-physiotherapy-hons-english/
"Bachelor of Science in Pharmaceuticals Technology (Hons) (English)",https://search.studyinturkiye.com/sit-program/bachelor-of-science-in-pharmaceuticals-technology-hons-english/
"Bachelor of Nursing Sciences (Hons) – (Online Distance Learning) (D2D) (English)",https://search.studyinturkiye.com/sit-program/bachelor-of-nursing-sciences-hons-online-distance-learning-d2d-english/
"Bachelor of Science (Hons) Nursing (JALAN ILMU CAMPUS) (English)",https://search.studyinturkiye.com/sit-program/bachelor-of-science-hons-nursing-jalan-ilmu-campus-english/
"Bachelor of Nursing (Hons) Public Health (JALAN ILMU CAMPUS) (English)",https://search.studyinturkiye.com/sit-program/bachelor-of-nursing-hons-public-health-jalan-ilmu-campus-english/
"Bachelor of Hospital Management (Hons) (JALAN ILMU CAMPUS) (English)",https://search.studyinturkiye.com/sit-program/bachelor-of-hospital-management-hons-jalan-ilmu-campus-english/
"Bachelor of Science Biotechnology (Hons) (English)",https://search.studyinturkiye.com/sit-program/bachelor-of-science-biotechnology-hons-english/
"Bachelor of Biomedical Sciences (Hons) (Online Distance Learning) (English)",https://search.studyinturkiye.com/sit-program/bachelor-of-biomedical-sciences-hons-online-distance-learning-english/
"Bachelor of Biomedical Sciences (Hons) (English)",https://search.studyinturkiye.com/sit-program/bachelor-of-biomedical-sciences-hons-english/
"Bachelor of Medicine & Surgery (English)",https://search.studyinturkiye.com/sit-program/bachelor-of-medicine-surgery-english-3/
"Bachelor of Information Technology (Hons) (Information Systems) (Cyberjaya Campus) (English)",https://search.studyinturkiye.com/sit-program/bachelor-of-information-technology-hons-information-systems-cyberjaya-campus-english-2/
"Bachelor of Pharmacy (English)",https://search.studyinturkiye.com/sit-program/bachelor-of-pharmacy-english-12/
"Bachelor of Hospital Management (English)",https://search.studyinturkiye.com/sit-program/bachelor-of-hospital-management-english/
"Bachelor of Dental Surgery (English)",https://search.studyinturkiye.com/sit-program/bachelor-of-dental-surgery-english-2/
"Associate of Court Office Services (Turkish)",https://search.studyinturkiye.com/sit-program/associate-of-court-office-services-turkish-4/
"Associate of Dental Prosthesis Technology (Turkish)",https://search.studyinturkiye.com/sit-program/associate-of-dental-prosthesis-technology-turkish-8/
"Associate of Information Security Technology (Turkish)",https://search.studyinturkiye.com/sit-program/associate-of-information-security-technology-turkish-8/
"Associate of Medical Laboratory Techniques (Turkish)",https://search.studyinturkiye.com/sit-program/associate-of-medical-laboratory-techniques-turkish-14/
"Associate of Social Service Worker (Turkish)",https://search.studyinturkiye.com/sit-program/associate-of-social-service-worker-turkish-3/
"Associate of Physiotherapy (Turkish)",https://search.studyinturkiye.com/sit-program/associate-of-physiotherapy-turkish-19/
"Associate of Pharmacy Services (Turkish)",https://search.studyinturkiye.com/sit-program/associate-of-pharmacy-services-turkish-11/
"Associate of Pathology Laboratory Techniques (Turkish)",https://search.studyinturkiye.com/sit-program/associate-of-pathology-laboratory-techniques-turkish-8/
"Associate of Oral and Dental Health (Turkish)",https://search.studyinturkiye.com/sit-program/associate-of-oral-and-dental-health-turkish-19/
"Associate of Operation Room Services (Turkish)",https://search.studyinturkiye.com/sit-program/associate-of-operation-room-services-turkish-9/
"Associate of Medical Imaging Technologies (Turkish)",https://search.studyinturkiye.com/sit-program/associate-of-medical-imaging-technologies-turkish-3/
"Associate of Medical Documentation and Secretarial (Turkish)",https://search.studyinturkiye.com/sit-program/associate-of-medical-documentation-and-secretarial-turkish-7/
"Associate of Justice (Turkish)",https://search.studyinturkiye.com/sit-program/associate-of-justice-turkish-11/
"Associate of Hair Care and Beauty Services (Turkish)",https://search.studyinturkiye.com/sit-program/associate-of-hair-care-and-beauty-services-turkish-5/
"Associate of First Aid and Emergency (Turkish)",https://search.studyinturkiye.com/sit-program/associate-of-first-aid-and-emergency-turkish-19/
"Associate of Electroneurophysiology (Turkish)",https://search.studyinturkiye.com/sit-program/associate-of-electroneurophysiology-turkish-9/
"Associate of Computer Programming (Turkish)",https://search.studyinturkiye.com/sit-program/associate-of-computer-programming-turkish-13/
"Associate of Child Development (Turkish)",https://search.studyinturkiye.com/sit-program/associate-of-child-development-turkish-12/
"Associate of Anesthesia (Turkish)",https://search.studyinturkiye.com/sit-program/associate-of-anesthesia-turkish-21/
"phd in gastronomy and culinary arts (Turkish)",https://search.studyinturkiye.com/sit-program/phd-in-gastronomy-and-culinary-arts-turkish/
"PhD in Oral and Maxillofacial Surgery (Turkish)",https://search.studyinturkiye.com/sit-program/phd-in-oral-and-maxillofacial-surgery-turkish-3/
"Associate of Dental Prosthetics Technology (Turkish)",https://search.studyinturkiye.com/sit-program/associate-of-dental-prosthetics-technology-turkish-3/
"Bachelor of Business Administration (Turkish)",https://search.studyinturkiye.com/sit-program/bachelor-of-business-administration-turkish-12/
"Bachelor of Business Administration (English)",https://search.studyinturkiye.com/sit-program/bachelor-of-business-administration-english-29/
"Bachelor of Banking and Insurance (Turkish)",https://search.studyinturkiye.com/sit-program/bachelor-of-banking-and-insurance-turkish-2/
"Bachelor of Avionics (Turkish)",https://search.studyinturkiye.com/sit-program/bachelor-of-avionics-turkish/
"Bachelor of Aviation Management (Turkish)",https://search.studyinturkiye.com/sit-program/bachelor-of-aviation-management-turkish-4/
"Bachelor of Aviation Management (English)",https://search.studyinturkiye.com/sit-program/bachelor-of-aviation-management-english-8/
"Bachelor of Audiology (Turkish)",https://search.studyinturkiye.com/sit-program/bachelor-of-audiology-turkish-10/
"Bachelor of Architecture (Turkish)",https://search.studyinturkiye.com/sit-program/bachelor-of-architecture-turkish-14/
"Bachelor of Architecture (English)",https://search.studyinturkiye.com/sit-program/bachelor-of-architecture-english-23/
"Bachelor of Aeronautical Engineering (English)",https://search.studyinturkiye.com/sit-program/bachelor-of-aeronautical-engineering-english-2/
"Bachelor of Aeronautical Engineering (Turkish)",https://search.studyinturkiye.com/sit-program/bachelor-of-aeronautical-engineering-turkish/
"Bachelor of Advertising (Turkish)",https://search.studyinturkiye.com/sit-program/bachelor-of-advertising-turkish-3/
"Associate of Occupational Health and Safety (distance education) (Turkish)",https://search.studyinturkiye.com/sit-program/associate-of-occupational-health-and-safety-distance-education-turkish/
"Associate of Medical Laboratory Techniques (Turkish)",https://search.studyinturkiye.com/sit-program/associate-of-medical-laboratory-techniques-turkish-15/
"Associate of Surveying and Cadastre (Turkish)",https://search.studyinturkiye.com/sit-program/associate-of-surveying-and-cadastre-turkish/
"Associate of Sports Management (Turkish)",https://search.studyinturkiye.com/sit-program/associate-of-sports-management-turkish-4/
"Associate of Radiotherapy (Turkish)",https://search.studyinturkiye.com/sit-program/associate-of-radiotherapy-turkish-11/
"Associate of Pathology Laboratory Techniques (Turkish)",https://search.studyinturkiye.com/sit-program/associate-of-pathology-laboratory-techniques-turkish-9/
"Associate of Operation Room Services (Turkish)",https://search.studyinturkiye.com/sit-program/associate-of-operation-room-services-turkish-10/
"Associate of Occupational Health and Safety (Turkish)",https://search.studyinturkiye.com/sit-program/associate-of-occupational-health-and-safety-turkish-10/
"Associate of Mobile Technologies (Turkish)",https://search.studyinturkiye.com/sit-program/associate-of-mobile-technologies-turkish/
"Associate of Medical Imaging Techniques (Turkish)",https://search.studyinturkiye.com/sit-program/associate-of-medical-imaging-techniques-turkish-19/
"Associate of Mechatronics (Turkish)",https://search.studyinturkiye.com/sit-program/associate-of-mechatronics-turkish-4/
"Associate of Machinery (Turkish)",https://search.studyinturkiye.com/sit-program/associate-of-machinery-turkish-7/
"Associate of Interior Design (Turkish)",https://search.studyinturkiye.com/sit-program/associate-of-interior-design-turkish-11/
"Associate of Graphic Design (Turkish)",https://search.studyinturkiye.com/sit-program/associate-of-graphic-design-turkish-9/
"Associate of Foreign Trade (English)",https://search.studyinturkiye.com/sit-program/associate-of-foreign-trade-english-3/
"Associate of Foreign Trade (Turkish)",https://search.studyinturkiye.com/sit-program/associate-of-foreign-trade-turkish-10/
"Associate of Flight Operations Management (Turkish)",https://search.studyinturkiye.com/sit-program/associate-of-flight-operations-management-turkish-2/
"Associate of First Aid and Emergency (Turkish)",https://search.studyinturkiye.com/sit-program/associate-of-first-aid-and-emergency-turkish-20/
"Associate of Electroneurophysiology (Turkish)",https://search.studyinturkiye.com/sit-program/associate-of-electroneurophysiology-turkish-10/
"Associate of Electricity (Turkish)",https://search.studyinturkiye.com/sit-program/associate-of-electricity-turkish/
"Associate of Dialysis (Turkish)",https://search.studyinturkiye.com/sit-program/associate-of-dialysis-turkish-15/
"Associate of Cooking (Turkish)",https://search.studyinturkiye.com/sit-program/associate-of-cooking-turkish-3/
"Associate of Construction Technology (Turkish)",https://search.studyinturkiye.com/sit-program/associate-of-construction-technology-turkish-9/
"Associate of Computer Programming (Turkish)",https://search.studyinturkiye.com/sit-program/associate-of-computer-programming-turkish-14/
"Associate of Civil Aviation Cabin Services (English)",https://search.studyinturkiye.com/sit-program/associate-of-civil-aviation-cabin-services-english-4/
"Associate of Civil Aviation Cabin Services (Turkish)",https://search.studyinturkiye.com/sit-program/associate-of-civil-aviation-cabin-services-turkish-8/
"Associate of Child Development (Turkish)",https://search.studyinturkiye.com/sit-program/associate-of-child-development-turkish-13/
"Associate of Business Administration (Turkish)",https://search.studyinturkiye.com/sit-program/associate-of-business-administration-turkish-3/
"Associate of Audiometry (Turkish)",https://search.studyinturkiye.com/sit-program/associate-of-audiometry-turkish-15/
"Associate of Architectural Restoration (Turkish)",https://search.studyinturkiye.com/sit-program/associate-of-architectural-restoration-turkish-5/
"Associate of Anesthesia (Turkish)",https://search.studyinturkiye.com/sit-program/associate-of-anesthesia-turkish-22/
"PhD in Public Law (Turkish)",https://search.studyinturkiye.com/sit-program/phd-in-public-law-turkish-6/
"PhD in Private Law (Turkish)",https://search.studyinturkiye.com/sit-program/phd-in-private-law-turkish-9/
"PhD in Periodontology (Turkish)",https://search.studyinturkiye.com/sit-program/phd-in-periodontology-turkish-2/
"PhD in Orthodontics (Turkish)",https://search.studyinturkiye.com/sit-program/phd-in-orthodontics-turkish-5/
"PhD in Nutrition and Dietetics (Turkish)",https://search.studyinturkiye.com/sit-program/phd-in-nutrition-and-dietetics-turkish-5/
"PhD in Nursing (Turkish)",https://search.studyinturkiye.com/sit-program/phd-in-nursing-turkish-4/
"PhD in Music (Turkish)",https://search.studyinturkiye.com/sit-program/phd-in-music-turkish-2/
"PhD in Mechatronics Engineering (English)",https://search.studyinturkiye.com/sit-program/phd-in-mechatronics-engineering-english-2/
"PhD in Land-use Planning and Management (Turkish)",https://search.studyinturkiye.com/sit-program/phd-in-land-use-planning-and-management-turkish/
"PhD in Health Management (Turkish)",https://search.studyinturkiye.com/sit-program/phd-in-health-management-turkish-4/
"PhD in Endodontics (Turkish)",https://search.studyinturkiye.com/sit-program/phd-in-endodontics-turkish-3/
"PhD in Educational Administration and Supervision (Turkish)",https://search.studyinturkiye.com/sit-program/phd-in-educational-administration-and-supervision-turkish-2/
"PhD in Computer Engineering (Turkish)",https://search.studyinturkiye.com/sit-program/phd-in-computer-engineering-turkish-4/
"PhD in Cinema and TV (Turkish)",https://search.studyinturkiye.com/sit-program/phd-in-cinema-and-tv-turkish-3/
"PhD in Business Administration (Turkish)",https://search.studyinturkiye.com/sit-program/phd-in-business-administration-turkish-11/
"PhD in Business Administration (English)",https://search.studyinturkiye.com/sit-program/phd-in-business-administration-english-14/
"PhD in Banking (Turkish)",https://search.studyinturkiye.com/sit-program/phd-in-banking-turkish/
"PhD in Architecture (English)",https://search.studyinturkiye.com/sit-program/phd-in-architecture-english-3/
"PhD in Architecture (Turkish)",https://search.studyinturkiye.com/sit-program/phd-in-architecture-turkish-6/
"PhD in Applied Psychology (Turkish)",https://search.studyinturkiye.com/sit-program/phd-in-applied-psychology-turkish-2/
"PhD in Accounting and Auditing (Turkish)",https://search.studyinturkiye.com/sit-program/phd-in-accounting-and-auditing-turkish-2/
"Master of Music (Non thesis) (Turkish)",https://search.studyinturkiye.com/sit-program/master-of-music-non-thesis-turkish-2/
"Master of Aestetic Restorative (Thesis) (Turkish)",https://search.studyinturkiye.com/sit-program/master-of-aestetic-restorative-thesis-turkish/
"Master of Marketing Communications (Thesis) (Turkish)",https://search.studyinturkiye.com/sit-program/master-of-marketing-communications-thesis-turkish/
"Master of Painting (Thesis) (Turkish)",https://search.studyinturkiye.com/sit-program/master-of-painting-thesis-turkish/
"Master of Music (Thesis) (Turkish)",https://search.studyinturkiye.com/sit-program/master-of-music-thesis-turkish-2/
"Master of Artificial Intelligence Engineering (Thesis) (English)",https://search.studyinturkiye.com/sit-program/master-of-artificial-intelligence-engineering-thesis-english-2/
"Master of Artificial Intelligence Engineering (Non-Thesis) (English)",https://search.studyinturkiye.com/sit-program/master-of-artificial-intelligence-engineering-non-thesis-english/
"Master of Urban Transformation (Thesis) (Turkish)",https://search.studyinturkiye.com/sit-program/master-of-urban-transformation-thesis-turkish/
"Master of Urban Transformation (Non-Thesis) (Turkish)",https://search.studyinturkiye.com/sit-program/master-of-urban-transformation-non-thesis-turkish/
"Master of Translation Studies (Thesis) (Turkish)",https://search.studyinturkiye.com/sit-program/master-of-translation-studies-thesis-turkish/
"Master of Translation Studies (Non-Thesis) (Turkish)",https://search.studyinturkiye.com/sit-program/master-of-translation-studies-non-thesis-turkish/
"Master of Tourism Management (Thesis) (Turkish)",https://search.studyinturkiye.com/sit-program/master-of-tourism-management-thesis-turkish-2/
"Master of Tourism Management (Non-Thesis) (Turkish)",https://search.studyinturkiye.com/sit-program/master-of-tourism-management-non-thesis-turkish-2/
"Master of Sports Physiotherapy (Thesis) (Turkish)",https://search.studyinturkiye.com/sit-program/master-of-sports-physiotherapy-thesis-turkish-3/
"Master of Sports Physiotherapy (Non-Thesis) (Turkish)",https://search.studyinturkiye.com/sit-program/master-of-sports-physiotherapy-non-thesis-turkish/
"Master of Sports Management (Thesis) (Turkish)",https://search.studyinturkiye.com/sit-program/master-of-sports-management-thesis-turkish-3/
"Master of Sports Management (Non-Thesis) (Turkish)",https://search.studyinturkiye.com/sit-program/master-of-sports-management-non-thesis-turkish-3/
"Master of Sales and Marketing (Thesis) (Turkish)",https://search.studyinturkiye.com/sit-program/master-of-sales-and-marketing-thesis-turkish/
"Master of Sales and Marketing (Non-Thesis) (Turkish)",https://search.studyinturkiye.com/sit-program/master-of-sales-and-marketing-non-thesis-turkish/
"Master of Quality Management in Health (Thesis) (Turkish)",https://search.studyinturkiye.com/sit-program/master-of-quality-management-in-health-thesis-turkish/
"Master of Quality Management in Health (Non-Thesis) (Turkish)",https://search.studyinturkiye.com/sit-program/master-of-quality-management-in-health-non-thesis-turkish/
"Master of Public Law (Thesis) (Turkish)",https://search.studyinturkiye.com/sit-program/master-of-public-law-thesis-turkish-13/
"Master of Public Law (Non-Thesis) (Turkish)",https://search.studyinturkiye.com/sit-program/master-of-public-law-non-thesis-turkish-8/
"Master of Psychology (Thesis) (Turkish)",https://search.studyinturkiye.com/sit-program/master-of-psychology-thesis-turkish-6/
"Master of Psychology (Non-Thesis) (Turkish)",https://search.studyinturkiye.com/sit-program/master-of-psychology-non-thesis-turkish-5/
"Master of Private Law (Thesis) (Turkish)",https://search.studyinturkiye.com/sit-program/master-of-private-law-thesis-turkish-10/
"Master of Power Electronics and Clean Energy Systems (Thesis) (English)",https://search.studyinturkiye.com/sit-program/master-of-power-electronics-and-clean-energy-systems-thesis-english/
"Master of Physiotherapy and Rehabilitation (Thesis) (Turkish)",https://search.studyinturkiye.com/sit-program/master-of-physiotherapy-and-rehabilitation-thesis-turkish-9/
"Master of Physiotherapy and Rehabilitation (Non-Thesis) (Turkish)",https://search.studyinturkiye.com/sit-program/master-of-physiotherapy-and-rehabilitation-non-thesis-turkish-5/
"Master of Oral and Maxilla Radiology (Thesis) (Turkish)",https://search.studyinturkiye.com/sit-program/master-of-oral-and-maxilla-radiology-thesis-turkish/
"Master of Oral and Maxilla Radiology (Non-Thesis) (Turkish)",https://search.studyinturkiye.com/sit-program/master-of-oral-and-maxilla-radiology-non-thesis-turkish/
"Master of Occupational Health and Safety (Thesis) (Turkish)",https://search.studyinturkiye.com/sit-program/master-of-occupational-health-and-safety-thesis-turkish-7/
"Master of Occupational Health and Safety (Non-Thesis) (Turkish)",https://search.studyinturkiye.com/sit-program/master-of-occupational-health-and-safety-non-thesis-turkish-10/
"Master of Nutrition and Dietetics (Thesis) (Turkish)",https://search.studyinturkiye.com/sit-program/master-of-nutrition-and-dietetics-thesis-turkish-10/
"Master of Nutrition and Dietetics (Non-Thesis) (Turkish)",https://search.studyinturkiye.com/sit-program/master-of-nutrition-and-dietetics-non-thesis-turkish-9/
"Master of Nursing (Thesis) (Turkish)",https://search.studyinturkiye.com/sit-program/master-of-nursing-thesis-turkish-5/
"Master of Nursing (Non-Thesis) (Turkish)",https://search.studyinturkiye.com/sit-program/master-of-nursing-non-thesis-turkish-3/
"Master of Marketing (Thesis) (English)",https://search.studyinturkiye.com/sit-program/master-of-marketing-thesis-english-8/
"Master of Marketing (Non-Thesis) (English)",https://search.studyinturkiye.com/sit-program/master-of-marketing-non-thesis-english-5/
"Master of Logistics Management (Thesis) (Turkish)",https://search.studyinturkiye.com/sit-program/master-of-logistics-management-thesis-turkish/
"Master of Logistics Management (Non-Thesis) (Turkish)",https://search.studyinturkiye.com/sit-program/master-of-logistics-management-non-thesis-turkish/
"Master of Private Law (Non-Thesis) (Turkish)",https://search.studyinturkiye.com/sit-program/master-of-private-law-non-thesis-turkish-8/
"Master of International Trade (Thesis) (Turkish)",https://search.studyinturkiye.com/sit-program/master-of-international-trade-thesis-turkish/
"Master of International Trade (Thesis) (English)",https://search.studyinturkiye.com/sit-program/master-of-international-trade-thesis-english/
"Master of International Trade (Non-Thesis) (Turkish)",https://search.studyinturkiye.com/sit-program/master-of-international-trade-non-thesis-turkish/
"Master of International Trade (Non-Thesis) (English)",https://search.studyinturkiye.com/sit-program/master-of-international-trade-non-thesis-english/
"Master of International Relations (Thesis) (Turkish)",https://search.studyinturkiye.com/sit-program/master-of-international-relations-thesis-turkish-3/
"Master of International Relations (Non-Thesis) (Turkish)",https://search.studyinturkiye.com/sit-program/master-of-international-relations-non-thesis-turkish-2/
"Master of Interior Architecture and Environmental Design (Thesis) (Turkish)",https://search.studyinturkiye.com/sit-program/master-of-interior-architecture-and-environmental-design-thesis-turkish-3/
"Master of Interior Architecture and Environmental Design (Non-Thesis) (Turkish)",https://search.studyinturkiye.com/sit-program/master-of-interior-architecture-and-environmental-design-non-thesis-turkish-2/
"Master of Information Technology Law (Thesis) (Turkish)",https://search.studyinturkiye.com/sit-program/master-of-information-technology-law-thesis-turkish-3/
"Master of Information Technology Law (Non-Thesis) (Turkish)",https://search.studyinturkiye.com/sit-program/master-of-information-technology-law-non-thesis-turkish-2/
"Master of Information Systems (Thesis) (English)",https://search.studyinturkiye.com/sit-program/master-of-information-systems-thesis-english/
"Master of Information Systems (Non-Thesis) (English)",https://search.studyinturkiye.com/sit-program/master-of-information-systems-non-thesis-english/
"Master of Human Resources Management (Thesis) (Turkish)",https://search.studyinturkiye.com/sit-program/master-of-human-resources-management-thesis-turkish-3/
"Master of Human Resources Management (Non-Thesis) (Turkish)",https://search.studyinturkiye.com/sit-program/master-of-human-resources-management-non-thesis-turkish-6/
"Master of Healthcare Management (Thesis) (Turkish)",https://search.studyinturkiye.com/sit-program/master-of-healthcare-management-thesis-turkish-7/
"Master of Healthcare Management (Non-Thesis) (Turkish)",https://search.studyinturkiye.com/sit-program/master-of-healthcare-management-non-thesis-turkish-7/
"Master of Geotechnical Engineering (Thesis) (Turkish)",https://search.studyinturkiye.com/sit-program/master-of-geotechnical-engineering-thesis-turkish/
"Master of Geotechnical Engineering (Non-Thesis) (Turkish)",https://search.studyinturkiye.com/sit-program/master-of-geotechnical-engineering-non-thesis-turkish/
"Master of Geomatics Engineering (Thesis) (Turkish)",https://search.studyinturkiye.com/sit-program/master-of-geomatics-engineering-thesis-turkish/
"Master of Geomatics Engineering (Non-Thesis) (Turkish)",https://search.studyinturkiye.com/sit-program/master-of-geomatics-engineering-non-thesis-turkish/
"Master of Gastronomy (Thesis) (English)",https://search.studyinturkiye.com/sit-program/master-of-gastronomy-thesis-english/
"Master of Gastronomy (Thesis) (Turkish)",https://search.studyinturkiye.com/sit-program/master-of-gastronomy-thesis-turkish/
"Master of Gastronomy (Non-Thesis) (English)",https://search.studyinturkiye.com/sit-program/master-of-gastronomy-non-thesis-english/
"Master of Gastronomy (Non-Thesis) (Turkish)",https://search.studyinturkiye.com/sit-program/master-of-gastronomy-non-thesis-turkish/
"Master of Finance (Thesis) (English)",https://search.studyinturkiye.com/sit-program/master-of-finance-thesis-english/
"Master of Finance (Non-Thesis) (English)",https://search.studyinturkiye.com/sit-program/master-of-finance-non-thesis-english-2/
"Master of Fashion Design (Thesis) (Turkish)",https://search.studyinturkiye.com/sit-program/master-of-fashion-design-thesis-turkish/
"Master of Explosive Engineering (Thesis) (Turkish)",https://search.studyinturkiye.com/sit-program/master-of-explosive-engineering-thesis-turkish/
"Master of Explosive Engineering (Non-Thesis) (Turkish)",https://search.studyinturkiye.com/sit-program/master-of-explosive-engineering-non-thesis-turkish/
"Master of Entrepreneurship (Thesis) (Turkish)",https://search.studyinturkiye.com/sit-program/master-of-entrepreneurship-thesis-turkish/
"Master of Entrepreneurship (Non-Thesis) (Turkish)",https://search.studyinturkiye.com/sit-program/master-of-entrepreneurship-non-thesis-turkish-2/
"Master of Engineering Management (Thesis) (Turkish)",https://search.studyinturkiye.com/sit-program/master-of-engineering-management-thesis-turkish-4/
"Master of Engineering Management (Non-Thesis) (Turkish)",https://search.studyinturkiye.com/sit-program/master-of-engineering-management-non-thesis-turkish-3/
"Master of Computer Engineering (Thesis) (Turkish)",https://search.studyinturkiye.com/sit-program/master-of-computer-engineering-thesis-turkish-5/
"Master of Computer Engineering (Non-Thesis) (Turkish)",https://search.studyinturkiye.com/sit-program/master-of-computer-engineering-non-thesis-turkish-4/
"Master of Clinical Psychology (Thesis) (Turkish)",https://search.studyinturkiye.com/sit-program/master-of-clinical-psychology-thesis-turkish-9/
"Master of Clinical Psychology (Non-Thesis) (Turkish)",https://search.studyinturkiye.com/sit-program/master-of-clinical-psychology-non-thesis-turkish-8/
"Master of Civil Engineering (Thesis) (Turkish)",https://search.studyinturkiye.com/sit-program/master-of-civil-engineering-thesis-turkish-5/
"Master of Cinema and TV (Thesis) (Turkish)",https://search.studyinturkiye.com/sit-program/master-of-cinema-and-tv-thesis-turkish-3/
"Master of Cinema and TV (Non-Thesis) (Turkish)",https://search.studyinturkiye.com/sit-program/master-of-cinema-and-tv-non-thesis-turkish-2/
"Master of Child Development (Thesis) (Turkish)",https://search.studyinturkiye.com/sit-program/master-of-child-development-thesis-turkish-5/
"Master of Child Development (Non-Thesis) (Turkish)",https://search.studyinturkiye.com/sit-program/master-of-child-development-non-thesis-turkish-4/
"Master of Business Administration (Thesis) (Turkish)",https://search.studyinturkiye.com/sit-program/master-of-business-administration-thesis-turkish-15/
"Master of Business Administration (Thesis) (English)",https://search.studyinturkiye.com/sit-program/master-of-business-administration-thesis-english-21/
"Master of Business Administration (Non-Thesis) (English)",https://search.studyinturkiye.com/sit-program/master-of-business-administration-non-thesis-english-19/
"Master of Business Administration (Non-Thesis) (Turkish)",https://search.studyinturkiye.com/sit-program/master-of-business-administration-non-thesis-turkish-14/
"Master of Banking (Thesis) (Turkish)",https://search.studyinturkiye.com/sit-program/master-of-banking-thesis-turkish/
"Master of Banking (Non-Thesis) (Turkish)",https://search.studyinturkiye.com/sit-program/master-of-banking-non-thesis-turkish/
"Master of Automotive Mechatronics and Intelligent Vehicles (Thesis) (English)",https://search.studyinturkiye.com/sit-program/master-of-automotive-mechatronics-and-intelligent-vehicles-thesis-english/
"Master of Social and Cultural Studies (Thesis) (Turkish)",https://search.studyinturkiye.com/sit-program/master-of-social-and-cultural-studies-thesis-turkish/
"Master of Social and Cultural Studies (Non-Thesis) (Turkish)",https://search.studyinturkiye.com/sit-program/master-of-social-and-cultural-studies-non-thesis-turkish/
"Master of Real Estate Finance and Valuation (Thesis) (Turkish)",https://search.studyinturkiye.com/sit-program/master-of-real-estate-finance-and-valuation-thesis-turkish/
"Master of Real Estate Finance and Valuation (Non-Thesis) (Turkish)",https://search.studyinturkiye.com/sit-program/master-of-real-estate-finance-and-valuation-non-thesis-turkish/
"Master of Local Administrations (Thesis) (Turkish)",https://search.studyinturkiye.com/sit-program/master-of-local-administrations-thesis-turkish/
"Master of Local Administrations (Non-Thesis) (Turkish)",https://search.studyinturkiye.com/sit-program/master-of-local-administrations-non-thesis-turkish/
"Master of Fashion Design (Non-Thesis) (Turkish)",https://search.studyinturkiye.com/sit-program/master-of-fashion-design-non-thesis-turkish/
"Master of Educational Administration and Supervision (Thesis) (Turkish)",https://search.studyinturkiye.com/sit-program/master-of-educational-administration-and-supervision-thesis-turkish/
"Master of Educational Administration and Supervision (Non-Thesis) (Turkish)",https://search.studyinturkiye.com/sit-program/master-of-educational-administration-and-supervision-non-thesis-turkish/
"Master of Architecture (Thesis) (Turkish)",https://search.studyinturkiye.com/sit-program/master-of-architecture-thesis-turkish-8/
"Master of Architecture (Thesis) (English)",https://search.studyinturkiye.com/sit-program/master-of-architecture-thesis-english-7/
"Master of Architecture (Non-Thesis) (Turkish)",https://search.studyinturkiye.com/sit-program/master-of-architecture-non-thesis-turkish-4/
"Master of Advanced Electronics and Communication Technology (Thesis) (English)",https://search.studyinturkiye.com/sit-program/master-of-advanced-electronics-and-communication-technology-thesis-english/
"Master of Accounting and Auditing (Thesis) (Turkish)",https://search.studyinturkiye.com/sit-program/master-of-accounting-and-auditing-thesis-turkish-4/
"Master of Accounting and Auditing (Non-Thesis) (Turkish)",https://search.studyinturkiye.com/sit-program/master-of-accounting-and-auditing-non-thesis-turkish-2/
"Bachelor of Visual Communication Design (Turkish)",https://search.studyinturkiye.com/sit-program/bachelor-of-visual-communication-design-turkish-9/
"Bachelor of Russian Translation and Interpreting (Turkish)",https://search.studyinturkiye.com/sit-program/bachelor-of-russian-translation-and-interpreting-turkish/
"Bachelor of Chinese Translation and Interpreting (Turkish)",https://search.studyinturkiye.com/sit-program/bachelor-of-chinese-translation-and-interpreting-turkish/
"Bachelor of Theater (Turkish)",https://search.studyinturkiye.com/sit-program/bachelor-of-theater-turkish/
"Bachelor of Sports Management (Turkish)",https://search.studyinturkiye.com/sit-program/bachelor-of-sports-management-turkish-3/
"Bachelor of Special Education Teaching (Turkish)",https://search.studyinturkiye.com/sit-program/bachelor-of-special-education-teaching-turkish-6/
"Bachelor of Software Engineering (English)",https://search.studyinturkiye.com/sit-program/bachelor-of-software-engineering-english-19/
"Bachelor of Public Relations and Advertising (Turkish)",https://search.studyinturkiye.com/sit-program/bachelor-of-public-relations-and-advertising-turkish-9/
"Bachelor of Psychology (English)",https://search.studyinturkiye.com/sit-program/bachelor-of-psychology-english-28/
"Bachelor of Psychology (Turkish)",https://search.studyinturkiye.com/sit-program/bachelor-of-psychology-turkish-18/
"Bachelor of Psychological Counseling and Guidance (Turkish)",https://search.studyinturkiye.com/sit-program/bachelor-of-psychological-counseling-and-guidance-turkish-4/
"Bachelor of Pre-School Teaching (Turkish)",https://search.studyinturkiye.com/sit-program/bachelor-of-pre-school-teaching-turkish-5/
"Bachelor of Flight Training (Pilotage) (English)",https://search.studyinturkiye.com/sit-program/bachelor-of-flight-training-pilotage-english/
"Bachelor of Physiotherapy and Rehabilitation (English)",https://search.studyinturkiye.com/sit-program/bachelor-of-physiotherapy-and-rehabilitation-english-16/
"Bachelor of Physiotherapy and Rehabilitation (Turkish)",https://search.studyinturkiye.com/sit-program/bachelor-of-physiotherapy-and-rehabilitation-turkish-16/
"Bachelor of Nutrition and Dietetics (Turkish)",https://search.studyinturkiye.com/sit-program/bachelor-of-nutrition-and-dietetics-turkish-15/
"Bachelor of Nutrition and Dietetics (English)",https://search.studyinturkiye.com/sit-program/bachelor-of-nutrition-and-dietetics-english-8/
"Bachelor of Nursing (English)",https://search.studyinturkiye.com/sit-program/bachelor-of-nursing-english-19/
"Bachelor of Nursing (Turkish)",https://search.studyinturkiye.com/sit-program/bachelor-of-nursing-turkish-20/
"Bachelor of New Media and Communication (Turkish)",https://search.studyinturkiye.com/sit-program/bachelor-of-new-media-and-communication-turkish-3/
"Bachelor of Music (Turkish)",https://search.studyinturkiye.com/sit-program/bachelor-of-music-turkish-2/
"Bachelor of Medicine (Turkish)",https://search.studyinturkiye.com/sit-program/bachelor-of-medicine-turkish-12/
"Bachelor of Medicine (English)",https://search.studyinturkiye.com/sit-program/bachelor-of-medicine-english-18/
"Bachelor of Mechatronics Engineering (English)",https://search.studyinturkiye.com/sit-program/bachelor-of-mechatronics-engineering-english-10/
"Bachelor of Logistics Management (English)",https://search.studyinturkiye.com/sit-program/bachelor-of-logistics-management-english-8/
"Bachelor of Law (Turkish)",https://search.studyinturkiye.com/sit-program/bachelor-of-law-turkish-16/
"Bachelor of International Trade (Turkish)",https://search.studyinturkiye.com/sit-program/bachelor-of-international-trade-turkish-2/
"Bachelor of International Trade (English)",https://search.studyinturkiye.com/sit-program/bachelor-of-international-trade-english-2/
"Bachelor of International Relations (Turkish)",https://search.studyinturkiye.com/sit-program/bachelor-of-international-relations-turkish-2/
"Bachelor of International Relations (English)",https://search.studyinturkiye.com/sit-program/bachelor-of-international-relations-english-15/
"Bachelor of Interior Architecture and Environmental Design (English)",https://search.studyinturkiye.com/sit-program/bachelor-of-interior-architecture-and-environmental-design-english-9/
"Bachelor of Interior Architecture and Environmental Design (Turkish)",https://search.studyinturkiye.com/sit-program/bachelor-of-interior-architecture-and-environmental-design-turkish-12/
"Bachelor of Information Systems and Technologies (English)",https://search.studyinturkiye.com/sit-program/bachelor-of-information-systems-and-technologies-english-2/
"Bachelor of Information Systems and Technologies (Turkish)",https://search.studyinturkiye.com/sit-program/bachelor-of-information-systems-and-technologies-turkish/
"Bachelor of Industrial Engineering (English)",https://search.studyinturkiye.com/sit-program/bachelor-of-industrial-engineering-english-21/
"Bachelor of Healthcare Management (Turkish)",https://search.studyinturkiye.com/sit-program/bachelor-of-healthcare-management-turkish-7/
"Bachelor of Genetics and BioEngineering (English)",https://search.studyinturkiye.com/sit-program/bachelor-of-genetics-and-bioengineering-english-2/
"Bachelor of Gastronomy & Cullinary Arts (English)",https://search.studyinturkiye.com/sit-program/bachelor-of-gastronomy-cullinary-arts-english/
"Bachelor of Gastronomy & Cullinary Arts(Turkish)",https://search.studyinturkiye.com/sit-program/bachelor-of-gastronomy-cullinary-artsturkish/
"Bachelor of Textile & Fashion Design (Turkish)",https://search.studyinturkiye.com/sit-program/bachelor-of-textile-fashion-design-turkish/
"Bachelor of English Translation and Interpretation (Turkish)",https://search.studyinturkiye.com/sit-program/bachelor-of-english-translation-and-interpretation-turkish-2/
"Bachelor of English Teaching (Turkish)",https://search.studyinturkiye.com/sit-program/bachelor-of-english-teaching-turkish/
"Bachelor of Electrical and Electronics Engineering (English)",https://search.studyinturkiye.com/sit-program/bachelor-of-electrical-and-electronics-engineering-english-24/
"Bachelor of Economics and Finance (English)",https://search.studyinturkiye.com/sit-program/bachelor-of-economics-and-finance-english-6/
"Bachelor of Dentistry (English)",https://search.studyinturkiye.com/sit-program/bachelor-of-dentistry-english-21/
"Bachelor of Dentistry (Turkish)",https://search.studyinturkiye.com/sit-program/bachelor-of-dentistry-turkish-17/
"Bachelor of Computer Engineering (English)",https://search.studyinturkiye.com/sit-program/bachelor-of-computer-engineering-english-30/
"Bachelor of Civil Engineering (Turkish)",https://search.studyinturkiye.com/sit-program/bachelor-of-civil-engineering-turkish-7/
"Bachelor of Civil Engineering (English)",https://search.studyinturkiye.com/sit-program/bachelor-of-civil-engineering-english-21/
"Bachelor of Cinema and TV (Turkish)",https://search.studyinturkiye.com/sit-program/bachelor-of-cinema-and-tv-turkish/
"Bachelor of Child Development (Turkish)",https://search.studyinturkiye.com/sit-program/bachelor-of-child-development-turkish-9/
"Bachelor of Business Administration (Turkish)",https://search.studyinturkiye.com/sit-program/bachelor-of-business-administration-turkish-13/
"Bachelor of Business Administration (English)",https://search.studyinturkiye.com/sit-program/bachelor-of-business-administration-english-30/
"Bachelor of Aviation Management (Turkish)",https://search.studyinturkiye.com/sit-program/bachelor-of-aviation-management-turkish-5/
"Bachelor of Automotive Engineering (English)",https://search.studyinturkiye.com/sit-program/bachelor-of-automotive-engineering-english-5/
"Bachelor of Architecture (Turkish)",https://search.studyinturkiye.com/sit-program/bachelor-of-architecture-turkish-15/
"Bachelor of Architecture (English)",https://search.studyinturkiye.com/sit-program/bachelor-of-architecture-english-24/
"PhD in Mechanical Engineering (English)",https://search.studyinturkiye.com/sit-program/phd-in-mechanical-engineering-english-7/
"PhD in Industrial Engineering (English)",https://search.studyinturkiye.com/sit-program/phd-in-industrial-engineering-english-5/
"PhD in Electrical and Electronics Engineering (English)",https://search.studyinturkiye.com/sit-program/phd-in-electrical-and-electronics-engineering-english-8/
"PhD in Computer Science and Engineering (English)",https://search.studyinturkiye.com/sit-program/phd-in-computer-science-and-engineering-english-2/
"PhD in Civil Engineering (English)",https://search.studyinturkiye.com/sit-program/phd-in-civil-engineering-english-3/
"PhD in Business (English)",https://search.studyinturkiye.com/sit-program/phd-in-business-english/
"Master of Electrical and Electronic Engineering (Non-Thesis) (English)",https://search.studyinturkiye.com/sit-program/master-of-electrical-and-electronic-engineering-non-thesis-english/
"Master of Electrical and Electronic Engineering (Thesis) (English)",https://search.studyinturkiye.com/sit-program/master-of-electrical-and-electronic-engineering-thesis-english/
"Master of Artificial Intelligence (Thesis) (English)",https://search.studyinturkiye.com/sit-program/master-of-artificial-intelligence-thesis-english-3/
"Master of Physics (Thesis) (English)",https://search.studyinturkiye.com/sit-program/master-of-physics-thesis-english-3/
"Master of Mechanical Engineering (Thesis) (English)",https://search.studyinturkiye.com/sit-program/master-of-mechanical-engineering-thesis-english-9/
"Master of Mechanical Engineering (Non-Thesis) (English)",https://search.studyinturkiye.com/sit-program/master-of-mechanical-engineering-non-thesis-english-5/
"Master of Mathematics (Thesis) (English)",https://search.studyinturkiye.com/sit-program/master-of-mathematics-thesis-english-6/
"Master of Industrial Engineering (Thesis) (English)",https://search.studyinturkiye.com/sit-program/master-of-industrial-engineering-thesis-english-9/
"Master of Industrial Engineering (Non-Thesis) (English)",https://search.studyinturkiye.com/sit-program/master-of-industrial-engineering-non-thesis-english-5/
"Master of Financial Engineering (Non-Thesis) (English)",https://search.studyinturkiye.com/sit-program/master-of-financial-engineering-non-thesis-english/
"Master of Executive Business Administration (Non-Thesis) (English)",https://search.studyinturkiye.com/sit-program/master-of-executive-business-administration-non-thesis-english-4/
"Master of Data Science (Thesis) (English)",https://search.studyinturkiye.com/sit-program/master-of-data-science-thesis-english-3/
"Master of Data Science (Non-Thesis) (English)",https://search.studyinturkiye.com/sit-program/master-of-data-science-non-thesis-english-3/
"Master of Computer Science (Thesis) (English)",https://search.studyinturkiye.com/sit-program/master-of-computer-science-thesis-english/
"Master of Computer Science (Non-Thesis) (English)",https://search.studyinturkiye.com/sit-program/master-of-computer-science-non-thesis-english/
"Master of Civil Engineering (Thesis) (English)",https://search.studyinturkiye.com/sit-program/master-of-civil-engineering-thesis-english-9/
"Master of Business Administration (Non-Thesis) (English)",https://search.studyinturkiye.com/sit-program/master-of-business-administration-non-thesis-english-20/
"Master of Business (Non-Thesis) (English)",https://search.studyinturkiye.com/sit-program/master-of-business-non-thesis-english-3/
"Bachelor Of Artificial Intelligence and Data Engineering (English)",https://search.studyinturkiye.com/sit-program/bachelor-of-artificial-intelligence-and-data-engineering-english/
"Bachelor of Psychology (English)",https://search.studyinturkiye.com/sit-program/bachelor-of-psychology-english-29/
"Bachelor of Professional Flight (English)",https://search.studyinturkiye.com/sit-program/bachelor-of-professional-flight-english/
"Bachelor of Mechanical Engineering (English)",https://search.studyinturkiye.com/sit-program/bachelor-of-mechanical-engineering-english-20/
"Bachelor of Management Information Systems (English)",https://search.studyinturkiye.com/sit-program/bachelor-of-management-information-systems-english-11/
"Bachelor of Law (Turkish)",https://search.studyinturkiye.com/sit-program/bachelor-of-law-turkish-17/
"Bachelor of International Relations (English)",https://search.studyinturkiye.com/sit-program/bachelor-of-international-relations-english-16/
"Bachelor of International Finance (English)",https://search.studyinturkiye.com/sit-program/bachelor-of-international-finance-english-4/
"Bachelor of International Trade and Business (English)",https://search.studyinturkiye.com/sit-program/bachelor-of-international-trade-and-business-english-4/
"Bachelor of Interior Architecture and Environmental Design (English)",https://search.studyinturkiye.com/sit-program/bachelor-of-interior-architecture-and-environmental-design-english-10/
"Bachelor of Industrial Engineering (English)",https://search.studyinturkiye.com/sit-program/bachelor-of-industrial-engineering-english-22/
"Bachelor of Hotel Management (English)",https://search.studyinturkiye.com/sit-program/bachelor-of-hotel-management-english/
"Bachelor of Gastronomy and Culinary Arts (English)",https://search.studyinturkiye.com/sit-program/bachelor-of-gastronomy-and-culinary-arts-english-11/
"Bachelor of Entrepreneurship (English)",https://search.studyinturkiye.com/sit-program/bachelor-of-entrepreneurship-english-2/
"Bachelor of Electrical and Electronics Engineering (English)",https://search.studyinturkiye.com/sit-program/bachelor-of-electrical-and-electronics-engineering-english-25/
"Bachelor of Economics (English)",https://search.studyinturkiye.com/sit-program/bachelor-of-economics-english-21/
"Bachelor of Computer Science (English)",https://search.studyinturkiye.com/sit-program/bachelor-of-computer-science-english-7/
"Bachelor of Communication Design (English)",https://search.studyinturkiye.com/sit-program/bachelor-of-communication-design-english-2/
"Bachelor of Civil Engineering (English)",https://search.studyinturkiye.com/sit-program/bachelor-of-civil-engineering-english-22/
"Bachelor of Business Administration (English)",https://search.studyinturkiye.com/sit-program/bachelor-of-business-administration-english-31/
"Bachelor of Aviation Management (English)",https://search.studyinturkiye.com/sit-program/bachelor-of-aviation-management-english-9/
"Bachelor of Architecture (Turkish)",https://search.studyinturkiye.com/sit-program/bachelor-of-architecture-turkish-16/
"Bachelor of Architecture (English)",https://search.studyinturkiye.com/sit-program/bachelor-of-architecture-english-25/
"Associate of Tourism and Hospitality Management (English)",https://search.studyinturkiye.com/sit-program/associate-of-tourism-and-hospitality-management-english/
"Associate of Civil Aviation Cabin Services (English)",https://search.studyinturkiye.com/sit-program/associate-of-civil-aviation-cabin-services-english-5/
"PhD in Mechanical Engineering (English)",https://search.studyinturkiye.com/sit-program/phd-in-mechanical-engineering-english-8/
"PhD in Tourism Management (English)",https://search.studyinturkiye.com/sit-program/phd-in-tourism-management-english/
"PhD in Physics (English)",https://search.studyinturkiye.com/sit-program/phd-in-physics-english-5/
"PhD in Mathematics (English)",https://search.studyinturkiye.com/sit-program/phd-in-mathematics-english-5/
"PhD in International Relations (English)",https://search.studyinturkiye.com/sit-program/phd-in-international-relations-english-4/
"PhD in Information and Communication Technologies in Education (English)",https://search.studyinturkiye.com/sit-program/phd-in-information-and-communication-technologies-in-education-english/
"PhD in Industrial Engineering (English)",https://search.studyinturkiye.com/sit-program/phd-in-industrial-engineering-english-6/
"PhD in Finance (English)",https://search.studyinturkiye.com/sit-program/phd-in-finance-english-2/
"PhD in English Language Teaching (English)",https://search.studyinturkiye.com/sit-program/phd-in-english-language-teaching-english-2/
"PhD in Economics (English)",https://search.studyinturkiye.com/sit-program/phd-in-economics-english-7/
"PhD in Computer Engineering (English)",https://search.studyinturkiye.com/sit-program/phd-in-computer-engineering-english-8/
"PhD in Communication and Media Studies (English)",https://search.studyinturkiye.com/sit-program/phd-in-communication-and-media-studies-english/
"PhD in Civil Engineering (English)",https://search.studyinturkiye.com/sit-program/phd-in-civil-engineering-english-4/
"PhD in Chemistry (English)",https://search.studyinturkiye.com/sit-program/phd-in-chemistry-english-3/
"PhD in Business Administration (English)",https://search.studyinturkiye.com/sit-program/phd-in-business-administration-english-15/
"PhD in Banking and Finance (English)",https://search.studyinturkiye.com/sit-program/phd-in-banking-and-finance-english-3/
"PhD in Architecture (English)",https://search.studyinturkiye.com/sit-program/phd-in-architecture-english-4/
"PhD in Applied Mathematics and Computer Science (English)",https://search.studyinturkiye.com/sit-program/phd-in-applied-mathematics-and-computer-science-english/
"Master of Cultural Heritage Studies (Joint with METU and Politecnico di Milano) (Thesis) (English)",https://search.studyinturkiye.com/sit-program/master-of-cultural-heritage-studies-joint-with-metu-and-politecnico-di-milano-thesis-english/
"Master of Comparative Legal Systems (Non-Thesis) (English)",https://search.studyinturkiye.com/sit-program/master-of-comparative-legal-systems-non-thesis-english/
"Master of Visual Arts and Visual Communication Design (Non-Thesis) (English)",https://search.studyinturkiye.com/sit-program/master-of-visual-arts-and-visual-communication-design-non-thesis-english-2/
"Master of Urban Design (Thesis) (English)",https://search.studyinturkiye.com/sit-program/master-of-urban-design-thesis-english/
"Master of Urban Design (Non-Thesis) (English)",https://search.studyinturkiye.com/sit-program/master-of-urban-design-non-thesis-english/
"Master of Tourism Management (Thesis) (English)",https://search.studyinturkiye.com/sit-program/master-of-tourism-management-thesis-english-4/
"Master of Tourism Management (Non-Thesis) (English)",https://search.studyinturkiye.com/sit-program/master-of-tourism-management-non-thesis-english-2/
"Master of Physics (Thesis) (English)",https://search.studyinturkiye.com/sit-program/master-of-physics-thesis-english-4/
"Master of Medical Biotechnology (Non-Thesis) (English)",https://search.studyinturkiye.com/sit-program/master-of-medical-biotechnology-non-thesis-english/
"Master of Mechanical Engineering (Thesis) (English)",https://search.studyinturkiye.com/sit-program/master-of-mechanical-engineering-thesis-english-10/
"Master of Mathematics (Thesis) (English)",https://search.studyinturkiye.com/sit-program/master-of-mathematics-thesis-english-7/
"Master of Marketing Management (Thesis) (English)",https://search.studyinturkiye.com/sit-program/master-of-marketing-management-thesis-english/
"Master of Marketing Management (Non-Thesis) (English)",https://search.studyinturkiye.com/sit-program/master-of-marketing-management-non-thesis-english/
"Master of International Relations (Thesis) (English)",https://search.studyinturkiye.com/sit-program/master-of-international-relations-thesis-english-7/
"Master of International Relations (Non-Thesis) (English)",https://search.studyinturkiye.com/sit-program/master-of-international-relations-non-thesis-english-6/
"Master of Interior Architecture (Thesis) (English)",https://search.studyinturkiye.com/sit-program/master-of-interior-architecture-thesis-english-2/
"Master of Interior Architecture (Non-Thesis) (English)",https://search.studyinturkiye.com/sit-program/master-of-interior-architecture-non-thesis-english/
"Master of Information Systems (Non-Thesis) (English)",https://search.studyinturkiye.com/sit-program/master-of-information-systems-non-thesis-english-2/
"Master of Information and Communication Technologies in Education (Thesis) (English)",https://search.studyinturkiye.com/sit-program/master-of-information-and-communication-technologies-in-education-thesis-english/
"Master of Information and Communication Technologies in Education (Non-Thesis) (English)",https://search.studyinturkiye.com/sit-program/master-of-information-and-communication-technologies-in-education-non-thesis-english/
"Master of Industrial Engineering (Thesis) (English)",https://search.studyinturkiye.com/sit-program/master-of-industrial-engineering-thesis-english-10/
"Master of Industrial Engineering (Non-Thesis) (English)",https://search.studyinturkiye.com/sit-program/master-of-industrial-engineering-non-thesis-english-6/
"Master of Human Resources Management (Non-Thesis) (English)",https://search.studyinturkiye.com/sit-program/master-of-human-resources-management-non-thesis-english-2/
"Master of Hotel Management (Non-Thesis) (Online) (English)",https://search.studyinturkiye.com/sit-program/master-of-hotel-management-non-thesis-online-english/
"Master of General Psychology (Thesis) (English)",https://search.studyinturkiye.com/sit-program/master-of-general-psychology-thesis-english/
"Master of Gender Study(Thesis) (English)",https://search.studyinturkiye.com/sit-program/master-of-gender-studythesis-english/
"Master of English Language Teaching (Thesis) (English)",https://search.studyinturkiye.com/sit-program/master-of-english-language-teaching-thesis-english-7/
"Master of English Language Education (Non-Thesis) (English)",https://search.studyinturkiye.com/sit-program/master-of-english-language-education-non-thesis-english-4/
"Master of Engineering Management (Non-Thesis) (English)",https://search.studyinturkiye.com/sit-program/master-of-engineering-management-non-thesis-english-4/
"Master of Energy Economics and Finance (Thesis) (English)",https://search.studyinturkiye.com/sit-program/master-of-energy-economics-and-finance-thesis-english/
"Master of Electrical and Electronics Engineering (Thesis) (English)",https://search.studyinturkiye.com/sit-program/master-of-electrical-and-electronics-engineering-thesis-english-10/
"Master of Economics (Thesis) (English)",https://search.studyinturkiye.com/sit-program/master-of-economics-thesis-english-6/
"Master of Economics (Non-Thesis) (English)",https://search.studyinturkiye.com/sit-program/master-of-economics-non-thesis-english-6/
"Master of Diplomacy and Conflict Management (Thesis) (English)",https://search.studyinturkiye.com/sit-program/master-of-diplomacy-and-conflict-management-thesis-english/
"Master of Digital Media and Film (Non-Thesis) (English)",https://search.studyinturkiye.com/sit-program/master-of-digital-media-and-film-non-thesis-english/
"Master of Computer Engineering (Thesis) (English)",https://search.studyinturkiye.com/sit-program/master-of-computer-engineering-thesis-english-13/
"Master of Computer Engineering (Non-Thesis) (English)",https://search.studyinturkiye.com/sit-program/master-of-computer-engineering-non-thesis-english-8/
"Master of Communication and Media Studies (Thesis) (English)",https://search.studyinturkiye.com/sit-program/master-of-communication-and-media-studies-thesis-english-2/
"Master of Civil Engineering (Thesis) (English)",https://search.studyinturkiye.com/sit-program/master-of-civil-engineering-thesis-english-10/
"Master of Civil Engineering (Non-Thesis) (English)",https://search.studyinturkiye.com/sit-program/master-of-civil-engineering-non-thesis-english-6/
"Master of Chemistry (Thesis) (English)",https://search.studyinturkiye.com/sit-program/master-of-chemistry-thesis-english-2/
"Master of Business Administration (Thesis) (English)",https://search.studyinturkiye.com/sit-program/master-of-business-administration-thesis-english-22/
"Master of Business Administration (Non-Thesis) (English)",https://search.studyinturkiye.com/sit-program/master-of-business-administration-non-thesis-english-21/
"Master of Banking and Finance (Thesis) (Online) (English)",https://search.studyinturkiye.com/sit-program/master-of-banking-and-finance-thesis-online-english/
"Master of Banking and Finance (Thesis) (English)",https://search.studyinturkiye.com/sit-program/master-of-banking-and-finance-thesis-english-4/
"Master of Banking and Finance (Non-Thesis) (Online) (English)",https://search.studyinturkiye.com/sit-program/master-of-banking-and-finance-non-thesis-online-english/
"Master of Banking and Finance (Non-Thesis) (Turkish)",https://search.studyinturkiye.com/sit-program/master-of-banking-and-finance-non-thesis-turkish-2/
"Master of Banking and Finance (Non-Thesis) (English)",https://search.studyinturkiye.com/sit-program/master-of-banking-and-finance-non-thesis-english-3/
"Master of Architecture (Thesis) (English)",https://search.studyinturkiye.com/sit-program/master-of-architecture-thesis-english-8/
"Master of Architecture (Non-Thesis) (English)",https://search.studyinturkiye.com/sit-program/master-of-architecture-non-thesis-english-8/
"Master of Applied Mathematics and Computer Science (Thesis) (English)",https://search.studyinturkiye.com/sit-program/master-of-applied-mathematics-and-computer-science-thesis-english/
"Bachelor of Pharmacy (B. Pharm.) (English)",https://search.studyinturkiye.com/sit-program/bachelor-of-pharmacy-b-pharm-english/
"Bachelor of Mechanical Engineering (Joint with University of Gazi/Turkey) (English)",https://search.studyinturkiye.com/sit-program/bachelor-of-mechanical-engineering-joint-with-university-of-gazi-turkey-english/
"Bachelor of Medicine (Joint with IUMS/Iran) (English)",https://search.studyinturkiye.com/sit-program/bachelor-of-medicine-joint-with-iums-iran-english/
"Bachelor of Dentistry (Joint with University of Health Sciences/Turkey) (English)",https://search.studyinturkiye.com/sit-program/bachelor-of-dentistry-joint-with-university-of-health-sciences-turkey-english/
"Bachelor of Pharmacy (Pharm.D.) with Kerman University (English)",https://search.studyinturkiye.com/sit-program/bachelor-of-pharmacy-pharm-d-with-kerman-university-english/
"Bachelor of Dental Medicine (Doctor Degree) (English)",https://search.studyinturkiye.com/sit-program/bachelor-of-dental-medicine-doctor-degree-english/
"Bachelor of Pharmacy (D. Pharm.) (English)",https://search.studyinturkiye.com/sit-program/bachelor-of-pharmacy-d-pharm-english-2/
"Bachelor of Visual Communication Design (English)",https://search.studyinturkiye.com/sit-program/bachelor-of-visual-communication-design-english-6/
"Bachelor ofTurkish Language Teaching (English)",https://search.studyinturkiye.com/sit-program/bachelor-ofturkish-language-teaching-english/
"Bachelor ofTurkish Language and Literature Teaching (Turkish)",https://search.studyinturkiye.com/sit-program/bachelor-ofturkish-language-and-literature-teaching-turkish-2/
"Bachelor of Turkish Language and Literature (Turkish)",https://search.studyinturkiye.com/sit-program/bachelor-of-turkish-language-and-literature-turkish-10/
"Bachelor of Translation and Interpretation (English)",https://search.studyinturkiye.com/sit-program/bachelor-of-translation-and-interpretation-english-6/
"Bachelor of Tourism and Hospitality Management (English)",https://search.studyinturkiye.com/sit-program/bachelor-of-tourism-and-hospitality-management-english-2/
"Bachelor ofTeaching The Mentally Handicapped (Turkish)",https://search.studyinturkiye.com/sit-program/bachelor-ofteaching-the-mentally-handicapped-turkish/
"Bachelor of Sports Science (Turkish)",https://search.studyinturkiye.com/sit-program/bachelor-of-sports-science-turkish-2/
"Bachelor of Special Education Teaching (Turkish)",https://search.studyinturkiye.com/sit-program/bachelor-of-special-education-teaching-turkish-7/
"Bachelor of Software Engineering (English)",https://search.studyinturkiye.com/sit-program/bachelor-of-software-engineering-english-20/
"Bachelor of Social Sciences Teacher Education (Turkish)",https://search.studyinturkiye.com/sit-program/bachelor-of-social-sciences-teacher-education-turkish/
"Bachelor of Radio, TV, and Film Studies (English)",https://search.studyinturkiye.com/sit-program/bachelor-of-radio-tv-and-film-studies-english/
"Bachelor of Radio, TV, and Film Studies (Turkish)",https://search.studyinturkiye.com/sit-program/bachelor-of-radio-tv-and-film-studies-turkish/
"Bachelor of Public Relations and Advertising (English)",https://search.studyinturkiye.com/sit-program/bachelor-of-public-relations-and-advertising-english-4/
"Bachelor of Public Relations and Advertising (Turkish)",https://search.studyinturkiye.com/sit-program/bachelor-of-public-relations-and-advertising-turkish-10/
"Bachelor of Public Administration (English)",https://search.studyinturkiye.com/sit-program/bachelor-of-public-administration-english-3/
"Bachelor of Psychology (English)",https://search.studyinturkiye.com/sit-program/bachelor-of-psychology-english-30/
"Bachelor of Psychology (Turkish)",https://search.studyinturkiye.com/sit-program/bachelor-of-psychology-turkish-19/
"Bachelor of Pre-School Teacher Education (Turkish)",https://search.studyinturkiye.com/sit-program/bachelor-of-pre-school-teacher-education-turkish/
"Bachelor of Political Science (English)",https://search.studyinturkiye.com/sit-program/bachelor-of-political-science-english-3/
"Bachelor of Physiotherapy and Rehabilitation (Turkish)",https://search.studyinturkiye.com/sit-program/bachelor-of-physiotherapy-and-rehabilitation-turkish-17/
"Bachelor of Physiotherapy and Rehabilitation (English)",https://search.studyinturkiye.com/sit-program/bachelor-of-physiotherapy-and-rehabilitation-english-17/
"Bachelor of Physics (English)",https://search.studyinturkiye.com/sit-program/bachelor-of-physics-english-5/
"Bachelor of Nutrition and Dietetics (English)",https://search.studyinturkiye.com/sit-program/bachelor-of-nutrition-and-dietetics-english-9/
"Bachelor of Nutrition and Dietetics (Turkish)",https://search.studyinturkiye.com/sit-program/bachelor-of-nutrition-and-dietetics-turkish-16/
"Bachelor of Nursing (Turkish)",https://search.studyinturkiye.com/sit-program/bachelor-of-nursing-turkish-21/
"Bachelor of Nursing (English)",https://search.studyinturkiye.com/sit-program/bachelor-of-nursing-english-20/
"Bachelor of New Media and Journalism (Turkish)",https://search.studyinturkiye.com/sit-program/bachelor-of-new-media-and-journalism-turkish-2/
"Bachelor of Music Teaching (Turkish)",https://search.studyinturkiye.com/sit-program/bachelor-of-music-teaching-turkish/
"Bachelor of Molecular Biology and Genetics (English)",https://search.studyinturkiye.com/sit-program/bachelor-of-molecular-biology-and-genetics-english-11/
"Bachelor of Medicine (English)",https://search.studyinturkiye.com/sit-program/bachelor-of-medicine-english-19/
"Bachelor of Mechatronics Engineering (English)",https://search.studyinturkiye.com/sit-program/bachelor-of-mechatronics-engineering-english-11/
"Bachelor of Mechanical Engineering (English)",https://search.studyinturkiye.com/sit-program/bachelor-of-mechanical-engineering-english-21/
"Bachelor of Mathematics Teaching for Secondary Schools (Turkish)",https://search.studyinturkiye.com/sit-program/bachelor-of-mathematics-teaching-for-secondary-schools-turkish-2/
"Bachelor of Mathematics and Computer Science (English)",https://search.studyinturkiye.com/sit-program/bachelor-of-mathematics-and-computer-science-english/
"Bachelor ofMarketing (English)",https://search.studyinturkiye.com/sit-program/bachelor-ofmarketing-english-3/
"Bachelor of Management Information Systems (English)",https://search.studyinturkiye.com/sit-program/bachelor-of-management-information-systems-english-12/
"Bachelor of Management Engineering (English)",https://search.studyinturkiye.com/sit-program/bachelor-of-management-engineering-english-2/
"Bachelor of Law (Turkish)",https://search.studyinturkiye.com/sit-program/bachelor-of-law-turkish-18/
"Bachelor of International Trade and Business (English)",https://search.studyinturkiye.com/sit-program/bachelor-of-international-trade-and-business-english-5/
"Bachelor of International Relations (English)",https://search.studyinturkiye.com/sit-program/bachelor-of-international-relations-english-17/
"Bachelor of International Finance (English)",https://search.studyinturkiye.com/sit-program/bachelor-of-international-finance-english-5/
"Bachelor of Interior Architecture (Turkish)",https://search.studyinturkiye.com/sit-program/bachelor-of-interior-architecture-turkish-10/
"Bachelor of Interior Architecture (English)",https://search.studyinturkiye.com/sit-program/bachelor-of-interior-architecture-english-6/
"Bachelor of Information Technology (English)",https://search.studyinturkiye.com/sit-program/bachelor-of-information-technology-english-6/
"Bachelor of Information Systems Engineering (English)",https://search.studyinturkiye.com/sit-program/bachelor-of-information-systems-engineering-english-3/
"Bachelor ofIndustrial Engineering (English)",https://search.studyinturkiye.com/sit-program/bachelor-ofindustrial-engineering-english-2/
"Bachelor ofHuman Resources Management (English)",https://search.studyinturkiye.com/sit-program/bachelor-ofhuman-resources-management-english-3/
"Bachelor of Healthcare Management (Turkish)",https://search.studyinturkiye.com/sit-program/bachelor-of-healthcare-management-turkish-8/
"Bachelor of Guidance and Psychological Counseling (English)",https://search.studyinturkiye.com/sit-program/bachelor-of-guidance-and-psychological-counseling-english-3/
"Bachelor of Guidance and Psychological Counseling (Turkish)",https://search.studyinturkiye.com/sit-program/bachelor-of-guidance-and-psychological-counseling-turkish-5/
"Bachelor of Gastronomy and Culinary Arts (Turkish)",https://search.studyinturkiye.com/sit-program/bachelor-of-gastronomy-and-culinary-arts-turkish-14/
"Bachelor of European Studies (English)",https://search.studyinturkiye.com/sit-program/bachelor-of-european-studies-english/
"Bachelor of English Language Teaching (English)",https://search.studyinturkiye.com/sit-program/bachelor-of-english-language-teaching-english-7/
"Bachelor of Elementary School Mathematics Teacher (Turkish)",https://search.studyinturkiye.com/sit-program/bachelor-of-elementary-school-mathematics-teacher-turkish/
"Bachelor of Elementary School Education (Turkish)",https://search.studyinturkiye.com/sit-program/bachelor-of-elementary-school-education-turkish-2/
"Bachelor of Electronics and Communications Engineering (English)",https://search.studyinturkiye.com/sit-program/bachelor-of-electronics-and-communications-engineering-english/
"Bachelor of Electrical and Electronics Engineering (English)",https://search.studyinturkiye.com/sit-program/bachelor-of-electrical-and-electronics-engineering-english-26/
"Bachelor of Economics (English)",https://search.studyinturkiye.com/sit-program/bachelor-of-economics-english-22/
"Bachelor of Computer Engineering (Turkish)",https://search.studyinturkiye.com/sit-program/bachelor-of-computer-engineering-turkish-10/
"Bachelor of Computer Engineering (English)",https://search.studyinturkiye.com/sit-program/bachelor-of-computer-engineering-english-31/
"Bachelor of Computer Education and Instructional Technology (Turkish)",https://search.studyinturkiye.com/sit-program/bachelor-of-computer-education-and-instructional-technology-turkish/
"Bachelor of Civil Engineering (Turkish)",https://search.studyinturkiye.com/sit-program/bachelor-of-civil-engineering-turkish-8/
"Bachelor of Civil Engineering (English)",https://search.studyinturkiye.com/sit-program/bachelor-of-civil-engineering-english-23/
"Bachelor of Chemistry (English)",https://search.studyinturkiye.com/sit-program/bachelor-of-chemistry-english-6/
"Bachelor of Business Administration (English)",https://search.studyinturkiye.com/sit-program/bachelor-of-business-administration-english-32/
"Bachelor ofBusiness Administration (Turkish)",https://search.studyinturkiye.com/sit-program/bachelor-ofbusiness-administration-turkish-4/
"Bachelor of Biomedical Engineering (English)",https://search.studyinturkiye.com/sit-program/bachelor-of-biomedical-engineering-english-11/
"Bachelor of Banking and Insurance (English)",https://search.studyinturkiye.com/sit-program/bachelor-of-banking-and-insurance-english/
"Bachelor of Banking and Finance (English)",https://search.studyinturkiye.com/sit-program/bachelor-of-banking-and-finance-english-6/
"Bachelor of Architecture (English)",https://search.studyinturkiye.com/sit-program/bachelor-of-architecture-english-26/
"Bachelor of Animation and Game Design (English)",https://search.studyinturkiye.com/sit-program/bachelor-of-animation-and-game-design-english/
"Bachelor of Actuarial Science (English)",https://search.studyinturkiye.com/sit-program/bachelor-of-actuarial-science-english/
"Master of Global MBA (Thesis) (Online) (English)",https://search.studyinturkiye.com/sit-program/master-of-global-mba-thesis-online-english/
"Master of Global MBA (Non-Thesis) (Online) (English)",https://search.studyinturkiye.com/sit-program/master-of-global-mba-non-thesis-online-english-2/
"Bachelor of International Economics (English)",https://search.studyinturkiye.com/sit-program/bachelor-of-international-economics-english-2/
"Uskudar University ( South Campus)",https://search.studyinturkiye.com/sit-campus/uskudar-university-south-campus/
"Istanbul Gedik University ( Kartal Campus)",https://search.studyinturkiye.com/sit-campus/istanbul-gedik-university-kartal-campus/
"Istanbul Okan University (Mecidiyekoy Campus)",https://search.studyinturkiye.com/sit-campus/istanbul-okan-university-mecidiyekoy-campus/
"Istanbul Okan University ( Tuzla Campus)",https://search.studyinturkiye.com/sit-campus/istanbul-okan-university-tuzla-campus/
"TED University ( Serkan Karaca)",https://search.studyinturkiye.com/sit-campus/ted-university-serkan-karaca/
"Istanbul Gelisim University",https://search.studyinturkiye.com/sit-campus/istanbul-gelisim-university/
"Ozyegin University (Çekmeköy Campus)",https://search.studyinturkiye.com/sit-campus/ozyegin-university-cekmekoy-campus/
"Antalya Bilim University ( PERGE CAMPUS)",https://search.studyinturkiye.com/sit-campus/antalya-bilim-university-perge-campus/
"Antalya Bilim University (GULLUK CAMPUS)",https://search.studyinturkiye.com/sit-campus/antalya-bilim-university-gulluk-campus/
"Antalya Bilim University (MARKANTALYA CAMPUS)",https://search.studyinturkiye.com/sit-campus/antalya-bilim-university-markantalya-campus/
"Fenerbahce University ( Ataşehir Campus)",https://search.studyinturkiye.com/sit-campus/fenerbahce-university-atasehir-campus/
"Uskudar University ( NP Health Campus)",https://search.studyinturkiye.com/sit-campus/uskudar-university-np-health-campus/
"Uskudar University (Faculty of Medicine NP Campus)",https://search.studyinturkiye.com/sit-campus/uskudar-university-faculty-of-medicine-np-campus/
"Uskudar University ( Altunizade Campus)",https://search.studyinturkiye.com/sit-campus/uskudar-university-altunizade-campus/
"Uskudar University ( Çarşı Campus)",https://search.studyinturkiye.com/sit-campus/uskudar-university-carsi-campus/
"Istinye University ( Istinye University Gaziosmanpaşa Hospital Campus)",https://search.studyinturkiye.com/sit-campus/istinye-university-istinye-university-gaziosmanpasa-hospital-campus/
"Istinye University (Istinye University Bahçeşehir Hospital Campus)",https://search.studyinturkiye.com/sit-campus/istinye-university-istinye-university-bahcesehir-hospital-campus/
"Istinye University ( FLED Hall)",https://search.studyinturkiye.com/sit-campus/istinye-university-fled-hall/
"Istinye University (Topkapı Campus)",https://search.studyinturkiye.com/sit-campus/istinye-university-topkapi-campus/
"Istinye University ( Vadi Campus)",https://search.studyinturkiye.com/sit-campus/istinye-university-vadi-campus/
"Istanbul Ticaret University (Küçükyalı Campus)",https://search.studyinturkiye.com/sit-campus/istanbul-ticaret-university-kucukyali-campus/
"Istanbul Ticaret University (Sütlüce Campus)",https://search.studyinturkiye.com/sit-campus/istanbul-ticaret-university-sutluce-campus/
"Istanbul Kultur University ( KÜÇÜKÇEKMECE CAMPUS)",https://search.studyinturkiye.com/sit-campus/istanbul-kultur-university-kucukcekmece-campus/
"Istanbul Kultur University ( BAKIRKÖY CAMPUS)",https://search.studyinturkiye.com/sit-campus/istanbul-kultur-university-bakirkoy-campus/
"Istanbul Kultur University( BAHÇELIEVLER CAMPUS)",https://search.studyinturkiye.com/sit-campus/istanbul-kultur-university-bahcelievler-campus/
"Istanbul Kent University (Kağıthane Campus(",https://search.studyinturkiye.com/sit-campus/istanbul-kent-university-kagithane-campus/
"Istanbul Kent University ( Taksim Campus)",https://search.studyinturkiye.com/sit-campus/istanbul-kent-university-taksim-campus/
"Istanbul Bilgi University ( santralistanbul Campus)",https://search.studyinturkiye.com/sit-campus/istanbul-bilgi-university-santralistanbul-campus/
"Istanbul Bilgi University (Dolapdere Campus)",https://search.studyinturkiye.com/sit-campus/istanbul-bilgi-university-dolapdere-campus/
"Istanbul Bilgi University (Kuştepe Campus)",https://search.studyinturkiye.com/sit-campus/istanbul-bilgi-university-kustepe-campus/
"Isik University (Maslak Campus)",https://search.studyinturkiye.com/sit-campus/isik-university-maslak-campus/
"Isik University (Şile Campus)",https://search.studyinturkiye.com/sit-campus/isik-university-sile-campus/
"Beykoz Univeristy (School of Foreign Languages Campus))",https://search.studyinturkiye.com/sit-campus/beykoz-univeristy-school-of-foreign-languages-campus/
"Beykoz Univeristy (Bachelor&#8217;s Programs Labs and Studios)",https://search.studyinturkiye.com/sit-campus/beykoz-univeristy-bachelors-programs-labs-and-studios/
"Beykoz Univeristy (Bachelor Programs Campus)",https://search.studyinturkiye.com/sit-campus/beykoz-univeristy-bachelor-programs-campus/
"Beykoz Univeristy (Kavacık Campus)",https://search.studyinturkiye.com/sit-campus/beykoz-univeristy-kavacik-campus/
"Beykoz Univeristy (Rectorate Campus)",https://search.studyinturkiye.com/sit-campus/beykoz-univeristy-rectorate-campus/
"Beykent univeristy (Taksim Campus)",https://search.studyinturkiye.com/sit-campus/beykent-univeristy-taksim-campus/
"Beykent univeristy (Hadımkoy Campus)",https://search.studyinturkiye.com/sit-campus/beykent-univeristy-hadimkoy-campus/
"Beykent univeristy (Beylikduzu Campus)",https://search.studyinturkiye.com/sit-campus/beykent-univeristy-beylikduzu-campus/
"Beykent univeristy (Ayazaga-Maslak Campus)",https://search.studyinturkiye.com/sit-campus/beykent-univeristy-ayazaga-maslak-campus/
"BAU Istanbul University (Pera Campus)",https://search.studyinturkiye.com/sit-campus/bau-istanbul-university-pera-campus/
"BAU Istanbul University (Beşiktaş Balmumcu Campus)",https://search.studyinturkiye.com/sit-campus/bau-istanbul-university-besiktas-balmumcu-campus/
"BAU Istanbul University (Beşiktaş North Campus)",https://search.studyinturkiye.com/sit-campus/bau-istanbul-university-besiktas-north-campus/
"BAU Istanbul University (Galata Campus)",https://search.studyinturkiye.com/sit-campus/bau-istanbul-university-galata-campus/
"BAU Istanbul University (Göztepe Campus)",https://search.studyinturkiye.com/sit-campus/bau-istanbul-university-goztepe-campus/
"BAU Istanbul University (Beşiktaş South Campus)",https://search.studyinturkiye.com/sit-campus/bau-istanbul-university-besiktas-south-campus/
"BAU Istanbul University (Future (Kemerburgaz) Campus)",https://search.studyinturkiye.com/sit-campus/bau-istanbul-university-future-kemerburgaz-campus/
"Istanbul Aydin univeristy ( Çamlık Campus)",https://search.studyinturkiye.com/sit-campus/istanbul-aydin-univeristy-camlik-campus/
"Istanbul Aydin univeristy (Pendik Campus)",https://search.studyinturkiye.com/sit-campus/istanbul-aydin-univeristy-pendik-campus/
"Istanbul Aydin univeristy ( Aydınlı Campus)",https://search.studyinturkiye.com/sit-campus/istanbul-aydin-univeristy-aydinli-campus/
"Altinbas University (Gayrettepe Campus)",https://search.studyinturkiye.com/sit-campus/altinbas-university-gayrettepe-campus/
"Altinbas University (Bakırköy Campus)",https://search.studyinturkiye.com/sit-campus/altinbas-university-bakirkoy-campus/
"Altinbas University (Mahmutbey Campus)",https://search.studyinturkiye.com/sit-campus/altinbas-university-mahmutbey-campus/
"Istanbul Medipol University (Haliç Campus)",https://search.studyinturkiye.com/sit-campus/istanbul-medipol-university-halic-campus/
"Istanbul Medipol University (Kavacık South Campus)",https://search.studyinturkiye.com/sit-campus/istanbul-medipol-university-kavacik-south-campus/
"Istanbul Medipol University (Kavacık North Campus)",https://search.studyinturkiye.com/sit-campus/istanbul-medipol-university-kavacik-north-campus/
"Master of Molecular Biology and Genetics (Thesis) (English)",https://search.studyinturkiye.com/sit-program/master-of-molecular-biology-and-genetics-thesis-english-2/
"Master Of Cognitive Rehabilitation (Non-Thesis) (Turkish)",https://search.studyinturkiye.com/sit-program/master-of-cognitive-rehabilitation-non-thesis-turkish/
"Master of NeuroScience (Thesis) (Turkish)",https://search.studyinturkiye.com/sit-program/master-of-neuroscience-thesis-turkish-4/
"Master of NeuroScience (Non-Thesis) (Turkish)",https://search.studyinturkiye.com/sit-program/master-of-neuroscience-non-thesis-turkish-2/
"Master of Obstetrics and Gynecology Nursing (Thesis) (Turkish)",https://search.studyinturkiye.com/sit-program/master-of-obstetrics-and-gynecology-nursing-thesis-turkish-3/
"Associate of Surgical Services (Turkish)",https://search.studyinturkiye.com/sit-program/associate-of-surgical-services-turkish/
"Master of Architectural and Urban Studies ( Non -Thesis) (English)",https://search.studyinturkiye.com/sit-program/master-of-architectural-and-urban-studies-thesis-english-2/
"Master of City and Children Studies (Non-Thesis) (English)",https://search.studyinturkiye.com/sit-program/master-of-city-and-children-studies-non-thesis-english/
"Master Of computational science and engineering ( Thesis) (English)",https://search.studyinturkiye.com/sit-program/master-of-computational-science-and-engineering-thesis-english/
"Overview of Medicine Programs in Turkiye",https://search.studyinturkiye.com/medicine-program-overview/
"Dentistry Program Overview and Career Opportunities",https://search.studyinturkiye.com/dentistry-program-overview-and-career-opportunities/
"Comprehensive Guide to Medicine Program in Turkiye",https://search.studyinturkiye.com/medicine-program-in-turkiye-a-comprehensive-guide/
"Dental Program Overview: Career Paths and Curriculum Insights",https://search.studyinturkiye.com/dentistry-program-overview/
"Overview of Pharmacy Programs and Career Paths",https://search.studyinturkiye.com/pharmacy-program-overview/
"Understanding the Bachelor of Science in Nursing (BSN) Program",https://search.studyinturkiye.com/understanding-the-bachelor-of-science-in-nursing-bsn-program/
"Physiotherapy (Physical Therapy) Program Overview",https://search.studyinturkiye.com/physiotherapy-program-overview/
"Overview of Nutrition and Dietetics Programs",https://search.studyinturkiye.com/nutrition-and-dietetics-program-overview/
"Mathematics Studies: Curriculum & Future Careers",https://search.studyinturkiye.com/mathematics-studies-curriculum-future-careers/
"A Comprehensive Guide to Advertising Programs",https://search.studyinturkiye.com/a-comprehensive-guide-to-advertising-programs/
"An In-Depth Guide to Advertising Programs",https://search.studyinturkiye.com/an-in-depth-guide-to-advertising-programs/
"Finance Studies: Your Complete Guide",https://search.studyinturkiye.com/finance-studies-complete-guide/
"Journalism Programs: A Comprehensive Overview",https://search.studyinturkiye.com/journalism-programs-comprehensive-overview/
"Special Education Degrees: Curriculum & Career Prospects",https://search.studyinturkiye.com/special-education-degrees-curriculum-career-prospects/
"Overview of Political Science Degrees",https://search.studyinturkiye.com/overview-of-political-science-degrees/
"Culinary Arts Programs: What to Expect",https://search.studyinturkiye.com/culinary-arts-programs-what-to-expect/
"Explore Chemistry Programs: Courses & Career Paths",https://search.studyinturkiye.com/chemistry-programs-courses-career-opportunities/
"Special Education Programs: Your Complete Guide",https://search.studyinturkiye.com/special-education-programs-your-complete-guide/
"The Ultimate Guide to Digital Marketing Academic Programs",https://search.studyinturkiye.com/ultimate-guide-digital-marketing-programs/
"An In-Depth Guide to Advertising Programs",https://search.studyinturkiye.com/an-in-depth-guide-to-advertising-programs-2/
"Exploring the Political Science Degree: A Comprehensive Guide",https://search.studyinturkiye.com/exploring-the-political-science-degree-a-comprehensive-guide/
"Culinary Arts Programs: What to Expect",https://search.studyinturkiye.com/culinary-arts-programs-what-to-expect-2/
"Explore Chemistry Programs and Career Opportunities",https://search.studyinturkiye.com/overview-of-chemistry-programs/
"Special Education Programs: Your Complete Guide",https://search.studyinturkiye.com/special-education-programs-complete-guide/
"The Ultimate Guide to Digital Marketing Academic Programs",https://search.studyinturkiye.com/ultimate-guide-digital-marketing-academic-programs/
"An In-Depth Look at Sociology Degrees",https://search.studyinturkiye.com/an-in-depth-look-at-sociology-degrees/
"Biology Programs: What to Expect",https://search.studyinturkiye.com/biology-programs-what-to-expect/
"Computer Science Programs: A Complete Guide",https://search.studyinturkiye.com/computer-science-programs-complete-guide/
"Nursing Studies: Courses & Career Paths",https://search.studyinturkiye.com/nursing-studies-courses-career-paths/
"Pharmacy Programs: Your Ultimate Guide",https://search.studyinturkiye.com/pharmacy-programs-your-ultimate-guide/
"Complete Guide to TESOL Programs: Empower Your Teaching Career",https://search.studyinturkiye.com/tesol-programs-your-complete-guide/
"Discover Cybersecurity Degree Programs: Skills & Careers",https://search.studyinturkiye.com/overview-of-cybersecurity-degree-programs/
"Artificial Intelligence Studies: Courses & Career Prospects",https://search.studyinturkiye.com/artificial-intelligence-studies-courses-career-prospects/
"A Comprehensive Guide to Accounting Programs",https://search.studyinturkiye.com/comprehensive-guide-accounting-programs/
"Artificial Intelligence Programs: Curriculum & Careers",https://search.studyinturkiye.com/artificial-intelligence-programs-curriculum-careers/
"Hotel Management Studies: Your Complete Guide",https://search.studyinturkiye.com/hotel-management-studies-complete-guide/
"Explore Top Tourism Degree Programs and Career Opportunities",https://search.studyinturkiye.com/overview-of-tourism-degrees/
"Explore Travel & Tourism Management Programs",https://search.studyinturkiye.com/overview-of-travel-tourism-management-programs/
"Digital Marketing Studies: Your Complete Guide",https://search.studyinturkiye.com/digital-marketing-studies-your-complete-guide/
"Aerospace Engineering Studies: Building Your Future",https://search.studyinturkiye.com/aerospace-engineering-studies-building-your-future/
"Civil Engineering Programs: A Complete Guide",https://search.studyinturkiye.com/civil-engineering-programs-a-complete-guide/
"Overview of International Business Programs",https://search.studyinturkiye.com/overview-of-international-business-programs/
"Graphic Design Degrees: An In-Depth Guide",https://search.studyinturkiye.com/graphic-design-degrees-an-in-depth-guide/
"Accounting Degrees: What to Expect",https://search.studyinturkiye.com/accounting-degrees-what-to-expect/
"Educational Leadership Degrees: Overview and Curriculum",https://search.studyinturkiye.com/educational-leadership-degrees-overview-and-curriculum/
"Exploring Undergraduate History Programs: A Comprehensive Guide",https://search.studyinturkiye.com/overview-of-history-programs/
"Master of Management for Professionals ( Non -Thesis) (Turkish)",https://search.studyinturkiye.com/sit-program/master-of-management-for-professionals-non-thesis-turkish/
"Comprehensive Guide to Nursing Degrees",https://search.studyinturkiye.com/comprehensive-guide-to-nursing-degrees/
"Explore Finance Programs: Curriculum & Career Paths",https://search.studyinturkiye.com/finance-programs-curriculum-career-paths/
"Pharmacy Degrees: Curriculum & Careers Explained",https://search.studyinturkiye.com/pharmacy-degrees-curriculum-careers-explained/
"Journalism Studies: Your Comprehensive Guide",https://search.studyinturkiye.com/journalism-studies-your-complete-guide/
"Mathematics Programs: What to Expect",https://search.studyinturkiye.com/mathematics-programs-what-to-expect/
"Auto Draft",https://search.studyinturkiye.com/?p=57201
"Medicine Programs: Your Ultimate Guide",https://search.studyinturkiye.com/medicine-programs-your-ultimate-guide/
"Essential Insights on Education Degrees and Career Pathways",https://search.studyinturkiye.com/everything-you-need-to-know-about-education-degrees-curriculum-job-opportunities/
"Explore Physics Studies: Curriculum and Career Opportunities",https://search.studyinturkiye.com/physics-studies-curriculum-future-careers/
"Early Childhood Education Degrees: Curriculum & Career Prospects",https://search.studyinturkiye.com/early-childhood-education-degrees-curriculum-career-prospects/
"Fine Arts Degrees: Your Complete Guide",https://search.studyinturkiye.com/fine-arts-degrees-your-complete-guide/
"Explore Interior Design Programs, Curriculum, and Job Prospects",https://search.studyinturkiye.com/interior-design-programs-curriculum-job-prospects/
"Electrical Engineering Degrees: Courses & Careers",https://search.studyinturkiye.com/electrical-engineering-degrees-courses-careers/
"A Comprehensive Guide to Artificial Intelligence Degrees",https://search.studyinturkiye.com/a-comprehensive-guide-to-artificial-intelligence-degrees/
"Physics Programs: What to Expect",https://search.studyinturkiye.com/physics-programs-what-to-expect/
"Bachelor of Pharmacy (Turkish)",https://search.studyinturkiye.com/sit-program/bachelor-of-pharmacy-turkish-10/
,https://search.studyinturkiye.com/?post_type=sit-program&#038;p=57233
"Auto Draft",https://search.studyinturkiye.com/?post_type=sit-university&#038;p=57234
"Bachelor of Civil Engineering (Turkish)",https://search.studyinturkiye.com/sit-program/bachelor-of-civil-engineering-turkish-9/
"Bachelor of Civil Engineering (English)",https://search.studyinturkiye.com/sit-program/bachelor-of-civil-engineering-english-24/
"What to Expect in History Programs",https://search.studyinturkiye.com/what-to-expect-in-history-programs/
"Exploring Culinary Arts Degrees: A Comprehensive Guide",https://search.studyinturkiye.com/overview-of-culinary-arts-degrees/
"Overview of Psychology Degrees: Everything You Need to Know",https://search.studyinturkiye.com/overview-of-psychology-degrees-everything-you-need-to-know/
"Explore Media Communications Degrees: Careers and Curriculum",https://search.studyinturkiye.com/overview-of-media-communications-degrees/
"Explore Dentistry Programs: Curriculum and Career Paths",https://search.studyinturkiye.com/dentistry-programs-curriculum-insights-careers/
"A Comprehensive Guide to Tourism Programs",https://search.studyinturkiye.com/a-comprehensive-guide-to-tourism-programs/
"Special Education Degrees: Curriculum & Job Opportunities",https://search.studyinturkiye.com/special-education-degrees-curriculum-job-opportunities/
"Overview of Animation Programs",https://search.studyinturkiye.com/overview-of-animation-programs/
"Cloud Computing Degrees: Comprehensive Guide & Careers",https://search.studyinturkiye.com/cloud-computing-degrees-comprehensive-guide-careers/
"Nursing Programs: Curriculum Insights & Careers",https://search.studyinturkiye.com/nursing-programs-curriculum-insights-careers/
"Cloud Computing Programs: Curriculum and Career Outlook",https://search.studyinturkiye.com/cloud-computing-programs-curriculum-careers/
"Game Development Programs: Curriculum & Careers",https://search.studyinturkiye.com/game-development-programs-curriculum-careers/
"Comprehensive Guide to Accounting Programs",https://search.studyinturkiye.com/overview-of-accounting-programs/
"Overview of Cybersecurity Programs",https://search.studyinturkiye.com/overview-of-cybersecurity-programs/
"Overview of Psychology Degrees: Everything You Need to Know",https://search.studyinturkiye.com/overview-of-psychology-degrees/
"Interior Design Studies: What You Need to Know",https://search.studyinturkiye.com/interior-design-studies-what-you-need-to-know/
"Explore Comprehensive Animation Programs",https://search.studyinturkiye.com/overview-of-animation-programs-2/
"Explore Pharmacy Studies: Degrees, Careers, and Challenges",https://search.studyinturkiye.com/overview-of-pharmacy-studies-programs/
"Fashion Design Programs: Curriculum Insights & Careers",https://search.studyinturkiye.com/fashion-design-programs-curriculum-insights-careers/
"Exploring Fine Arts Programs: Education and Career Paths",https://search.studyinturkiye.com/overview-of-fine-arts-programs/
"Nursing Programs: Your Ultimate Guide",https://search.studyinturkiye.com/nursing-programs-your-ultimate-guide/
"Political Science Studies: Your Ultimate Guide",https://search.studyinturkiye.com/political-science-studies-your-ultimate-guide/
"Pharmacy Degrees: Curriculum & Future Prospects",https://search.studyinturkiye.com/pharmacy-degrees-curriculum-future-prospects/
"Overview of Pharmacy Programs and Careers",https://search.studyinturkiye.com/overview-of-pharmacy-programs/
"A Comprehensive Guide to Dentistry Programs",https://search.studyinturkiye.com/comprehensive-guide-to-dentistry-programs/
"Overview of Mechanical Engineering Studies",https://search.studyinturkiye.com/overview-of-mechanical-engineering-studies/
"Comprehensive Guide to Entrepreneurship Degrees",https://search.studyinturkiye.com/comprehensive-guide-to-entrepreneurship-degrees/
"Game Development Degrees: Curriculum Overview",https://search.studyinturkiye.com/game-development-degrees-curriculum-explained/
"Overview of Psychology Programs: What to Expect",https://search.studyinturkiye.com/overview-of-psychology-programs/
"Animation Degrees: Your Complete Guide",https://search.studyinturkiye.com/animation-degrees-your-complete-guide/
"An In-Depth Guide to Environmental Science Programs",https://search.studyinturkiye.com/an-in-depth-guide-to-environmental-science-programs/
"Chemistry Degrees: Your Comprehensive Guide and Career Options",https://search.studyinturkiye.com/chemistry-degrees-comprehensive-guide-careers/
"Database Administration Degrees: Curriculum Overview",https://search.studyinturkiye.com/database-administration-degrees-curriculum-explained/
"Hotel Management Degrees: Curriculum & Career Paths",https://search.studyinturkiye.com/hotel-management-degrees-curriculum-careers/
"Electrical Engineering Studies: Building Your Future",https://search.studyinturkiye.com/electrical-engineering-studies-building-your-future/
"Explore International Business Degrees: Curriculum & Career Paths",https://search.studyinturkiye.com/overview-of-international-business-degrees/
"Dentistry Programs: Your Ultimate Guide",https://search.studyinturkiye.com/dentistry-programs-your-ultimate-guide/
"A Comprehensive Guide to Cybersecurity Studies",https://search.studyinturkiye.com/a-comprehensive-guide-to-cybersecurity-studies/
"Educational Leadership Degrees: Curriculum & Careers",https://search.studyinturkiye.com/educational-leadership-degrees-curriculum-careers-specializations/
"Overview of Public Relations Degrees",https://search.studyinturkiye.com/overview-of-public-relations-degrees/
"Comprehensive Guide to Database Administration Programs",https://search.studyinturkiye.com/comprehensive-guide-to-database-administration-programs/
"Physics Degrees: Curriculum, Careers & More",https://search.studyinturkiye.com/physics-degrees-curriculum-careers-more/
"The Ultimate Guide to Finance Education",https://search.studyinturkiye.com/the-ultimate-guide-to-finance/
"Public Health Programs: Your Ultimate Guide",https://search.studyinturkiye.com/public-health-programs-your-ultimate-guide/
"Comprehensive Guide to Electrical Engineering Degree Programs",https://search.studyinturkiye.com/comprehensive-guide-to-electrical-engineering-degree-programs/
"Overview of Educational Leadership Degrees",https://search.studyinturkiye.com/overview-of-educational-leadership-degrees/
"Understanding Academic Programs in Education: Courses and Careers",https://search.studyinturkiye.com/understanding-academic-programs-in-education-courses-and-careers/
"Explore Cloud Computing Degrees and Careers",https://search.studyinturkiye.com/overview-of-cloud-computing-degrees/
"Overview of Cybersecurity Degrees",https://search.studyinturkiye.com/overview-of-cybersecurity-degrees/
"Exploring Computer Science Degrees: What You Need to Know",https://search.studyinturkiye.com/exploring-computer-science-degrees-what-you-need-to-know/
"Explore Culinary Arts Programs: Courses & Career Paths",https://search.studyinturkiye.com/culinary-arts-programs-courses-career-paths/
"Medicine Programs: Curriculum Insights & Careers",https://search.studyinturkiye.com/medicine-programs-curriculum-insights-careers/
"Early Childhood Education Programs: Your Complete Guide",https://search.studyinturkiye.com/early-childhood-education-programs-guide/
"Nursing Degrees: Curriculum & Careers Explained",https://search.studyinturkiye.com/nursing-degrees-curriculum-careers-explained/
"Journalism Degrees: Curriculum Insights & Careers",https://search.studyinturkiye.com/journalism-degrees-curriculum-insights-careers/
"Broadcast Media Programs: Comprehensive Overview",https://search.studyinturkiye.com/broadcast-media-programs-comprehensive-overview/
"Database Administration Studies: Courses & Career Prospects",https://search.studyinturkiye.com/database-administration-studies-courses-career-prospects/
"What to Expect from Digital Marketing Degrees",https://search.studyinturkiye.com/digital-marketing-degrees-what-to-expect/
"Hotel Management Programs: Courses & Career Paths",https://search.studyinturkiye.com/hotel-management-programs-courses-career-paths/
"A Comprehensive Guide to Environmental Science Studies",https://search.studyinturkiye.com/comprehensive-guide-environmental-science-studies/
"Electrical Engineering Programs: Curriculum & Careers",https://search.studyinturkiye.com/electrical-engineering-programs-curriculum-careers/
"Comprehensive Guide to Media Communications Programs",https://search.studyinturkiye.com/comprehensive-guide-to-media-communications-programs/
"Overview of TESOL Programs",https://search.studyinturkiye.com/overview-of-tesol-programs/
"Explore Your Future in Accounting Studies",https://search.studyinturkiye.com/overview-of-accounting-studies-programs/
"Explore Digital Marketing Programs: Skills, Careers, and Certifications",https://search.studyinturkiye.com/overview-of-digital-marketing-programs/
"Advertising Programs: Comprehensive Overview",https://search.studyinturkiye.com/advertising-programs-comprehensive-overview/
"Journalism Degrees: Curriculum, Careers & More",https://search.studyinturkiye.com/journalism-degrees-curriculum-careers-more/
"Exploring Philosophy Degrees: Curriculums and Career Paths",https://search.studyinturkiye.com/philosophy-degrees-curriculum-specializations-careers/
"Aerospace Engineering Programs: A Complete Guide",https://search.studyinturkiye.com/aerospace-engineering-programs-complete-guide/
"Cloud Computing Programs: Curriculum & Career Opportunities",https://search.studyinturkiye.com/cloud-computing-programs-curriculum-career-opportunities/
"Education Degrees: Curriculum and Career Prospects",https://search.studyinturkiye.com/education-degrees-curriculum-and-career-prospects/
"An In-Depth Guide to Civil Engineering Programs",https://search.studyinturkiye.com/in-depth-guide-to-civil-engineering-programs/
"Hotel Management Degrees: Curriculum Insights",https://search.studyinturkiye.com/hotel-management-degrees-curriculum-insights/
"Explore Animation Degree Programs: Creativity Meets Technology",https://search.studyinturkiye.com/overview-of-animation-degree-programs/
"Overview of Public Health Studies Programs",https://search.studyinturkiye.com/overview-of-public-health-studies-programs/
"Broadcast Media Studies: Your Complete Guide",https://search.studyinturkiye.com/broadcast-media-studies-complete-guide/
"Explore Cloud Computing Studies Programs: Opportunities & Careers",https://search.studyinturkiye.com/overview-of-cloud-computing-studies-programs/
"Explore Game Development Studies: Courses & Career Paths",https://search.studyinturkiye.com/game-development-studies-courses-career-prospects/
"History Degrees: Curriculum, Specializations & Careers",https://search.studyinturkiye.com/history-degrees-curriculum-specializations-careers/
"Your Complete Guide to Educational Leadership Programs",https://search.studyinturkiye.com/educational-leadership-programs-guide/
"Mechanical Engineering Programs: A Comprehensive Overview",https://search.studyinturkiye.com/mechanical-engineering-programs-a-complete-guide/
"Overview of Media Communications Degrees",https://search.studyinturkiye.com/overview-of-media-communications-degrees-2/
"Digital Marketing Degrees Explained: Your Path to Success",https://search.studyinturkiye.com/digital-marketing-degrees-explained/
"Exploring Event Management Programs and Career Opportunities",https://search.studyinturkiye.com/event-management-programs-courses-career-paths/
"Travel & Tourism Management Degrees: A Complete Guide",https://search.studyinturkiye.com/travel-tourism-management-degrees-guide/
"Physics Degrees: Comprehensive Guide & Careers",https://search.studyinturkiye.com/physics-degrees-comprehensive-guide-careers/
"PhD in Preservation Of Cultural Heritage (Turkish)",https://search.studyinturkiye.com/sit-program/phd-in-preservation-of-cultural-heritage-turkish/
"PhD in Computational Science and Engineering (English)",https://search.studyinturkiye.com/sit-program/phd-in-computational-science-and-engineering-english/
"Event Management Studies: Your Complete Guide",https://search.studyinturkiye.com/event-management-studies-guide/
"A Comprehensive Guide to Chemistry Degrees",https://search.studyinturkiye.com/a-comprehensive-guide-to-chemistry-degrees/
